﻿id_indicador,nombre,año,notas
6200001599,Regidores,2008,"Esta Entidad cuenta con 1 gobierno municipal que al momento de la aplicación del cuestionario, no proporciono información para esta sección de la Encuesta."
6200001603,Síndicos,2008,"Esta Entidad cuenta con 16 gobiernos delegacionales que al momento de la aplicación del cuestionario, No les aplicó el tema."
6200001617,Instituciones de las administraciones públicas municipales,2008,"Esta Entidad cuenta con 6 gobiernos municipales que al momento de la aplicación del cuestionario, no tuvieron datos o elementos para responder sobre este tema y 2 que no proporcionaron información para esta sección de la Encuesta."
6200001618,Instituciones de las administraciones públicas municipales consideradas en la administración central,2008,"De los 2 440 municipios y 16 delegaciones del Distrito Federal que conforman el territorio nacional, 14 no tuvieron elementos para responder sobre este tema; 60 no proporcionaron información para esta sección; el total corresponde a la suma de las cifras proporcionadas por los gobiernos municipales o delegacionales del Distrito Federal que contaron con datos o elementos para responder sobre el tema."
6200001619,Instituciones de las administraciones públicas municipales consideradas en la administración paramunicipal,2008,"De los 2 440 municipios y 16 delegaciones del Distrito Federal que conforman el territorio nacional, 14 no tuvieron elementos para responder sobre este tema; 60 no proporcionaron información para esta sección; el total corresponde a la suma de las cifras proporcionadas por los gobiernos municipales o delegacionales del Distrito Federal que contaron con datos o elementos para responder sobre el tema."
6200001661,Intervenciones registradas por la policía municipal,2008,"Esta Entidad cuenta con 1 gobierno municipal que al momento de la aplicación del cuestionario, no tuvo datos o elementos para responder sobre este tema."
6200001666,Personal destinado a funciones de seguridad pública municipal,2014,El total corresponde a la suma de las cifras proporcionadas por los gobiernos municipales o delegacionales que contaron con datos o elementos para responder sobre el tema.
6200001666,Personal destinado a funciones de seguridad pública municipal,2008,"De los 2 440 municipios y 16 delegaciones del Distrito Federal que conforman el territorio nacional, 42 no tuvieron elementos para responder sobre este tema; 49 no proporcionaron información para esta sección; 16 No les aplicó el tema; el total corresponde a la suma de las cifras proporcionadas por los gobiernos municipales o delegacionales del Distrito Federal que contaron con datos o elementos para responder sobre el tema."
6200001667,Personal destinado a funciones de seguridad pública municipal (hombre),2008,"Esta Entidad cuenta con 9 gobiernos municipales que al momento de la aplicación del cuestionario, no tuvieron datos o elementos para responder sobre este tema y 2 que no proporcionaron información para esta sección de la Encuesta."
6200001668,Personal destinado a funciones de seguridad pública municipal (mujer),2008,"Esta Entidad cuenta con 1 gobierno municipal que al momento de la aplicación del cuestionario, no tuvo datos o elementos para responder sobre este tema."
6200001685,Personal destinado a funciones de justicia municipal,2014,El total corresponde a la suma de las cifras proporcionadas por los gobiernos municipales o delegacionales que contaron con datos o elementos para responder sobre el tema.
6200001685,Personal destinado a funciones de justicia municipal,2008,"Esta Entidad cuenta con 1 gobierno municipal que al momento de la aplicación del cuestionario, no tuvo datos o elementos para responder sobre este tema."
6200001686,Personal destinado a funciones de justicia municipal (hombre),2008,"Esta Entidad cuenta con 1 gobierno municipal que al momento de la aplicación del cuestionario, no tuvo datos o elementos para responder sobre este tema."
6200001687,Personal destinado a funciones de justicia municipal (mujer),2008,"Esta Entidad cuenta con 2 gobiernos municipales que al momento de la aplicación del cuestionario, no tuvieron datos o elementos para responder sobre este tema."
6200001689,Celdas para ejecutar arrestos dictados por el juez cívico u oficial calificador,2008,"Esta Entidad cuenta con 1 gobierno municipal que al momento de la aplicación del cuestionario, no tuvo datos o elementos para responder sobre este tema."
6200001691,Celdas para ejecutar arrestos dictados por el juez cívico u oficial calificador ( superficie en metros cuadrados),2008,"Esta Entidad cuenta con 33 gobiernos municipales que al momento de la aplicación del cuestionario, no tuvieron datos o elementos para responder sobre este tema y 45 que no proporcionaron información para esta sección de la Encuesta."
6200001693,Personal destinado a funciones de justicia municipal (jueces cívicos u oficiales calificadores),2008,"Esta Entidad cuenta con 43 gobiernos municipales que al momento de la aplicación del cuestionario, no tuvieron datos o elementos para responder sobre este tema y 45 que no proporcionaron información para esta sección de la Encuesta."
6200001694,Personal destinado a funciones de justicia municipal (personal administrativo de apoyo),2008,"Esta Entidad cuenta con 1 gobierno municipal que al momento de la aplicación del cuestionario, no tuvo datos o elementos para responder sobre este tema."
6200001695,Personal destinado a funciones de justicia municipal (personal médico),2008,"Esta Entidad cuenta con 1 gobierno municipal que al momento de la aplicación del cuestionario, no tuvo datos o elementos para responder sobre este tema."
6200001696,Personal destinado a funciones de justicia municipal (policías),2008,"Esta Entidad cuenta con 43 gobiernos municipales que al momento de la aplicación del cuestionario, no tuvieron datos o elementos para responder sobre este tema y 45 que no proporcionaron información para esta sección de la Encuesta."
6200001697,Personal destinado a funciones de justicia municipal (secretarios),2008,"Esta Entidad cuenta con 41 gobiernos municipales que al momento de la aplicación del cuestionario, no tuvieron datos o elementos para responder sobre este tema y 45 que no proporcionaron información para esta sección de la Encuesta."

