﻿id_indicador,nombre,año,notas
6200001599,Regidores,2014,El total corresponde a la suma de las cifras proporcionadas por los gobiernos municipales o delegacionales que contaron con datos o elementos para responder sobre el tema.
6200001599,Regidores,2008,"Esta Entidad cuenta con 2 gobiernos municipales que al momento de la aplicación del cuestionario, no proporcionaron información para esta sección de la Encuesta."
6200001603,Síndicos,2014,El total corresponde a la suma de las cifras proporcionadas por los gobiernos municipales o delegacionales que contaron con datos o elementos para responder sobre el tema.
6200001603,Síndicos,2008,"De los 2 440 municipios y 16 delegaciones del Distrito Federal que conforman el territorio nacional, 48 no proporcionaron información para esta sección; 16 No les aplicó el tema; el total corresponde a la suma de las cifras proporcionadas por los gobiernos municipales o delegacionales del Distrito Federal que contaron con datos o elementos para responder sobre el tema."
6200001604,Auditorías realizadas a las administraciones públicas municipales,2014,El total corresponde a la suma de las cifras proporcionadas por los gobiernos municipales o delegacionales que contaron con datos o elementos para responder sobre el tema.
6200001666,Personal destinado a funciones de seguridad pública municipal,2014,El total corresponde a la suma de las cifras proporcionadas por los gobiernos municipales o delegacionales que contaron con datos o elementos para responder sobre el tema.
6200001666,Personal destinado a funciones de seguridad pública municipal,2008,"Esta Entidad cuenta con 2 gobiernos municipales que al momento de la aplicación del cuestionario, no tuvieron datos o elementos para responder sobre este tema."
6200001685,Personal destinado a funciones de justicia municipal,2014,El total corresponde a la suma de las cifras proporcionadas por los gobiernos municipales o delegacionales que contaron con datos o elementos para responder sobre el tema.
6200001685,Personal destinado a funciones de justicia municipal,2008,"Esta Entidad cuenta con 3 gobiernos municipales que al momento de la aplicación del cuestionario, no tuvieron datos o elementos para responder sobre este tema."
6200028575,Porcentaje de instituciones de las administraciones públicas municipales (desarrollo urbano),2014,"Se calculó dividiendo el número de instituciones (a nivel nacional) por tipo de función entre el número total de instituciones (a nivel nacional), por cien"
6200028575,Porcentaje de instituciones de las administraciones públicas municipales (desarrollo urbano),2012,"Se calculó dividiendo el número de instituciones (a nivel nacional) por tipo de función entre el número total de instituciones (a nivel nacional), por cien"
6200028576,Porcentaje de instituciones de las administraciones públicas municipales (seguridad pública),2014,"Se calculó dividiendo el número de instituciones (a nivel nacional) por tipo de función entre el número total de instituciones (a nivel nacional), por cien"
6200028576,Porcentaje de instituciones de las administraciones públicas municipales (seguridad pública),2012,"Se calculó dividiendo el número de instituciones (a nivel nacional) por tipo de función entre el número total de instituciones (a nivel nacional), por cien"
6200028577,Porcentaje de instituciones de las administraciones públicas municipales (comunicación social),2014,"Se calculó dividiendo el número de instituciones (a nivel nacional) por tipo de función entre el número total de instituciones (a nivel nacional), por cien"
6200028577,Porcentaje de instituciones de las administraciones públicas municipales (comunicación social),2012,"Se calculó dividiendo el número de instituciones (a nivel nacional) por tipo de función entre el número total de instituciones (a nivel nacional), por cien"
6200028590,Porcentaje de administraciones públicas municipales con información pública y de libre acceso (informes de gobierno),2014,Se calculó dividiendo el número de administraciones públicas que cuentan con información pública y de libre acceso (en cada tema) entre el total de ellas (sin considerar a las que no respondieron o respondieron no saber o que el tema no les aplicaba)
6200028590,Porcentaje de administraciones públicas municipales con información pública y de libre acceso (informes de gobierno),2012,Se calculó dividiendo el número de administraciones públicas que cuentan con información pública y de libre acceso (en cada tema) entre el total de ellas (sin considerar a las que no respondieron o respondieron no saber o que el tema no les aplicaba)
6200028596,Porcentaje de administraciones públicas municipales con información pública y de libre acceso (manual de trámites y/o servicios),2014,Se calculó dividiendo el número de administraciones públicas que cuentan con información pública y de libre acceso (en cada tema) entre el total de ellas (sin considerar a las que no respondieron o respondieron no saber o que el tema no les aplicaba)
6200028596,Porcentaje de administraciones públicas municipales con información pública y de libre acceso (manual de trámites y/o servicios),2012,Se calculó dividiendo el número de administraciones públicas que cuentan con información pública y de libre acceso (en cada tema) entre el total de ellas (sin considerar a las que no respondieron o respondieron no saber o que el tema no les aplicaba)
6200028607,Porcentaje de administraciones públicas municipales con espacios para la participación y/o consulta ciudadana (servicios públicos),2014,Se calculó dividiendo el número de administraciones públicas que abren espacios para la participación y/o consulta ciudadana en cada tema entre el total de ellas
6200028607,Porcentaje de administraciones públicas municipales con espacios para la participación y/o consulta ciudadana (servicios públicos),2012,Se calculó dividiendo el número de administraciones públicas que abren espacios para la participación y/o consulta ciudadana en cada tema entre el total de ellas
6200028608,Porcentaje de administraciones públicas municipales con espacios para la participación y/o consulta ciudadana (desarrollo social),2014,Se calculó dividiendo el número de administraciones públicas que abren espacios para la participación y/o consulta ciudadana en cada tema entre el total de ellas
6200028608,Porcentaje de administraciones públicas municipales con espacios para la participación y/o consulta ciudadana (desarrollo social),2012,Se calculó dividiendo el número de administraciones públicas que abren espacios para la participación y/o consulta ciudadana en cada tema entre el total de ellas
6200028609,Porcentaje de administraciones públicas municipales con espacios para la participación y/o consulta ciudadana (ecología),2014,Se calculó dividiendo el número de administraciones públicas que abren espacios para la participación y/o consulta ciudadana en cada tema entre el total de ellas
6200028609,Porcentaje de administraciones públicas municipales con espacios para la participación y/o consulta ciudadana (ecología),2012,Se calculó dividiendo el número de administraciones públicas que abren espacios para la participación y/o consulta ciudadana en cada tema entre el total de ellas
6200028628,Porcentaje de instituciones de las administraciones públicas municipales (secretaría del ayuntamiento),2014,"Se calculó dividiendo el número de instituciones (a nivel nacional) por tipo de función entre el número total de instituciones (a nivel nacional), por cien"
6200028628,Porcentaje de instituciones de las administraciones públicas municipales (secretaría del ayuntamiento),2012,"Se calculó dividiendo el número de instituciones (a nivel nacional) por tipo de función entre el número total de instituciones (a nivel nacional), por cien"
6200028629,Porcentaje de instituciones de las administraciones públicas municipales (salud),2014,"Se calculó dividiendo el número de instituciones (a nivel nacional) por tipo de función entre el número total de instituciones (a nivel nacional), por cien"
6200028629,Porcentaje de instituciones de las administraciones públicas municipales (salud),2012,"Se calculó dividiendo el número de instituciones (a nivel nacional) por tipo de función entre el número total de instituciones (a nivel nacional), por cien"
6200028630,Porcentaje de instituciones de las administraciones públicas municipales (equidad de género y/o derechos de las mujeres),2014,"Se calculó dividiendo el número de instituciones (a nivel nacional) por tipo de función entre el número total de instituciones (a nivel nacional), por cien"
6200028630,Porcentaje de instituciones de las administraciones públicas municipales (equidad de género y/o derechos de las mujeres),2012,"Se calculó dividiendo el número de instituciones (a nivel nacional) por tipo de función entre el número total de instituciones (a nivel nacional), por cien"
6200028631,Porcentaje de instituciones de las administraciones públicas municipales (transparencia),2014,"Se calculó dividiendo el número de instituciones (a nivel nacional) por tipo de función entre el número total de instituciones (a nivel nacional), por cien"
6200028631,Porcentaje de instituciones de las administraciones públicas municipales (transparencia),2012,"Se calculó dividiendo el número de instituciones (a nivel nacional) por tipo de función entre el número total de instituciones (a nivel nacional), por cien"
6200028632,Porcentaje de instituciones de las administraciones públicas municipales (contraloría interna),2014,"Se calculó dividiendo el número de instituciones (a nivel nacional) por tipo de función entre el número total de instituciones (a nivel nacional), por cien"
6200028632,Porcentaje de instituciones de las administraciones públicas municipales (contraloría interna),2012,"Se calculó dividiendo el número de instituciones (a nivel nacional) por tipo de función entre el número total de instituciones (a nivel nacional), por cien"
6200028633,Porcentaje de instituciones de las administraciones públicas municipales (planeación y/o evaluación),2014,"Se calculó dividiendo el número de instituciones (a nivel nacional) por tipo de función entre el número total de instituciones (a nivel nacional), por cien"
6200028633,Porcentaje de instituciones de las administraciones públicas municipales (planeación y/o evaluación),2012,"Se calculó dividiendo el número de instituciones (a nivel nacional) por tipo de función entre el número total de instituciones (a nivel nacional), por cien"
6200028642,Porcentaje de administraciones públicas municipales con información pública y de libre acceso (sueldos y salarios de los servidores públicos de la administración pública del gobierno municipal o delegacional),2014,Se calculó dividiendo el número de administraciones públicas que cuentan con información pública y de libre acceso (en cada tema) entre el total de ellas (sin considerar a las que no respondieron o respondieron no saber o que el tema no les aplicaba)
6200028642,Porcentaje de administraciones públicas municipales con información pública y de libre acceso (sueldos y salarios de los servidores públicos de la administración pública del gobierno municipal o delegacional),2012,Se calculó dividiendo el número de administraciones públicas que cuentan con información pública y de libre acceso (en cada tema) entre el total de ellas (sin considerar a las que no respondieron o respondieron no saber o que el tema no les aplicaba)
6200028643,"Porcentaje de administraciones públicas municipales con información pública y de libre acceso (adquisiciones (programa de adquisiciones, contratos y proveedores))",2014,Se calculó dividiendo el número de administraciones públicas que cuentan con información pública y de libre acceso (en cada tema) entre el total de ellas (sin considerar a las que no respondieron o respondieron no saber o que el tema no les aplicaba)
6200028643,"Porcentaje de administraciones públicas municipales con información pública y de libre acceso (adquisiciones (programa de adquisiciones, contratos y proveedores))",2012,Se calculó dividiendo el número de administraciones públicas que cuentan con información pública y de libre acceso (en cada tema) entre el total de ellas (sin considerar a las que no respondieron o respondieron no saber o que el tema no les aplicaba)
6200028664,Porcentaje de instituciones de las administraciones públicas municipales (gobierno),2014,"Se calculó dividiendo el número de instituciones (a nivel nacional) por tipo de función entre el número total de instituciones (a nivel nacional), por cien"
6200028664,Porcentaje de instituciones de las administraciones públicas municipales (gobierno),2012,"Se calculó dividiendo el número de instituciones (a nivel nacional) por tipo de función entre el número total de instituciones (a nivel nacional), por cien"
6200028665,Porcentaje de instituciones de las administraciones públicas municipales (Desarrollo Integral de la Familia (DIF)),2014,"Se calculó dividiendo el número de instituciones (a nivel nacional) por tipo de función entre el número total de instituciones (a nivel nacional), por cien"
6200028665,Porcentaje de instituciones de las administraciones públicas municipales (Desarrollo Integral de la Familia (DIF)),2012,"Se calculó dividiendo el número de instituciones (a nivel nacional) por tipo de función entre el número total de instituciones (a nivel nacional), por cien"
6200028666,Porcentaje de instituciones de las administraciones públicas municipales (bomberos),2014,"Se calculó dividiendo el número de instituciones (a nivel nacional) por tipo de función entre el número total de instituciones (a nivel nacional), por cien"
6200028666,Porcentaje de instituciones de las administraciones públicas municipales (bomberos),2012,"Se calculó dividiendo el número de instituciones (a nivel nacional) por tipo de función entre el número total de instituciones (a nivel nacional), por cien"
6200028675,Porcentaje de administraciones públicas municipales con información pública y de libre acceso (cuentas públicas),2014,Se calculó dividiendo el número de administraciones públicas que cuentan con información pública y de libre acceso (en cada tema) entre el total de ellas (sin considerar a las que no respondieron o respondieron no saber o que el tema no les aplicaba)
6200028675,Porcentaje de administraciones públicas municipales con información pública y de libre acceso (cuentas públicas),2012,Se calculó dividiendo el número de administraciones públicas que cuentan con información pública y de libre acceso (en cada tema) entre el total de ellas (sin considerar a las que no respondieron o respondieron no saber o que el tema no les aplicaba)
6200028683,Porcentaje de administraciones públicas municipales con espacios para la participación y/o consulta ciudadana (tránsito),2014,Se calculó dividiendo el número de administraciones públicas que abren espacios para la participación y/o consulta ciudadana en cada tema entre el total de ellas
6200028683,Porcentaje de administraciones públicas municipales con espacios para la participación y/o consulta ciudadana (tránsito),2012,Se calculó dividiendo el número de administraciones públicas que abren espacios para la participación y/o consulta ciudadana en cada tema entre el total de ellas
6200028684,Porcentaje de administraciones públicas municipales con espacios para la participación y/o consulta ciudadana (protección civil),2014,Se calculó dividiendo el número de administraciones públicas que abren espacios para la participación y/o consulta ciudadana en cada tema entre el total de ellas
6200028684,Porcentaje de administraciones públicas municipales con espacios para la participación y/o consulta ciudadana (protección civil),2012,Se calculó dividiendo el número de administraciones públicas que abren espacios para la participación y/o consulta ciudadana en cada tema entre el total de ellas
6200028702,Porcentaje de instituciones de las administraciones públicas municipales (oficina del Presidente Municipal o Jefe Delegacional),2014,"Se calculó dividiendo el número de instituciones (a nivel nacional) por tipo de función entre el número total de instituciones (a nivel nacional), por cien"
6200028702,Porcentaje de instituciones de las administraciones públicas municipales (oficina del Presidente Municipal o Jefe Delegacional),2012,"Se calculó dividiendo el número de instituciones (a nivel nacional) por tipo de función entre el número total de instituciones (a nivel nacional), por cien"
6200028703,Porcentaje de instituciones de las administraciones públicas municipales (servicios públicos),2014,"Se calculó dividiendo el número de instituciones (a nivel nacional) por tipo de función entre el número total de instituciones (a nivel nacional), por cien"
6200028703,Porcentaje de instituciones de las administraciones públicas municipales (servicios públicos),2012,"Se calculó dividiendo el número de instituciones (a nivel nacional) por tipo de función entre el número total de instituciones (a nivel nacional), por cien"
6200028704,Porcentaje de instituciones de las administraciones públicas municipales (turismo),2014,"Se calculó dividiendo el número de instituciones (a nivel nacional) por tipo de función entre el número total de instituciones (a nivel nacional), por cien"
6200028704,Porcentaje de instituciones de las administraciones públicas municipales (turismo),2012,"Se calculó dividiendo el número de instituciones (a nivel nacional) por tipo de función entre el número total de instituciones (a nivel nacional), por cien"
6200028716,"Porcentaje de administraciones públicas municipales con información pública y de libre acceso (presupuesto (original, modificado y ejercido))",2014,Se calculó dividiendo el número de administraciones públicas que cuentan con información pública y de libre acceso (en cada tema) entre el total de ellas (sin considerar a las que no respondieron o respondieron no saber o que el tema no les aplicaba)
6200028716,"Porcentaje de administraciones públicas municipales con información pública y de libre acceso (presupuesto (original, modificado y ejercido))",2012,Se calculó dividiendo el número de administraciones públicas que cuentan con información pública y de libre acceso (en cada tema) entre el total de ellas (sin considerar a las que no respondieron o respondieron no saber o que el tema no les aplicaba)
6200028719,"Porcentaje de administraciones públicas municipales con información pública y de libre acceso (obras públicas (programa de obra, contratos y contratistas))",2014,Se calculó dividiendo el número de administraciones públicas que cuentan con información pública y de libre acceso (en cada tema) entre el total de ellas (sin considerar a las que no respondieron o respondieron no saber o que el tema no les aplicaba)
6200028719,"Porcentaje de administraciones públicas municipales con información pública y de libre acceso (obras públicas (programa de obra, contratos y contratistas))",2012,Se calculó dividiendo el número de administraciones públicas que cuentan con información pública y de libre acceso (en cada tema) entre el total de ellas (sin considerar a las que no respondieron o respondieron no saber o que el tema no les aplicaba)
6200028734,Porcentaje de administraciones públicas municipales con espacios para la participación y/o consulta ciudadana (diseño de iniciativas de disposiciones normativas),2014,Se calculó dividiendo el número de administraciones públicas que abren espacios para la participación y/o consulta ciudadana en cada tema entre el total de ellas
6200028734,Porcentaje de administraciones públicas municipales con espacios para la participación y/o consulta ciudadana (diseño de iniciativas de disposiciones normativas),2012,Se calculó dividiendo el número de administraciones públicas que abren espacios para la participación y/o consulta ciudadana en cada tema entre el total de ellas
6200028746,Porcentaje de instituciones de las administraciones públicas municipales (medio ambiente y ecología),2014,"Se calculó dividiendo el número de instituciones (a nivel nacional) por tipo de función entre el número total de instituciones (a nivel nacional), por cien"
6200028746,Porcentaje de instituciones de las administraciones públicas municipales (medio ambiente y ecología),2012,"Se calculó dividiendo el número de instituciones (a nivel nacional) por tipo de función entre el número total de instituciones (a nivel nacional), por cien"
6200028747,Porcentaje de instituciones de las administraciones públicas municipales (tránsito),2014,"Se calculó dividiendo el número de instituciones (a nivel nacional) por tipo de función entre el número total de instituciones (a nivel nacional), por cien"
6200028747,Porcentaje de instituciones de las administraciones públicas municipales (tránsito),2012,"Se calculó dividiendo el número de instituciones (a nivel nacional) por tipo de función entre el número total de instituciones (a nivel nacional), por cien"
6200028748,"Porcentaje de instituciones de las administraciones públicas municipales (agua potable, saneamiento y alcantarillado)",2014,"Se calculó dividiendo el número de instituciones (a nivel nacional) por tipo de función entre el número total de instituciones (a nivel nacional), por cien"
6200028748,"Porcentaje de instituciones de las administraciones públicas municipales (agua potable, saneamiento y alcantarillado)",2012,"Se calculó dividiendo el número de instituciones (a nivel nacional) por tipo de función entre el número total de instituciones (a nivel nacional), por cien"
6200028749,Porcentaje de instituciones de las administraciones públicas municipales (asuntos jurídicos y/o consejería jurídica),2014,"Se calculó dividiendo el número de instituciones (a nivel nacional) por tipo de función entre el número total de instituciones (a nivel nacional), por cien"
6200028749,Porcentaje de instituciones de las administraciones públicas municipales (asuntos jurídicos y/o consejería jurídica),2012,"Se calculó dividiendo el número de instituciones (a nivel nacional) por tipo de función entre el número total de instituciones (a nivel nacional), por cien"
6200028750,Porcentaje de instituciones de las administraciones públicas municipales (oficialía mayor o administración),2014,"Se calculó dividiendo el número de instituciones (a nivel nacional) por tipo de función entre el número total de instituciones (a nivel nacional), por cien"
6200028750,Porcentaje de instituciones de las administraciones públicas municipales (oficialía mayor o administración),2012,"Se calculó dividiendo el número de instituciones (a nivel nacional) por tipo de función entre el número total de instituciones (a nivel nacional), por cien"
6200028751,Porcentaje de instituciones de las administraciones públicas municipales (otras),2014,"Se calculó dividiendo el número de instituciones (a nivel nacional) por tipo de función entre el número total de instituciones (a nivel nacional), por cien"
6200028751,Porcentaje de instituciones de las administraciones públicas municipales (otras),2012,"Se calculó dividiendo el número de instituciones (a nivel nacional) por tipo de función entre el número total de instituciones (a nivel nacional), por cien"
6200028760,Personal en las instituciones de las administraciones públicas municipales por cada cien mil habitantes,2014,"Se calculó dividiendo el número total de personal (a nivel nacional) entre el total de la población nacional, por cien mil"
6200028760,Personal en las instituciones de las administraciones públicas municipales por cada cien mil habitantes,2012,"Se calculó dividiendo el número total de personal (a nivel nacional) entre el total de la población nacional, por cien mil"
6200028765,Computadoras en las instituciones de las administraciones públicas municipales por cada cien servidores públicos,2014,"Se calculó dividiendo el número total de computadoras (a nivel nacional) entre el número total de personal (a nivel nacional), por cien"
6200028765,Computadoras en las instituciones de las administraciones públicas municipales por cada cien servidores públicos,2012,"Se calculó dividiendo el número total de computadoras (a nivel nacional) entre el número total de personal (a nivel nacional), por cien"
6200028772,Porcentaje de administraciones públicas municipales con información pública y de libre acceso (estructura orgánica y directorio),2014,Se calculó dividiendo el número de administraciones públicas que cuentan con información pública y de libre acceso (en cada tema) entre el total de ellas (sin considerar a las que no respondieron o respondieron no saber o que el tema no les aplicaba)
6200028772,Porcentaje de administraciones públicas municipales con información pública y de libre acceso (estructura orgánica y directorio),2012,Se calculó dividiendo el número de administraciones públicas que cuentan con información pública y de libre acceso (en cada tema) entre el total de ellas (sin considerar a las que no respondieron o respondieron no saber o que el tema no les aplicaba)
6200028776,Porcentaje de administraciones públicas municipales con información pública y de libre acceso (otra),2014,Se calculó dividiendo el número de administraciones públicas que cuentan con información pública y de libre acceso (en cada tema) entre el total de ellas (sin considerar a las que no respondieron o respondieron no saber o que el tema no les aplicaba)
6200028776,Porcentaje de administraciones públicas municipales con información pública y de libre acceso (otra),2012,Se calculó dividiendo el número de administraciones públicas que cuentan con información pública y de libre acceso (en cada tema) entre el total de ellas (sin considerar a las que no respondieron o respondieron no saber o que el tema no les aplicaba)
6200028783,Porcentaje de administraciones públicas municipales con espacios para la participación y/o consulta ciudadana (seguridad pública),2014,Se calculó dividiendo el número de administraciones públicas que abren espacios para la participación y/o consulta ciudadana en cada tema entre el total de ellas
6200028783,Porcentaje de administraciones públicas municipales con espacios para la participación y/o consulta ciudadana (seguridad pública),2012,Se calculó dividiendo el número de administraciones públicas que abren espacios para la participación y/o consulta ciudadana en cada tema entre el total de ellas
6200028785,Porcentaje de administraciones públicas municipales con espacios para la participación y/o consulta ciudadana (obras públicas),2014,Se calculó dividiendo el número de administraciones públicas que abren espacios para la participación y/o consulta ciudadana en cada tema entre el total de ellas
6200028785,Porcentaje de administraciones públicas municipales con espacios para la participación y/o consulta ciudadana (obras públicas),2012,Se calculó dividiendo el número de administraciones públicas que abren espacios para la participación y/o consulta ciudadana en cada tema entre el total de ellas
6200028788,Porcentaje de administraciones públicas municipales con espacios para la participación y/o consulta ciudadana (medio ambiente),2014,Se calculó dividiendo el número de administraciones públicas que abren espacios para la participación y/o consulta ciudadana en cada tema entre el total de ellas
6200028788,Porcentaje de administraciones públicas municipales con espacios para la participación y/o consulta ciudadana (medio ambiente),2012,Se calculó dividiendo el número de administraciones públicas que abren espacios para la participación y/o consulta ciudadana en cada tema entre el total de ellas
6200028790,Porcentaje de administraciones públicas municipales con espacios para la participación y/o consulta ciudadana (no se sabe),2014,Se calculó dividiendo el número de administraciones públicas que abren espacios para la participación y/o consulta ciudadana en cada tema entre el total de ellas
6200028790,Porcentaje de administraciones públicas municipales con espacios para la participación y/o consulta ciudadana (no se sabe),2012,Se calculó dividiendo el número de administraciones públicas que abren espacios para la participación y/o consulta ciudadana en cada tema entre el total de ellas
6200028800,Porcentaje de instituciones de las administraciones públicas municipales (obras públicas),2014,"Se calculó dividiendo el número de instituciones (a nivel nacional) por tipo de función entre el número total de instituciones (a nivel nacional), por cien"
6200028800,Porcentaje de instituciones de las administraciones públicas municipales (obras públicas),2012,"Se calculó dividiendo el número de instituciones (a nivel nacional) por tipo de función entre el número total de instituciones (a nivel nacional), por cien"
6200028801,Porcentaje de instituciones de las administraciones públicas municipales (participación ciudadana),2014,"Se calculó dividiendo el número de instituciones (a nivel nacional) por tipo de función entre el número total de instituciones (a nivel nacional), por cien"
6200028801,Porcentaje de instituciones de las administraciones públicas municipales (participación ciudadana),2012,"Se calculó dividiendo el número de instituciones (a nivel nacional) por tipo de función entre el número total de instituciones (a nivel nacional), por cien"
6200028802,Porcentaje de instituciones de las administraciones públicas municipales (protección civil),2014,"Se calculó dividiendo el número de instituciones (a nivel nacional) por tipo de función entre el número total de instituciones (a nivel nacional), por cien"
6200028802,Porcentaje de instituciones de las administraciones públicas municipales (protección civil),2012,"Se calculó dividiendo el número de instituciones (a nivel nacional) por tipo de función entre el número total de instituciones (a nivel nacional), por cien"
6200028803,Porcentaje de instituciones de las administraciones públicas municipales (justicia municipal),2014,"Se calculó dividiendo el número de instituciones (a nivel nacional) por tipo de función entre el número total de instituciones (a nivel nacional), por cien"
6200028803,Porcentaje de instituciones de las administraciones públicas municipales (justicia municipal),2012,"Se calculó dividiendo el número de instituciones (a nivel nacional) por tipo de función entre el número total de instituciones (a nivel nacional), por cien"
6200028829,Porcentaje de administraciones públicas municipales con espacios para la participación y/o consulta ciudadana (otros),2014,Se calculó dividiendo el número de administraciones públicas que abren espacios para la participación y/o consulta ciudadana en cada tema entre el total de ellas
6200028829,Porcentaje de administraciones públicas municipales con espacios para la participación y/o consulta ciudadana (otros),2012,Se calculó dividiendo el número de administraciones públicas que abren espacios para la participación y/o consulta ciudadana en cada tema entre el total de ellas
6200028840,Porcentaje de instituciones de las administraciones públicas municipales (desarrollo económico),2014,"Se calculó dividiendo el número de instituciones (a nivel nacional) por tipo de función entre el número total de instituciones (a nivel nacional), por cien"
6200028840,Porcentaje de instituciones de las administraciones públicas municipales (desarrollo económico),2012,"Se calculó dividiendo el número de instituciones (a nivel nacional) por tipo de función entre el número total de instituciones (a nivel nacional), por cien"
6200028864,Porcentaje de administraciones públicas municipales con espacios para la participación y/o consulta ciudadana (contraloría),2014,Se calculó dividiendo el número de administraciones públicas que abren espacios para la participación y/o consulta ciudadana en cada tema entre el total de ellas
6200028864,Porcentaje de administraciones públicas municipales con espacios para la participación y/o consulta ciudadana (contraloría),2012,Se calculó dividiendo el número de administraciones públicas que abren espacios para la participación y/o consulta ciudadana en cada tema entre el total de ellas
6200028865,Porcentaje de administraciones públicas municipales con espacios para la participación y/o consulta ciudadana (transparencia),2014,Se calculó dividiendo el número de administraciones públicas que abren espacios para la participación y/o consulta ciudadana en cada tema entre el total de ellas
6200028865,Porcentaje de administraciones públicas municipales con espacios para la participación y/o consulta ciudadana (transparencia),2012,Se calculó dividiendo el número de administraciones públicas que abren espacios para la participación y/o consulta ciudadana en cada tema entre el total de ellas
6200028867,Porcentaje de administraciones públicas municipales con espacios para la participación y/o consulta ciudadana (desarrollo urbano),2014,Se calculó dividiendo el número de administraciones públicas que abren espacios para la participación y/o consulta ciudadana en cada tema entre el total de ellas
6200028867,Porcentaje de administraciones públicas municipales con espacios para la participación y/o consulta ciudadana (desarrollo urbano),2012,Se calculó dividiendo el número de administraciones públicas que abren espacios para la participación y/o consulta ciudadana en cada tema entre el total de ellas
6200028883,Porcentaje de instituciones de las administraciones públicas municipales (desarrollo social),2014,"Se calculó dividiendo el número de instituciones (a nivel nacional) por tipo de función entre el número total de instituciones (a nivel nacional), por cien"
6200028883,Porcentaje de instituciones de las administraciones públicas municipales (desarrollo social),2012,"Se calculó dividiendo el número de instituciones (a nivel nacional) por tipo de función entre el número total de instituciones (a nivel nacional), por cien"
6200028884,Porcentaje de instituciones de las administraciones públicas municipales (educación),2014,"Se calculó dividiendo el número de instituciones (a nivel nacional) por tipo de función entre el número total de instituciones (a nivel nacional), por cien"
6200028884,Porcentaje de instituciones de las administraciones públicas municipales (educación),2012,"Se calculó dividiendo el número de instituciones (a nivel nacional) por tipo de función entre el número total de instituciones (a nivel nacional), por cien"
6200028885,Porcentaje de instituciones de las administraciones públicas municipales (trabajo),2014,"Se calculó dividiendo el número de instituciones (a nivel nacional) por tipo de función entre el número total de instituciones (a nivel nacional), por cien"
6200028885,Porcentaje de instituciones de las administraciones públicas municipales (trabajo),2012,"Se calculó dividiendo el número de instituciones (a nivel nacional) por tipo de función entre el número total de instituciones (a nivel nacional), por cien"
6200028886,Porcentaje de instituciones de las administraciones públicas municipales (tesorería o finanzas),2014,"Se calculó dividiendo el número de instituciones (a nivel nacional) por tipo de función entre el número total de instituciones (a nivel nacional), por cien"
6200028886,Porcentaje de instituciones de las administraciones públicas municipales (tesorería o finanzas),2012,"Se calculó dividiendo el número de instituciones (a nivel nacional) por tipo de función entre el número total de instituciones (a nivel nacional), por cien"
6200028887,Porcentaje de instituciones de las administraciones públicas municipales (informática o tecnologías de información o comunicación),2014,"Se calculó dividiendo el número de instituciones (a nivel nacional) por tipo de función entre el número total de instituciones (a nivel nacional), por cien"
6200028887,Porcentaje de instituciones de las administraciones públicas municipales (informática o tecnologías de información o comunicación),2012,"Se calculó dividiendo el número de instituciones (a nivel nacional) por tipo de función entre el número total de instituciones (a nivel nacional), por cien"
6200028888,Porcentaje de instituciones de las administraciones públicas municipales (mejora de la gestión gubernamental),2014,"Se calculó dividiendo el número de instituciones (a nivel nacional) por tipo de función entre el número total de instituciones (a nivel nacional), por cien"
6200028888,Porcentaje de instituciones de las administraciones públicas municipales (mejora de la gestión gubernamental),2012,"Se calculó dividiendo el número de instituciones (a nivel nacional) por tipo de función entre el número total de instituciones (a nivel nacional), por cien"
6200028907,Porcentaje de administraciones públicas municipales con información pública y de libre acceso (gastos en asesorías y/o donativos),2014,Se calculó dividiendo el número de administraciones públicas que cuentan con información pública y de libre acceso (en cada tema) entre el total de ellas (sin considerar a las que no respondieron o respondieron no saber o que el tema no les aplicaba)
6200028907,Porcentaje de administraciones públicas municipales con información pública y de libre acceso (gastos en asesorías y/o donativos),2012,Se calculó dividiendo el número de administraciones públicas que cuentan con información pública y de libre acceso (en cada tema) entre el total de ellas (sin considerar a las que no respondieron o respondieron no saber o que el tema no les aplicaba)
6200028909,Porcentaje de administraciones públicas municipales con información pública y de libre acceso (auditorías),2014,Se calculó dividiendo el número de administraciones públicas que cuentan con información pública y de libre acceso (en cada tema) entre el total de ellas (sin considerar a las que no respondieron o respondieron no saber o que el tema no les aplicaba)
6200028909,Porcentaje de administraciones públicas municipales con información pública y de libre acceso (auditorías),2012,Se calculó dividiendo el número de administraciones públicas que cuentan con información pública y de libre acceso (en cada tema) entre el total de ellas (sin considerar a las que no respondieron o respondieron no saber o que el tema no les aplicaba)
6200028910,Porcentaje de administraciones públicas municipales con espacios para la participación y/o consulta ciudadana (vigilancia y/o denuncia de servidores públicos),2014,Se calculó dividiendo el número de administraciones públicas que abren espacios para la participación y/o consulta ciudadana en cada tema entre el total de ellas
6200028910,Porcentaje de administraciones públicas municipales con espacios para la participación y/o consulta ciudadana (vigilancia y/o denuncia de servidores públicos),2012,Se calculó dividiendo el número de administraciones públicas que abren espacios para la participación y/o consulta ciudadana en cada tema entre el total de ellas
6200028911,Porcentaje de administraciones públicas municipales con espacios para la participación y/o consulta ciudadana (desarrollo económico),2014,Se calculó dividiendo el número de administraciones públicas que abren espacios para la participación y/o consulta ciudadana en cada tema entre el total de ellas
6200028911,Porcentaje de administraciones públicas municipales con espacios para la participación y/o consulta ciudadana (desarrollo económico),2012,Se calculó dividiendo el número de administraciones públicas que abren espacios para la participación y/o consulta ciudadana en cada tema entre el total de ellas
6200029398,Porcentaje de intervenciones de la policía municipal por causas no especificadas,2014,"Se calculó dividiendo el total de intervenciones por causas no especificadas, entre el total de intervenciones de la policía municipal, por cien"
6200029398,Porcentaje de intervenciones de la policía municipal por causas no especificadas,2012,"Se calculó dividiendo el total de intervenciones por causas no especificadas, entre el total de intervenciones de la policía municipal, por cien"
6200029402,Porcentaje de intervenciones de la policía municipal por presuntos delitos del fuero federal no especificado condición de notificación,2014,"Se calculó dividiendo el total de intervenciones por delitos del fuero federal sin especificar condición de notificación entre el total de intervenciones por delitos del fuero federal de la policía municipal, por cien"
6200029402,Porcentaje de intervenciones de la policía municipal por presuntos delitos del fuero federal no especificado condición de notificación,2012,"Se calculó dividiendo el total de intervenciones por delitos del fuero federal sin especificar condición de notificación entre el total de intervenciones por delitos del fuero federal de la policía municipal, por cien"
6200029406,Elementos de la policía preventiva municipal de 18 a 29 años por cada cien mil habitantes,2014,"Se calculó dividiendo el total de personal municipal de policía preventiva de 18 a 29 años de edad entre la proyección de la población nacional a mitad de año 2014 del Consejo Nacional de Población, por cien mil"
6200029406,Elementos de la policía preventiva municipal de 18 a 29 años por cada cien mil habitantes,2012,"Se calculó dividiendo el total de personal municipal de policía preventiva de 18 a 29 años de edad entre entre la proyección de la población nacional a mitad de año 2012  del Consejo Nacional de Población, por cien mil"
6200029461,Porcentaje de intervenciones de la policía municipal por presuntos delitos del fuero federal,2014,"Se calculó dividiendo el total de intervenciones por presuntos delitos del fuero federal, entre el total de intervenciones de la policía municipal, por cien"
6200029461,Porcentaje de intervenciones de la policía municipal por presuntos delitos del fuero federal,2012,"Se calculó dividiendo el total de intervenciones por presuntos delitos del fuero federal, entre el total de intervenciones de la policía municipal, por cien"
6200029463,Porcentaje de intervenciones de la policía municipal por presuntos delitos del fuero común sin notificación al ministerio público del fuero común,2014,"Se calculó dividiendo el total de intervenciones por delitos del fuero común sin notificación al ministerio público entre el total de intervenciones por delitos del fuero común de la policía municipal, por cien"
6200029463,Porcentaje de intervenciones de la policía municipal por presuntos delitos del fuero común sin notificación al ministerio público del fuero común,2012,"Se calculó dividiendo el total de intervenciones por delitos del fuero común sin notificación al ministerio público entre el total de intervenciones por delitos del fuero común de la policía municipal, por cien"
6200029465,Elementos de la policía preventiva municipal de 30 a 39 años por cada cien mil habitantes,2014,"Se calculó dividiendo el total de personal municipal de policía preventiva de 30 a 39 años de edad entre la proyección de la población nacional a mitad de año 2014 del Consejo Nacional de Población, por cien mil"
6200029465,Elementos de la policía preventiva municipal de 30 a 39 años por cada cien mil habitantes,2012,"Se calculó dividiendo el total de personal municipal de policía preventiva de 30 a 39 años de edad entre entre la proyección de la población nacional a mitad de año 2012  del Consejo Nacional de Población, por cien mil"
6200029512,Elementos de la policía preventiva municipal de 50 años o más por cada cien mil habitantes,2014,"Se calculó dividiendo el total de personal municipal de policía preventiva de 50 años o más de edad entre la proyección de la población nacional a mitad de año 2014 del Consejo Nacional de Población, por cien mil"
6200029512,Elementos de la policía preventiva municipal de 50 años o más por cada cien mil habitantes,2012,"Se calculó dividiendo el total de personal municipal de policía preventiva de 50 años o más de edad entre entre la proyección de la población nacional a mitad de año 2012  del Consejo Nacional de Población, por cien mil"
6200029513,Órganos de seguridad y justicia estatales por cada cien mil habitantes,2015,"Se calculó dividiendo la suma de los centros penitenciarios estatales, los centros de tratamiento o internamiento estatales para adolescentes, las agencias del ministerio público estatales y los órganos jurisdiccionales de los tribunales superiores de justicia estatales, entre la proyección de la población estatal a mitad del año 2015  del Consejo Nacional de Población, por cien mil."
6200029513,Órganos de seguridad y justicia estatales por cada cien mil habitantes,2014,"Se calculó dividiendo la suma de los centros penitenciarios estatales, los centros de tratamiento o internamiento estatales para adolescentes, las agencias del ministerio público estatales y los órganos jurisdiccionales de los tribunales superiores de justicia estatales, entre la proyección de la población estatal a mitad del año 2014  del Consejo Nacional de Población, por cien mil."
6200029513,Órganos de seguridad y justicia estatales por cada cien mil habitantes,2013,"Se calculó dividiendo la suma de los centros penitenciarios estatales, los centros de tratamiento o internamiento estatales para adolescentes, las agencias del ministerio público estatales y los órganos jurisdiccionales de los tribunales superiores de justicia estatales, entre la proyección de la población estatal a mitad de año 2013  del Consejo Nacional de Población, por cien mil."
6200029513,Órganos de seguridad y justicia estatales por cada cien mil habitantes,2012,"Se calculó dividiendo la suma de los centros penitenciarios estatales, los centros de tratamiento o internamiento estatales para adolescentes, las agencias del ministerio público estatales y los órganos jurisdiccionales de los tribunales superiores de justicia estatales, entre la proyección de la población estatal a mitad de año 2012  del Consejo Nacional de Población, por cien mil."
6200029517,Porcentaje de presuntos delitos del fuero común y federal registrados en las intervenciones de la policía municipal,2014,"Se calculó dividiento el total de presuntos delitos registrados en las intervenciones de la policía municipal entre el total de presuntos delitos registrados en las intervenciones de la policía estatal y municipal, por cien"
6200029517,Porcentaje de presuntos delitos del fuero común y federal registrados en las intervenciones de la policía municipal,2012,"Se calculó dividiento el total de presuntos delitos registrados en las intervenciones de la policía municipal entre el total de presuntos delitos registrados en las intervenciones de la policía estatal y municipal, por cien"
6200029518,Porcentaje de presuntos delitos del fuero común y federal registrados en las intervenciones de la policía estatal,2014,"Se calculó dividiento el total de presuntos delitos registrados en las intervenciones de la policía estatal entre el total de presuntos delitos registrados en las intervenciones de la policía estatal y municipal, por cien"
6200029518,Porcentaje de presuntos delitos del fuero común y federal registrados en las intervenciones de la policía estatal,2012,"Se calculó dividiento el total de presuntos delitos registrados en las intervenciones de la policía estatal entre el total de presuntos delitos registrados en las intervenciones de la policía estatal y municipal, por cien"
6200029559,Porcentaje de intervenciones de la policía municipal por presuntos delitos del fuero común con notificación al ministerio público del fuero común,2014,"Se calculó dividiendo el total de intervenciones por delitos del fuero común con notificación al ministerio público entre el total de intervenciones por delitos del fuero común de la policía municipal, por cien"
6200029559,Porcentaje de intervenciones de la policía municipal por presuntos delitos del fuero común con notificación al ministerio público del fuero común,2012,"Se calculó dividiendo el total de intervenciones por delitos del fuero común con notificación al ministerio público entre el total de intervenciones por delitos del fuero común de la policía municipal, por cien"
6200029560,Porcentaje de intervenciones de la policía municipal por presuntas infracciones  sin notificación al juez cívico u oficial calificador,2014,"Se calculó dividiendo el total de intervenciones por presuntas infracciones sin notificación al juez cívico u oficial calificador entre el total de intervenciones por presuntas infracciones de la policía municipal, por cien"
6200029560,Porcentaje de intervenciones de la policía municipal por presuntas infracciones  sin notificación al juez cívico u oficial calificador,2012,"Se calculó dividiendo el total de intervenciones por presuntas infracciones sin notificación al juez cívico u oficial calificador entre el total de intervenciones por presuntas infracciones de la policía municipal, por cien"
6200029611,Porcentaje de intervenciones de la policía municipal por presuntas infracciones,2014,"Se calculó dividiendo el total de intervenciones por presunta infracciones, entre el total de intervenciones de la policía municipal, por cien"
6200029611,Porcentaje de intervenciones de la policía municipal por presuntas infracciones,2012,"Se calculó dividiendo el total de intervenciones por presunta infracciones, entre el total de intervenciones de la policía municipal, por cien"
6200029612,Porcentaje de intervenciones de la policía municipal por otras causas,2014,"Se calculó dividiendo el total de intervenciones por otras causas, entre el total de intervenciones de la policía municipal, por cien"
6200029612,Porcentaje de intervenciones de la policía municipal por otras causas,2012,"Se calculó dividiendo el total de intervenciones por otras causas, entre el total de intervenciones de la policía municipal, por cien"
6200029615,Porcentaje de intervenciones de la policía municipal por presuntos delitos del fuero federal con notificación al ministerio público del fuero federal,2014,"Se calculó dividiendo el total de intervenciones por delitos del fuero federal con notificación al ministerio público entre el total de intervenciones por delitos del fuero federal de la policía municipal, por cien"
6200029615,Porcentaje de intervenciones de la policía municipal por presuntos delitos del fuero federal con notificación al ministerio público del fuero federal,2012,"Se calculó dividiendo el total de intervenciones por delitos del fuero federal con notificación al ministerio público entre el total de intervenciones por delitos del fuero federal de la policía municipal, por cien"
6200029616,Porcentaje de intervenciones de la policía municipal por presuntos delitos del fuero federal sin notificación al ministerio público del fuero federal,2014,"Se calculó dividiendo el total de intervenciones por delitos del fuero federal sin notificación al ministerio público entre el total de intervenciones por delitos del fuero federal de la policía municipal, por cien"
6200029616,Porcentaje de intervenciones de la policía municipal por presuntos delitos del fuero federal sin notificación al ministerio público del fuero federal,2012,"Se calculó dividiendo el total de intervenciones por delitos del fuero federal sin notificación al ministerio público entre el total de intervenciones por delitos del fuero federal de la policía municipal, por cien"
6200029619,Elementos de la policía preventiva municipal de edad no especificada por cada cien mil habitantes,2014,"Se calculó dividiendo el total de personal municipal de policía preventiva de edad no especificada entre la proyección de la población nacional a mitad de año 2014 del Consejo Nacional de Población, por cien mil"
6200029619,Elementos de la policía preventiva municipal de edad no especificada por cada cien mil habitantes,2012,"Se calculó dividiendo el total de personal municipal de policía preventiva de edad no especificada entre entre la proyección de la población nacional a mitad de año 2012  del Consejo Nacional de Población, por cien mil"
6200029730,Porcentaje de intervenciones de la policía municipal por presuntas infracciones no especificado condición de notificación,2014,"Se calculó dividiendo el total de intervenciones por presuntas infracciones sin especificar condición de notificación entre el total de intervenciones por presuntas infracciones de la policía municipal, por cien"
6200029730,Porcentaje de intervenciones de la policía municipal por presuntas infracciones no especificado condición de notificación,2012,"Se calculó dividiendo el total de intervenciones por presuntas infracciones sin especificar condición de notificación entre el total de intervenciones por presuntas infracciones de la policía municipal, por cien"
6200029733,Elementos de la policía preventiva municipal de 40 a 49 años por cada cien mil habitantes,2014,"Se calculó dividiendo el total de personal municipal de policía preventiva de 40 a 49 años de edad entre la proyección de la población nacional a mitad de año 2014 del Consejo Nacional de Población, por cien mil"
6200029733,Elementos de la policía preventiva municipal de 40 a 49 años por cada cien mil habitantes,2012,"Se calculó dividiendo el total de personal municipal de policía preventiva de 40 a 49 años de edad entre entre la proyección de la población nacional a mitad de año 2012  del Consejo Nacional de Población, por cien mil"
6200029773,Porcentaje de intervenciones de la policía municipal por presuntos delitos del fuero común,2014,"Se calculó dividiendo el total de intervenciones por presuntos delitos del fuero común, entre el total de intervenciones de la policía municipal, por cien"
6200029773,Porcentaje de intervenciones de la policía municipal por presuntos delitos del fuero común,2012,"Se calculó dividiendo el total de intervenciones por presuntos delitos del fuero común, entre el total de intervenciones de la policía municipal, por cien"
6200029780,Porcentaje de intervenciones de la policía municipal por presuntos delitos del fuero común no especificado condición de notificación,2014,"Se calculó dividiendo el total de intervenciones por delitos del fuero común sin especificar condición de notificación entre el total de intervenciones por delitos del fuero común de la policía municipal, por cien"
6200029780,Porcentaje de intervenciones de la policía municipal por presuntos delitos del fuero común no especificado condición de notificación,2012,"Se calculó dividiendo el total de intervenciones por delitos del fuero común sin especificar condición de notificación entre el total de intervenciones por delitos del fuero común de la policía municipal, por cien"
6200029781,Porcentaje de intervenciones de la policía municipal por presuntas infracciones  con notificación al juez cívico u oficial calificador,2014,"Se calculó dividiendo el total de intervenciones por presuntas infracciones con notificación al juez cívico u oficial calificador entre el total de intervenciones por presuntas infracciones de la policía municipal, por cien"
6200029781,Porcentaje de intervenciones de la policía municipal por presuntas infracciones  con notificación al juez cívico u oficial calificador,2012,"Se calculó dividiendo el total de intervenciones por presuntas infracciones con notificación al juez cívico u oficial calificador entre el total de intervenciones por presuntas infracciones de la policía municipal, por cien"
6200032111,Porcentaje de personal en las instituciones de las administraciones públicas municipales (secretaría del ayuntamiento),2014,"Se calculó dividiendo el número de personal (a nivel nacional) por tipo de función entre el número total de personal (a nivel nacional), por cien"
6200032111,Porcentaje de personal en las instituciones de las administraciones públicas municipales (secretaría del ayuntamiento),2012,"Se calculó dividiendo el número de personal (a nivel nacional) por tipo de función entre el número total de personal (a nivel nacional), por cien"
6200032112,Porcentaje de personal en las instituciones de las administraciones públicas municipales (oficina del presidente municipal o jefe delegacional),2014,"Se calculó dividiendo el número de personal (a nivel nacional) por tipo de función entre el número total de personal (a nivel nacional), por cien"
6200032112,Porcentaje de personal en las instituciones de las administraciones públicas municipales (oficina del presidente municipal o jefe delegacional),2012,"Se calculó dividiendo el número de personal (a nivel nacional) por tipo de función entre el número total de personal (a nivel nacional), por cien"
6200032113,Porcentaje de personal en las instituciones de las administraciones públicas municipales (medio ambiente y ecología),2014,"Se calculó dividiendo el número de personal (a nivel nacional) por tipo de función entre el número total de personal (a nivel nacional), por cien"
6200032113,Porcentaje de personal en las instituciones de las administraciones públicas municipales (medio ambiente y ecología),2012,"Se calculó dividiendo el número de personal (a nivel nacional) por tipo de función entre el número total de personal (a nivel nacional), por cien"
6200032114,Porcentaje de personal en las instituciones de las administraciones públicas municipales (salud),2014,"Se calculó dividiendo el número de personal (a nivel nacional) por tipo de función entre el número total de personal (a nivel nacional), por cien"
6200032114,Porcentaje de personal en las instituciones de las administraciones públicas municipales (salud),2012,"Se calculó dividiendo el número de personal (a nivel nacional) por tipo de función entre el número total de personal (a nivel nacional), por cien"
6200032115,Porcentaje de personal en las instituciones de las administraciones públicas municipales (desarrollo económico),2014,"Se calculó dividiendo el número de personal (a nivel nacional) por tipo de función entre el número total de personal (a nivel nacional), por cien"
6200032115,Porcentaje de personal en las instituciones de las administraciones públicas municipales (desarrollo económico),2012,"Se calculó dividiendo el número de personal (a nivel nacional) por tipo de función entre el número total de personal (a nivel nacional), por cien"
6200032116,Porcentaje de personal en las instituciones de las administraciones públicas municipales (otras),2014,"Se calculó dividiendo el número de personal (a nivel nacional) por tipo de función entre el número total de personal (a nivel nacional), por cien"
6200032116,Porcentaje de personal en las instituciones de las administraciones públicas municipales (otras),2012,"Se calculó dividiendo el número de personal (a nivel nacional) por tipo de función entre el número total de personal (a nivel nacional), por cien"
6200032118,Porcentaje de personal en las instituciones de las administraciones públicas municipales (planeación y/o evaluación),2014,"Se calculó dividiendo el número de personal (a nivel nacional) por tipo de función entre el número total de personal (a nivel nacional), por cien"
6200032118,Porcentaje de personal en las instituciones de las administraciones públicas municipales (planeación y/o evaluación),2012,"Se calculó dividiendo el número de personal (a nivel nacional) por tipo de función entre el número total de personal (a nivel nacional), por cien"
6200032120,Servidores públicos de las administraciones públicas municipales sancionados por cada mil servidores públicos,2014,"Se calculó dividiendo el número de servidores públicos sancionados (a nivel nacional) entre el número total de servidores públicos (a nivel nacional), por mil"
6200032120,Servidores públicos de las administraciones públicas municipales sancionados por cada mil servidores públicos,2012,"Se calculó dividiendo el número de servidores públicos sancionados (a nivel nacional) entre el número total de servidores públicos (a nivel nacional), por mil"
6200032124,Porcentaje de personal en las instituciones de las administraciones públicas municipales (gobierno),2014,"Se calculó dividiendo el número de personal (a nivel nacional) por tipo de función entre el número total de personal (a nivel nacional), por cien"
6200032124,Porcentaje de personal en las instituciones de las administraciones públicas municipales (gobierno),2012,"Se calculó dividiendo el número de personal (a nivel nacional) por tipo de función entre el número total de personal (a nivel nacional), por cien"
6200032126,Porcentaje de personal en las instituciones de las administraciones públicas municipales (trabajo),2014,"Se calculó dividiendo el número de personal (a nivel nacional) por tipo de función entre el número total de personal (a nivel nacional), por cien"
6200032126,Porcentaje de personal en las instituciones de las administraciones públicas municipales (trabajo),2012,"Se calculó dividiendo el número de personal (a nivel nacional) por tipo de función entre el número total de personal (a nivel nacional), por cien"
6200032128,Bienes inmuebles en las instituciones de las administraciones públicas municipales por cada cien servidores públicos,2014,"Se calculó dividiendo el número total de bienes inmuebles (a nivel nacional) entre el número total de personal (a nivel nacional), por cien"
6200032128,Bienes inmuebles en las instituciones de las administraciones públicas municipales por cada cien servidores públicos,2012,"Se calculó dividiendo el número total de bienes inmuebles (a nivel nacional) entre el número total de personal (a nivel nacional), por cien"
6200032148,"Porcentaje de personal en las instituciones de las administraciones públicas municipales (agua potable, saneamiento y alcantarillado)",2014,"Se calculó dividiendo el número de personal (a nivel nacional) por tipo de función entre el número total de personal (a nivel nacional), por cien"
6200032148,"Porcentaje de personal en las instituciones de las administraciones públicas municipales (agua potable, saneamiento y alcantarillado)",2012,"Se calculó dividiendo el número de personal (a nivel nacional) por tipo de función entre el número total de personal (a nivel nacional), por cien"
6200032149,Porcentaje de personal en las instituciones de las administraciones públicas municipales (turismo),2014,"Se calculó dividiendo el número de personal (a nivel nacional) por tipo de función entre el número total de personal (a nivel nacional), por cien"
6200032149,Porcentaje de personal en las instituciones de las administraciones públicas municipales (turismo),2012,"Se calculó dividiendo el número de personal (a nivel nacional) por tipo de función entre el número total de personal (a nivel nacional), por cien"
6200032151,Porcentaje de personal en las instituciones de las administraciones públicas municipales (informática o tecnologías de información o comunicación),2014,"Se calculó dividiendo el número de personal (a nivel nacional) por tipo de función entre el número total de personal (a nivel nacional), por cien"
6200032151,Porcentaje de personal en las instituciones de las administraciones públicas municipales (informática o tecnologías de información o comunicación),2012,"Se calculó dividiendo el número de personal (a nivel nacional) por tipo de función entre el número total de personal (a nivel nacional), por cien"
6200032153,Porcentaje de personal en las instituciones de las administraciones públicas municipales (seguridad pública),2014,"Se calculó dividiendo el número de personal (a nivel nacional) por tipo de función entre el número total de personal (a nivel nacional), por cien"
6200032153,Porcentaje de personal en las instituciones de las administraciones públicas municipales (seguridad pública),2012,"Se calculó dividiendo el número de personal (a nivel nacional) por tipo de función entre el número total de personal (a nivel nacional), por cien"
6200032155,Porcentaje de personal en las instituciones de las administraciones públicas municipales (tránsito),2014,"Se calculó dividiendo el número de personal (a nivel nacional) por tipo de función entre el número total de personal (a nivel nacional), por cien"
6200032155,Porcentaje de personal en las instituciones de las administraciones públicas municipales (tránsito),2012,"Se calculó dividiendo el número de personal (a nivel nacional) por tipo de función entre el número total de personal (a nivel nacional), por cien"
6200032156,Vehículos en las instituciones de las administraciones públicas municipales por cada cien servidores públicos,2014,"Se calculó dividiendo el número total de vehículos (a nivel nacional) entre el número total de personal (a nivel nacional), por cien"
6200032156,Vehículos en las instituciones de las administraciones públicas municipales por cada cien servidores públicos,2012,"Se calculó dividiendo el número total de vehículos (a nivel nacional) entre el número total de personal (a nivel nacional), por cien"
6200032157,Porcentaje de personal en las instituciones de las administraciones públicas municipales (contraloría interna),2014,"Se calculó dividiendo el número de personal (a nivel nacional) por tipo de función entre el número total de personal (a nivel nacional), por cien"
6200032157,Porcentaje de personal en las instituciones de las administraciones públicas municipales (contraloría interna),2012,"Se calculó dividiendo el número de personal (a nivel nacional) por tipo de función entre el número total de personal (a nivel nacional), por cien"
6200032158,Porcentaje de personal en las instituciones de las administraciones públicas municipales (tesorería o finanzas),2014,"Se calculó dividiendo el número de personal (a nivel nacional) por tipo de función entre el número total de personal (a nivel nacional), por cien"
6200032158,Porcentaje de personal en las instituciones de las administraciones públicas municipales (tesorería o finanzas),2012,"Se calculó dividiendo el número de personal (a nivel nacional) por tipo de función entre el número total de personal (a nivel nacional), por cien"
6200032173,Porcentaje de personal en las instituciones de las administraciones públicas municipales (bomberos),2014,"Se calculó dividiendo el número de personal (a nivel nacional) por tipo de función entre el número total de personal (a nivel nacional), por cien"
6200032173,Porcentaje de personal en las instituciones de las administraciones públicas municipales (bomberos),2012,"Se calculó dividiendo el número de personal (a nivel nacional) por tipo de función entre el número total de personal (a nivel nacional), por cien"
6200032175,Porcentaje de personal en las instituciones de las administraciones públicas municipales (desarrollo urbano),2014,"Se calculó dividiendo el número de personal (a nivel nacional) por tipo de función entre el número total de personal (a nivel nacional), por cien"
6200032175,Porcentaje de personal en las instituciones de las administraciones públicas municipales (desarrollo urbano),2012,"Se calculó dividiendo el número de personal (a nivel nacional) por tipo de función entre el número total de personal (a nivel nacional), por cien"
6200032177,Porcentaje de personal en las instituciones de las administraciones públicas municipales (asuntos jurídicos y/o consejería jurídica),2014,"Se calculó dividiendo el número de personal (a nivel nacional) por tipo de función entre el número total de personal (a nivel nacional), por cien"
6200032177,Porcentaje de personal en las instituciones de las administraciones públicas municipales (asuntos jurídicos y/o consejería jurídica),2012,"Se calculó dividiendo el número de personal (a nivel nacional) por tipo de función entre el número total de personal (a nivel nacional), por cien"
6200032190,Porcentaje de personal en las instituciones de las administraciones públicas municipales (obras públicas),2014,"Se calculó dividiendo el número de personal (a nivel nacional) por tipo de función entre el número total de personal (a nivel nacional), por cien"
6200032190,Porcentaje de personal en las instituciones de las administraciones públicas municipales (obras públicas),2012,"Se calculó dividiendo el número de personal (a nivel nacional) por tipo de función entre el número total de personal (a nivel nacional), por cien"
6200032198,Porcentaje de personal en las instituciones de las administraciones públicas municipales (comunicación social),2014,"Se calculó dividiendo el número de personal (a nivel nacional) por tipo de función entre el número total de personal (a nivel nacional), por cien"
6200032198,Porcentaje de personal en las instituciones de las administraciones públicas municipales (comunicación social),2012,"Se calculó dividiendo el número de personal (a nivel nacional) por tipo de función entre el número total de personal (a nivel nacional), por cien"
6200032199,Porcentaje de personal en las instituciones de las administraciones públicas municipales (participación ciudadana),2014,"Se calculó dividiendo el número de personal (a nivel nacional) por tipo de función entre el número total de personal (a nivel nacional), por cien"
6200032199,Porcentaje de personal en las instituciones de las administraciones públicas municipales (participación ciudadana),2012,"Se calculó dividiendo el número de personal (a nivel nacional) por tipo de función entre el número total de personal (a nivel nacional), por cien"
6200032202,Porcentaje de personal en las instituciones de las administraciones públicas municipales (mejora de la gestión gubernamental),2014,"Se calculó dividiendo el número de personal (a nivel nacional) por tipo de función entre el número total de personal (a nivel nacional), por cien"
6200032202,Porcentaje de personal en las instituciones de las administraciones públicas municipales (mejora de la gestión gubernamental),2012,"Se calculó dividiendo el número de personal (a nivel nacional) por tipo de función entre el número total de personal (a nivel nacional), por cien"
6200032206,Porcentaje de personal en las instituciones de las administraciones públicas municipales (Desarrollo Integral de la Familia (DIF)),2014,"Se calculó dividiendo el número de personal (a nivel nacional) por tipo de función entre el número total de personal (a nivel nacional), por cien"
6200032206,Porcentaje de personal en las instituciones de las administraciones públicas municipales (Desarrollo Integral de la Familia (DIF)),2012,"Se calculó dividiendo el número de personal (a nivel nacional) por tipo de función entre el número total de personal (a nivel nacional), por cien"
6200032207,Porcentaje de personal en las instituciones de las administraciones públicas municipales (justicia municipal),2014,"Se calculó dividiendo el número de personal (a nivel nacional) por tipo de función entre el número total de personal (a nivel nacional), por cien"
6200032207,Porcentaje de personal en las instituciones de las administraciones públicas municipales (justicia municipal),2012,"Se calculó dividiendo el número de personal (a nivel nacional) por tipo de función entre el número total de personal (a nivel nacional), por cien"
6200032220,Porcentaje de personal en las instituciones de las administraciones públicas municipales (equidad de género y/o derechos de las mujeres),2014,"Se calculó dividiendo el número de personal (a nivel nacional) por tipo de función entre el número total de personal (a nivel nacional), por cien"
6200032220,Porcentaje de personal en las instituciones de las administraciones públicas municipales (equidad de género y/o derechos de las mujeres),2012,"Se calculó dividiendo el número de personal (a nivel nacional) por tipo de función entre el número total de personal (a nivel nacional), por cien"
6200032222,Porcentaje de personal en las instituciones de las administraciones públicas municipales (transparencia),2014,"Se calculó dividiendo el número de personal (a nivel nacional) por tipo de función entre el número total de personal (a nivel nacional), por cien"
6200032222,Porcentaje de personal en las instituciones de las administraciones públicas municipales (transparencia),2012,"Se calculó dividiendo el número de personal (a nivel nacional) por tipo de función entre el número total de personal (a nivel nacional), por cien"
6200032223,Porcentaje de personal en las instituciones de las administraciones públicas municipales (servicios públicos),2014,"Se calculó dividiendo el número de personal (a nivel nacional) por tipo de función entre el número total de personal (a nivel nacional), por cien"
6200032223,Porcentaje de personal en las instituciones de las administraciones públicas municipales (servicios públicos),2012,"Se calculó dividiendo el número de personal (a nivel nacional) por tipo de función entre el número total de personal (a nivel nacional), por cien"
6200032224,Porcentaje de personal en las instituciones de las administraciones públicas municipales (desarrollo social),2014,"Se calculó dividiendo el número de personal (a nivel nacional) por tipo de función entre el número total de personal (a nivel nacional), por cien"
6200032224,Porcentaje de personal en las instituciones de las administraciones públicas municipales (desarrollo social),2012,"Se calculó dividiendo el número de personal (a nivel nacional) por tipo de función entre el número total de personal (a nivel nacional), por cien"
6200032225,Porcentaje de personal en las instituciones de las administraciones públicas municipales (oficialía mayor o administración),2014,"Se calculó dividiendo el número de personal (a nivel nacional) por tipo de función entre el número total de personal (a nivel nacional), por cien"
6200032225,Porcentaje de personal en las instituciones de las administraciones públicas municipales (oficialía mayor o administración),2012,"Se calculó dividiendo el número de personal (a nivel nacional) por tipo de función entre el número total de personal (a nivel nacional), por cien"
6200032226,Aparatos telefónicos en las instituciones de las administraciones públicas municipales por cada cien servidores públicos,2014,"Se calculó dividiendo el número total de aparatos telefónicos (a nivel nacional) entre el número total de personal (a nivel nacional), por cien"
6200032226,Aparatos telefónicos en las instituciones de las administraciones públicas municipales por cada cien servidores públicos,2012,"Se calculó dividiendo el número total de aparatos telefónicos (a nivel nacional) entre el número total de personal (a nivel nacional), por cien"
6200032240,Porcentaje de personal en las instituciones de las administraciones públicas municipales (educación),2014,"Se calculó dividiendo el número de personal (a nivel nacional) por tipo de función entre el número total de personal (a nivel nacional), por cien"
6200032240,Porcentaje de personal en las instituciones de las administraciones públicas municipales (educación),2012,"Se calculó dividiendo el número de personal (a nivel nacional) por tipo de función entre el número total de personal (a nivel nacional), por cien"
6200032243,Porcentaje de personal en las instituciones de las administraciones públicas municipales (protección civil),2014,"Se calculó dividiendo el número de personal (a nivel nacional) por tipo de función entre el número total de personal (a nivel nacional), por cien"
6200032243,Porcentaje de personal en las instituciones de las administraciones públicas municipales (protección civil),2012,"Se calculó dividiendo el número de personal (a nivel nacional) por tipo de función entre el número total de personal (a nivel nacional), por cien"
6200035295,Porcentaje de presuntos delitos registrados en las intervenciones de la policía municipal (fuero común),2014,"Se calculó dividiento el total de presuntos delitos del fuero común registrados en las intervenciones de la policía municipal entre el total de presuntos delitos registrados en las intervenciones de la policía municipal, por cien"
6200035295,Porcentaje de presuntos delitos registrados en las intervenciones de la policía municipal (fuero común),2012,"Se calculó dividiento el total de presuntos delitos del fuero común registrados en las intervenciones de la policía municipal entre el total de presuntos delitos registrados en las intervenciones de la policía municipal, por cien"
6200035297,Porcentaje de presuntos delitos registrados en las intervenciones de la policía municipal (fuero federal),2014,"Se calculó dividiento el total de presuntos delitos del fuero federal registrados en las intervenciones de la policía municipal entre el total de presuntos delitos registrados en las intervenciones de la policía municipal, por cien"
6200035297,Porcentaje de presuntos delitos registrados en las intervenciones de la policía municipal (fuero federal),2012,"Se calculó dividiento el total de presuntos delitos del fuero federal registrados en las intervenciones de la policía municipal entre el total de presuntos delitos registrados en las intervenciones de la policía municipal, por cien"
6200035301,Personal destinado a funciones de seguridad pública municipal por cada cien mil habitantes,2012,"Se calculó dividiendo el total nacional del personal destinado a funciones de seguridad pública municipal entre la proyección de la población nacional a mitad de año 2012  del Consejo Nacional de Población, por cien mil"
6200035304,Personal destinado a funciones de justicia municipal por cada cien mil habitantes,2012,"Se calculó dividiendo el total nacional del personal destinado a funciones de justicia municipal entre la proyección de la población nacional a mitad de año 2012  del Consejo Nacional de Población, por cien mil"
6200089265,"Cantidad de tomas de agua en operación sin macromedidor, para abastecimiento público",2014,Información agrupada para los municipios de Monclova y Frontera
6200089265,"Cantidad de tomas de agua en operación sin macromedidor, para abastecimiento público",2012,Información agrupada para los municipios de Monclova y Frontera
6200089265,"Cantidad de tomas de agua en operación sin macromedidor, para abastecimiento público",2010,"Información agrupada para los municipios de Guadalajara, Tonalá, Tlaquepaque y Zapopan"
6200089270,"Cantidad de tomas de agua en operación con macromedidor sin funcionar, para abastecimiento público",2014,Información agrupada para los municipios de Monclova y Frontera
6200089270,"Cantidad de tomas de agua en operación con macromedidor sin funcionar, para abastecimiento público",2012,Información agrupada para los municipios de Monclova y Frontera
6200089270,"Cantidad de tomas de agua en operación con macromedidor sin funcionar, para abastecimiento público",2010,"Información agrupada para los municipios de Guadalajara, Tonalá, Tlaquepaque y Zapopan"
6200089271,"Cantidad de tomas de agua en operación con macromedidor funcionando, para abastecimiento público",2014,Información agrupada para los municipios de Monclova y Frontera
6200089271,"Cantidad de tomas de agua en operación con macromedidor funcionando, para abastecimiento público",2012,Información agrupada para los municipios de Monclova y Frontera
6200089271,"Cantidad de tomas de agua en operación con macromedidor funcionando, para abastecimiento público",2010,Información agrupada para los municipios de Monclova y Frontera
6200089278,Cantidad de puntos de descarga de aguas residuales municipales sin tratamiento con salida a un río o arroyo,2014,Información agrupada para los municipios de Monclova y Frontera
6200089278,Cantidad de puntos de descarga de aguas residuales municipales sin tratamiento con salida a un río o arroyo,2012,Información agrupada para los municipios de Monclova y Frontera
6200089278,Cantidad de puntos de descarga de aguas residuales municipales sin tratamiento con salida a un río o arroyo,2010,"Información agrupada para los municipios de Guadalajara, Tonalá, Tlaquepaque y Zapopan"
6200089279,Cantidad de puntos de descarga de aguas residuales municipales sin tratamiento con salida al cuerpo de una presa,2014,Información agrupada para los municipios de Monclova y Frontera
6200089279,Cantidad de puntos de descarga de aguas residuales municipales sin tratamiento con salida al cuerpo de una presa,2012,Información agrupada para los municipios de Monclova y Frontera
6200089279,Cantidad de puntos de descarga de aguas residuales municipales sin tratamiento con salida al cuerpo de una presa,2010,"Información agrupada para los municipios de Guadalajara, Tonalá, Tlaquepaque y Zapopan"
6200089280,Cantidad de puntos de descarga de aguas residuales municipales sin tratamiento con salida al mar,2014,Información agrupada para los municipios de Monclova y Frontera
6200089280,Cantidad de puntos de descarga de aguas residuales municipales sin tratamiento con salida al mar,2012,Información agrupada para los municipios de Monclova y Frontera
6200089280,Cantidad de puntos de descarga de aguas residuales municipales sin tratamiento con salida al mar,2010,"Información agrupada para los municipios de Guadalajara, Tonalá, Tlaquepaque y Zapopan"
6200089281,Cantidad de puntos de descarga de aguas residuales municipales sin tratamiento con salida a un lago o laguna,2014,Información agrupada para los municipios de Monclova y Frontera
6200089281,Cantidad de puntos de descarga de aguas residuales municipales sin tratamiento con salida a un lago o laguna,2012,Información agrupada para los municipios de Monclova y Frontera
6200089281,Cantidad de puntos de descarga de aguas residuales municipales sin tratamiento con salida a un lago o laguna,2010,"Información agrupada para los municipios de Guadalajara, Tonalá, Tlaquepaque y Zapopan"
6200089282,Cantidad de puntos de descarga de aguas residuales municipales sin tratamiento con salida a un gran colector,2014,Información agrupada para los municipios de Monclova y Frontera
6200089282,Cantidad de puntos de descarga de aguas residuales municipales sin tratamiento con salida a un gran colector,2012,Información agrupada para los municipios de Monclova y Frontera
6200089282,Cantidad de puntos de descarga de aguas residuales municipales sin tratamiento con salida a un gran colector,2010,"Información agrupada para los municipios de Guadalajara, Tonalá, Tlaquepaque y Zapopan"
6200089283,Cantidad de puntos de descarga de aguas residuales municipales sin tratamiento con salida a un canal,2014,Información agrupada para los municipios de Monclova y Frontera
6200089283,Cantidad de puntos de descarga de aguas residuales municipales sin tratamiento con salida a un canal,2012,Información agrupada para los municipios de Monclova y Frontera
6200089283,Cantidad de puntos de descarga de aguas residuales municipales sin tratamiento con salida a un canal,2010,"Información agrupada para los municipios de Guadalajara, Tonalá, Tlaquepaque y Zapopan"
6200089284,Cantidad de puntos de descarga de aguas residuales municipales sin tratamiento con salida al suelo o barranca,2014,Información agrupada para los municipios de Monclova y Frontera
6200089284,Cantidad de puntos de descarga de aguas residuales municipales sin tratamiento con salida al suelo o barranca,2012,Información agrupada para los municipios de Monclova y Frontera
6200089284,Cantidad de puntos de descarga de aguas residuales municipales sin tratamiento con salida al suelo o barranca,2010,"Información agrupada para los municipios de Guadalajara, Tonalá, Tlaquepaque y Zapopan"
6200093527,Cantidad de puntos de descarga de aguas residuales municipales sin tratamiento,2014,"Información agrupada para los municipios de Guadalajara, Tonalá, Tlaquepaque y Zapopan"
6200093527,Cantidad de puntos de descarga de aguas residuales municipales sin tratamiento,2012,Información agrupada para los municipios de Monclova y Frontera
6200093527,Cantidad de puntos de descarga de aguas residuales municipales sin tratamiento,2010,"Información agrupada para los municipios de Guadalajara, Tonalá, Tlaquepaque y Zapopan"
6200093528,Cantidad de tomas de agua en operación para abastecimiento público,2014,Información agrupada para los municipios de Monclova y Frontera
6200093528,Cantidad de tomas de agua en operación para abastecimiento público,2012,Información agrupada para los municipios de Monclova y Frontera
6200093528,Cantidad de tomas de agua en operación para abastecimiento público,2010,"Información agrupada para los municipios de Guadalajara, Tonalá, Tlaquepaque y Zapopan"
6200101795,Cantidad promedio diaria de residuos sólidos urbanos recolectados,2012,El dato proporcionado por el informante es menor a 100 kilogramos diarios
6200101795,Cantidad promedio diaria de residuos sólidos urbanos recolectados,2010,El dato proporcionado por el informante es menor a 100 kilogramos diarios
6204568454,"Administraciones públicas municipales con servicio transaccional para la atención de trámites a través de sitio WEB, constancia de domicilio",2014,El total corresponde a la suma de las cifras proporcionadas por las administraciones públicas municipales que contaron con datos o elementos para responder sobre el tema.
6204568455,"Administraciones públicas municipales con servicio transaccional para la atención de trámites a través de sitio WEB, pago de impuesto predial",2014,El total corresponde a la suma de las cifras proporcionadas por las administraciones públicas municipales que contaron con datos o elementos para responder sobre el tema.
6204568456,"Administraciones públicas municipales con servicio transaccional para la atención de trámites a través de sitio WEB, reparación de fugas de agua",2014,El total corresponde a la suma de las cifras proporcionadas por las administraciones públicas municipales que contaron con datos o elementos para responder sobre el tema.
6204568462,"Administraciones públicas municipales con servicio transaccional para la atención de trámites a través de sitio WEB, pago de infracciones de tránsito",2014,El total corresponde a la suma de las cifras proporcionadas por las administraciones públicas municipales que contaron con datos o elementos para responder sobre el tema.
6204568467,"Administraciones públicas municipales con servicio transaccional para la atención de trámites a través de sitio WEB, contratación de toma de agua y drenaje",2014,El total corresponde a la suma de las cifras proporcionadas por las administraciones públicas municipales que contaron con datos o elementos para responder sobre el tema.
6204568468,"Administraciones públicas municipales con servicio transaccional para la atención de trámites a través de sitio WEB, licencia de funcionamiento (apertura)",2014,El total corresponde a la suma de las cifras proporcionadas por las administraciones públicas municipales que contaron con datos o elementos para responder sobre el tema.
6204568478,"Administraciones públicas municipales con servicio transaccional para la atención de trámites a través de sitio WEB, copia certificada de acta del registro civil",2014,El total corresponde a la suma de las cifras proporcionadas por las administraciones públicas municipales que contaron con datos o elementos para responder sobre el tema.
6204568481,"Administraciones públicas municipales con servicio transaccional para la atención de trámites a través de sitio WEB, licencia de construcción (en todas sus modalidades)",2014,El total corresponde a la suma de las cifras proporcionadas por las administraciones públicas municipales que contaron con datos o elementos para responder sobre el tema.
6204568484,"Administraciones públicas municipales con servicio transaccional para la atención de trámites a través de sitio WEB, licencia de funcionamiento (distinto a apertura y baja)",2014,El total corresponde a la suma de las cifras proporcionadas por las administraciones públicas municipales que contaron con datos o elementos para responder sobre el tema.
6204568486,"Administraciones públicas municipales con servicio transaccional para la atención de trámites a través de sitio WEB, pago de derechos por suministro de agua potable y drenaje",2014,El total corresponde a la suma de las cifras proporcionadas por las administraciones públicas municipales que contaron con datos o elementos para responder sobre el tema.
6204591793,"Trámites atendidos por las administraciones públicas municipales, consulta médica",2014,"No le aplcia el tema, debido a que la administración pública reportó no contar con este tipo de trámite."
6204591798,"Trámites atendidos por las administraciones públicas municipales, constancia de domicilio",2014,"No le aplcia el tema, debido a que la administración pública reportó no contar con este tipo de trámite."
6204591799,"Trámites atendidos por las administraciones públicas municipales, pago de impuesto predial",2014,"No le aplcia el tema, debido a que la administración pública reportó no contar con este tipo de trámite."
6204591800,"Trámites atendidos por las administraciones públicas municipales, reparación de fugas de agua",2014,"No le aplcia el tema, debido a que la administración pública reportó no contar con este tipo de trámite."
6204591801,"Trámites atendidos por las administraciones públicas municipales, pago de infracción de tránsito",2014,"No le aplcia el tema, debido a que la administración pública reportó no contar con este tipo de trámite."
6204591803,"Trámites atendidos por las administraciones públicas municipales, pago de infracciones de tránsito",2014,"No le aplcia el tema, debido a que la administración pública reportó no contar con este tipo de trámite."
6204591804,"Trámites atendidos por las administraciones públicas municipales, servicio de agua potable en pipas",2014,"No le aplcia el tema, debido a que la administración pública reportó no contar con este tipo de trámite."
6204591806,"Trámites atendidos por las administraciones públicas municipales, contratación de toma de agua y drenaje",2014,"No le aplcia el tema, debido a que la administración pública reportó no contar con este tipo de trámite."
6204591811,"Trámites atendidos por las administraciones públicas municipales, copia certificada de acta del registro civil",2014,"No le aplcia el tema, debido a que la administración pública reportó no contar con este tipo de trámite."
6204591815,"Trámites atendidos por las administraciones públicas municipales, pago de derechos por suministro de agua potable y drenaje",2014,"No le aplcia el tema, debido a que la administración pública reportó no contar con este tipo de trámite."

