﻿cve_entidad,desc_entidad,cve_municipio,desc_municipio,id_indicador,indicador,año,valor,unidad_medida
26,Sonora,0,Estatal,6200002199,Tasa de prevalencia delictiva por cada diez mil unidades económicas,2011,4403.04162230298,Casos por cada 10 mil unidades económicas
26,Sonora,0,Estatal,6200002199,Tasa de prevalencia delictiva por cada diez mil unidades económicas,2013,2917.60129079109,Casos por cada 10 mil unidades económicas
26,Sonora,0,Estatal,6200002199,Tasa de prevalencia delictiva por cada diez mil unidades económicas,2015,4635.51651578399,Casos por cada 10 mil unidades económicas
26,Sonora,0,Estatal,6200002199,Tasa de prevalencia delictiva por cada diez mil unidades económicas,2017,4317.91249940425,Casos por cada 10 mil unidades económicas
26,Sonora,0,Estatal,6200002199,Tasa de prevalencia delictiva por cada diez mil unidades económicas,2019,3491.62719126364,Casos por cada 10 mil unidades económicas
26,Sonora,0,Estatal,6200002201,Porcentaje de unidades económicas víctimas del delito,2011,44.03042,Porcentaje
26,Sonora,0,Estatal,6200002201,Porcentaje de unidades económicas víctimas del delito,2013,29.1760129079109,Porcentaje
26,Sonora,0,Estatal,6200002201,Porcentaje de unidades económicas víctimas del delito,2015,46.3551651578399,Porcentaje
26,Sonora,0,Estatal,6200002201,Porcentaje de unidades económicas víctimas del delito,2017,43.1791249940425,Porcentaje
26,Sonora,0,Estatal,6200002201,Porcentaje de unidades económicas víctimas del delito,2019,34.9162719126364,Porcentaje
26,Sonora,0,Estatal,6200002202,Promedio de delitos por unidad económica víctima,2011,2.72638,Promedio
26,Sonora,0,Estatal,6200002202,Promedio de delitos por unidad económica víctima,2013,2.01187866083438,Promedio
26,Sonora,0,Estatal,6200002202,Promedio de delitos por unidad económica víctima,2015,2.73182574118934,Promedio
26,Sonora,0,Estatal,6200002202,Promedio de delitos por unidad económica víctima,2017,2.15911557472333,Promedio
26,Sonora,0,Estatal,6200002202,Promedio de delitos por unidad económica víctima,2019,3.06652970598,Promedio
26,Sonora,0,Estatal,6200002231,Cifra negra de delitos en unidades económicas,2011,91.6410872370661,Porcentaje
26,Sonora,0,Estatal,6200002231,Cifra negra de delitos en unidades económicas,2013,79.5082476824558,Porcentaje
26,Sonora,0,Estatal,6200002231,Cifra negra de delitos en unidades económicas,2015,88.3059512937627,Porcentaje
26,Sonora,0,Estatal,6200002231,Cifra negra de delitos en unidades económicas,2017,90.620404286161,Porcentaje
26,Sonora,0,Estatal,6200002232,Costo promedio del delito en unidades económicas,2011,45511.9164340596,Pesos
26,Sonora,0,Estatal,6200002232,Costo promedio del delito en unidades económicas,2013,90356.1515883068,Pesos
26,Sonora,0,Estatal,6200002232,Costo promedio del delito en unidades económicas,2015,64823.0743637786,Pesos
26,Sonora,0,Estatal,6200002232,Costo promedio del delito en unidades económicas,2017,56447.0776258006,Pesos
26,Sonora,0,Estatal,6200002232,Costo promedio del delito en unidades económicas,2019,60623.2273895336,Pesos
26,Sonora,0,Estatal,6200002233,Costo del delito en unidades económicas,2011,2099042896.11048,Pesos
26,Sonora,0,Estatal,6200002233,Costo del delito en unidades económicas,2013,3626597150.39311,Pesos
26,Sonora,0,Estatal,6200002233,Costo del delito en unidades económicas,2015,3920127108.73626,Pesos
26,Sonora,0,Estatal,6200002233,Costo del delito en unidades económicas,2017,3352664277.00293,Pesos
26,Sonora,0,Estatal,6200002233,Costo del delito en unidades económicas,2019,3737937260.40766,Pesos
26,Sonora,0,Estatal,6200002234,Porcentaje de delitos con portación de armas en unidades económicas,2011,37.1785866329054,Porcentaje
26,Sonora,0,Estatal,6200002234,Porcentaje de delitos con portación de armas en unidades económicas,2013,61.8146148643524,Porcentaje
26,Sonora,0,Estatal,6200002234,Porcentaje de delitos con portación de armas en unidades económicas,2015,33.0176957117346,Porcentaje
26,Sonora,0,Estatal,6200002234,Porcentaje de delitos con portación de armas en unidades económicas,2017,40.8319120114784,Porcentaje
26,Sonora,0,Estatal,6200002234,Porcentaje de delitos con portación de armas en unidades económicas,2019,24.951877455449,Porcentaje
26,Sonora,0,Estatal,6200002235,Tasa de unidades económicas que considera insegura su colonia o localidad por cada diez mil unidades económicas.,2012,3732.66998817605,Casos por cada 10 mil unidades económicas
26,Sonora,0,Estatal,6200002235,Tasa de unidades económicas que considera insegura su colonia o localidad por cada diez mil unidades económicas.,2014,3266.9459047667,Casos por cada 10 mil unidades económicas
26,Sonora,0,Estatal,6200002235,Tasa de unidades económicas que considera insegura su colonia o localidad por cada diez mil unidades económicas.,2016,4117.80835016442,Casos por cada 10 mil unidades económicas
26,Sonora,0,Estatal,6200002235,Tasa de unidades económicas que considera insegura su colonia o localidad por cada diez mil unidades económicas.,2018,4342.65310562183,Casos por cada 10 mil unidades económicas
26,Sonora,0,Estatal,6200002235,Tasa de unidades económicas que considera insegura su colonia o localidad por cada diez mil unidades económicas.,2020,3679.43192526847,Casos por cada 10 mil unidades económicas
26,Sonora,0,Estatal,6200002237,Tasa de unidades económicas que considera insegura su entidad federativa por cada diez mil unidades económicas.,2012,6440.02538260842,Casos por cada 10 mil unidades económicas
26,Sonora,0,Estatal,6200002237,Tasa de unidades económicas que considera insegura su entidad federativa por cada diez mil unidades económicas.,2014,5459.36560796479,Casos por cada 10 mil unidades económicas
26,Sonora,0,Estatal,6200002237,Tasa de unidades económicas que considera insegura su entidad federativa por cada diez mil unidades económicas.,2016,5278.84450148041,Casos por cada 10 mil unidades económicas
26,Sonora,0,Estatal,6200002237,Tasa de unidades económicas que considera insegura su entidad federativa por cada diez mil unidades económicas.,2018,5587.66616557358,Casos por cada 10 mil unidades económicas
26,Sonora,0,Estatal,6200002237,Tasa de unidades económicas que considera insegura su entidad federativa por cada diez mil unidades económicas.,2020,7303.09257752629,Casos por cada 10 mil unidades económicas
26,Sonora,0,Estatal,6200002238,Tasa de unidades económicas que considera inseguro su municipio o delegación por cada diez mil unidades económicas.,2012,5155.98311001625,Casos por cada 10 mil unidades económicas
26,Sonora,0,Estatal,6200002238,Tasa de unidades económicas que considera inseguro su municipio o delegación por cada diez mil unidades económicas.,2014,4340.88115861671,Casos por cada 10 mil unidades económicas
26,Sonora,0,Estatal,6200002238,Tasa de unidades económicas que considera inseguro su municipio o delegación por cada diez mil unidades económicas.,2016,4571.67119458333,Casos por cada 10 mil unidades económicas
26,Sonora,0,Estatal,6200002238,Tasa de unidades económicas que considera inseguro su municipio o delegación por cada diez mil unidades económicas.,2018,5484.43865374456,Casos por cada 10 mil unidades económicas
26,Sonora,0,Estatal,6200002238,Tasa de unidades económicas que considera inseguro su municipio o delegación por cada diez mil unidades económicas.,2020,6125.22832485782,Casos por cada 10 mil unidades económicas
26,Sonora,0,Estatal,6200002239,Porcentaje de unidades económicas que identifica a la policía estatal y considera algo efectivo o muy efectivo el trabajo de la policía estatal,2012,44.49281,Porcentaje
26,Sonora,0,Estatal,6200002239,Porcentaje de unidades económicas que identifica a la policía estatal y considera algo efectivo o muy efectivo el trabajo de la policía estatal,2014,47.9924873164499,Porcentaje
26,Sonora,0,Estatal,6200002239,Porcentaje de unidades económicas que identifica a la policía estatal y considera algo efectivo o muy efectivo el trabajo de la policía estatal,2016,40.9721188978835,Porcentaje
26,Sonora,0,Estatal,6200002239,Porcentaje de unidades económicas que identifica a la policía estatal y considera algo efectivo o muy efectivo el trabajo de la policía estatal,2018,34.9100468586332,Porcentaje
26,Sonora,0,Estatal,6200002239,Porcentaje de unidades económicas que identifica a la policía estatal y considera algo efectivo o muy efectivo el trabajo de la policía estatal,2020,50.9673261803946,Porcentaje
26,Sonora,0,Estatal,6200002240,Porcentaje de unidades económicas que identifica a la policía federal y considera algo efectivo o muy efectivo el trabajo de la policía federal,2012,50.24075,Porcentaje
26,Sonora,0,Estatal,6200002240,Porcentaje de unidades económicas que identifica a la policía federal y considera algo efectivo o muy efectivo el trabajo de la policía federal,2014,61.3871251109987,Porcentaje
26,Sonora,0,Estatal,6200002240,Porcentaje de unidades económicas que identifica a la policía federal y considera algo efectivo o muy efectivo el trabajo de la policía federal,2016,53.8917440736018,Porcentaje
26,Sonora,0,Estatal,6200002240,Porcentaje de unidades económicas que identifica a la policía federal y considera algo efectivo o muy efectivo el trabajo de la policía federal,2018,46.243517179072,Porcentaje
26,Sonora,0,Estatal,6200002240,Porcentaje de unidades económicas que identifica a la policía federal y considera algo efectivo o muy efectivo el trabajo de la policía federal,2020,60.6248711840834,Porcentaje
26,Sonora,0,Estatal,6200028528,Tasa de concentración de delitos ocurridos,2011,2.72637630509186,Tasa
26,Sonora,0,Estatal,6200028528,Tasa de concentración de delitos ocurridos,2013,2.01187866083438,Tasa
26,Sonora,0,Estatal,6200028528,Tasa de concentración de delitos ocurridos,2015,2.73182574118934,Tasa
26,Sonora,0,Estatal,6200028528,Tasa de concentración de delitos ocurridos,2017,2.15911557472333,Tasa
26,Sonora,0,Estatal,6200028528,Tasa de concentración de delitos ocurridos,2019,3.06652970598,Tasa
26,Sonora,0,Estatal,6200324150,Delitos denunciados ante el Ministerio Público a partir de los cuales no se inició averiguación previa o no se especifica si se inició averiguación previa (en unidades económicas),2011,2921.72288,Delitos
26,Sonora,0,Estatal,6200324150,Delitos denunciados ante el Ministerio Público a partir de los cuales no se inició averiguación previa o no se especifica si se inició averiguación previa (en unidades económicas),2013,1936.7555,Delitos
26,Sonora,0,Estatal,6200324150,Delitos denunciados ante el Ministerio Público a partir de los cuales no se inició averiguación previa o no se especifica si se inició averiguación previa (en unidades económicas),2015,3478.71764981,Delitos
26,Sonora,0,Estatal,6200324150,Delitos denunciados ante el Ministerio Público a partir de los cuales no se inició averiguación previa o no se especifica si se inició averiguación previa (en unidades económicas),2017,2121.52337318051,Delitos
26,Sonora,0,Estatal,6200324150,Delitos denunciados ante el Ministerio Público a partir de los cuales no se inició averiguación previa o no se especifica si se inició averiguación previa (en unidades económicas),2019,1895.8301033116,Delitos
26,Sonora,0,Estatal,6200324151,Delitos no denunciados o en los que no se especifica si se denunció ante el Ministerio Público (en unidades económicas),2011,87050.3627400003,Delitos
26,Sonora,0,Estatal,6200324151,Delitos no denunciados o en los que no se especifica si se denunció ante el Ministerio Público (en unidades económicas),2013,38702.57775,Delitos
26,Sonora,0,Estatal,6200324151,Delitos no denunciados o en los que no se especifica si se denunció ante el Ministerio Público (en unidades económicas),2015,104375.7170476,Delitos
26,Sonora,0,Estatal,6200324151,Delitos no denunciados o en los que no se especifica si se denunció ante el Ministerio Público (en unidades económicas),2017,79323.1795034329,Delitos
26,Sonora,0,Estatal,6200324152,Delitos ocurridos a unidades económicas,2011,98178.7627500012,Delitos
26,Sonora,0,Estatal,6200324152,Delitos ocurridos a unidades económicas,2013,51113.35545,Delitos
26,Sonora,0,Estatal,6200324152,Delitos ocurridos a unidades económicas,2015,122137.22078438,Delitos
26,Sonora,0,Estatal,6200324152,Delitos ocurridos a unidades económicas,2017,89874.5746260714,Delitos
26,Sonora,0,Estatal,6200324152,Delitos ocurridos a unidades económicas,2019,110922.011290305,Delitos
26,Sonora,0,Estatal,6200324166,Porcentaje de unidades económicas que identifica a los Ministerios Públicos y Procuradurías y manifiesta que les generan confianza,2012,37.9608897762106,Porcentaje
26,Sonora,0,Estatal,6200324166,Porcentaje de unidades económicas que identifica a los Ministerios Públicos y Procuradurías y manifiesta que les generan confianza,2014,48.1696096345607,Porcentaje
26,Sonora,0,Estatal,6200324166,Porcentaje de unidades económicas que identifica a los Ministerios Públicos y Procuradurías y manifiesta que les generan confianza,2016,40.2865667289085,Porcentaje
26,Sonora,0,Estatal,6200324166,Porcentaje de unidades económicas que identifica a los Ministerios Públicos y Procuradurías y manifiesta que les generan confianza,2018,36.6281076314908,Porcentaje
26,Sonora,0,Estatal,6200324167,Unidades económicas que identifican al Ministerio Público y Procuradurías y les genera mucha confianza,2012,4039.8614,Unidades económicas
26,Sonora,0,Estatal,6200324167,Unidades económicas que identifican al Ministerio Público y Procuradurías y les genera mucha confianza,2014,4919.04473,Unidades económicas
26,Sonora,0,Estatal,6200324167,Unidades económicas que identifican al Ministerio Público y Procuradurías y les genera mucha confianza,2016,5348.93382284,Unidades económicas
26,Sonora,0,Estatal,6200324167,Unidades económicas que identifican al Ministerio Público y Procuradurías y les genera mucha confianza,2018,4603.80916807395,Unidades económicas
26,Sonora,0,Estatal,6200324167,Unidades económicas que identifican al Ministerio Público y Procuradurías y les genera mucha confianza,2020,4442.47616404393,Unidades económicas
26,Sonora,0,Estatal,6200324168,Unidades económicas que identifican al Ministerio Público y Procuradurías y les genera alguna confianza,2012,10380.45933,Unidades económicas
26,Sonora,0,Estatal,6200324168,Unidades económicas que identifican al Ministerio Público y Procuradurías y les genera alguna confianza,2014,17129.56695,Unidades económicas
26,Sonora,0,Estatal,6200324168,Unidades económicas que identifican al Ministerio Público y Procuradurías y les genera alguna confianza,2016,18677.38802866,Unidades económicas
26,Sonora,0,Estatal,6200324168,Unidades económicas que identifican al Ministerio Público y Procuradurías y les genera alguna confianza,2018,14775.4272315693,Unidades económicas
26,Sonora,0,Estatal,6200324169,Unidades económicas que identifican al Ministerio Público y Procuradurías,2012,37987.3096100001,Unidades económicas
26,Sonora,0,Estatal,6200324169,Unidades económicas que identifican al Ministerio Público y Procuradurías,2014,45772.86768,Unidades económicas
26,Sonora,0,Estatal,6200324169,Unidades económicas que identifican al Ministerio Público y Procuradurías,2016,59638.5440665,Unidades económicas
26,Sonora,0,Estatal,6200324169,Unidades económicas que identifican al Ministerio Público y Procuradurías,2018,52908.1015994997,Unidades económicas
26,Sonora,0,Estatal,6204591957,Total de unidades económicas víctimas de por lo menos un delito,2011,36010.7159700001,Unidades económicas
26,Sonora,0,Estatal,6204591957,Total de unidades económicas víctimas de por lo menos un delito,2013,24440.45453,Unidades económicas
26,Sonora,0,Estatal,6204591957,Total de unidades económicas víctimas de por lo menos un delito,2015,44288.18834322,Unidades económicas
26,Sonora,0,Estatal,6204591957,Total de unidades económicas víctimas de por lo menos un delito,2017,41561.6349717657,Unidades económicas
26,Sonora,0,Estatal,6204591958,Total de unidades económicas,2012,81785.9994500005,Unidades económicas
26,Sonora,0,Estatal,6204591958,Total de unidades económicas,2014,83769.00095,Unidades económicas
26,Sonora,0,Estatal,6204591958,Total de unidades económicas,2016,95540.9999995,Unidades económicas
26,Sonora,0,Estatal,6204591958,Total de unidades económicas,2018,96254.0000000001,Unidades económicas

