﻿id_indicador,nombre,nota
5000000001,Total de establecimientos. Universo total,Universo de unidades económicas
5000000002,Personal ocupado. Universo total,Universo de unidades económicas
5300000004,Unidades económicas. Sector 11. Pesca y acuicultura,"El nombre de las actividades económicas se recortó para fines de presentación en este sistema de consulta; para una referencia completa, favor de remitirse al Sistema de Clasificación Industrial de América del Norte (SCIAN)."
5300000006,"Unidades económicas. Sector 22. Electricidad, agua y gas","El nombre de las actividades económicas se recortó para fines de presentación en este sistema de consulta; para una referencia completa, favor de remitirse al Sistema de Clasificación Industrial de América del Norte (SCIAN)."
5300000014,Personal ocupado total. Sector 11. Pesca y acuicultura.,"El nombre de las actividades económicas se recortó para fines de presentación en este sistema de consulta; para una referencia completa, favor de remitirse al Sistema de Clasificación Industrial de América del Norte (SCIAN)."
5300000016,Personal ocupado total. Sector 22. Agua y gas.,"El nombre de las actividades económicas se recortó para fines de presentación en este sistema de consulta; para una referencia completa, favor de remitirse al Sistema de Clasificación Industrial de América del Norte (SCIAN)."
5300000024,Total remuneraciones. Sector 11. Pesca y acuicultura,"El nombre de las actividades económicas se recortó para fines de presentación en este sistema de consulta; para una referencia completa, favor de remitirse al Sistema de Clasificación Industrial de América del Norte (SCIAN)."
5300000026,"Total remuneraciones. Sector 22. Electricidad, agua y gas","El nombre de las actividades económicas se recortó para fines de presentación en este sistema de consulta; para una referencia completa, favor de remitirse al Sistema de Clasificación Industrial de América del Norte (SCIAN)."
5300000034,Producción bruta total. Sector 11. Pesca y acuicultura,"El nombre de las actividades económicas se recortó para fines de presentación en este sistema de consulta; para una referencia completa, favor de remitirse al Sistema de Clasificación Industrial de América del Norte (SCIAN)."
5300000036,"Producción bruta total. Sector 22. Electricidad, agua y gas","El nombre de las actividades económicas se recortó para fines de presentación en este sistema de consulta; para una referencia completa, favor de remitirse al Sistema de Clasificación Industrial de América del Norte (SCIAN)."
5300000044,Acervo total de activos fijos. Sector 11. Pesca y acuicultura,"El nombre de las actividades económicas se recortó para fines de presentación en este sistema de consulta; para una referencia completa, favor de remitirse al Sistema de Clasificación Industrial de América del Norte (SCIAN)."
5300000046,"Acervo total de activos fijos. Sector 22. Electricidad, agua y gas","El nombre de las actividades económicas se recortó para fines de presentación en este sistema de consulta; para una referencia completa, favor de remitirse al Sistema de Clasificación Industrial de América del Norte (SCIAN)."
5300000094,Total de ingresos por suministro de bienes y servicios. Sector 11. Pesca y acuicultura,"El nombre de las actividades económicas se recortó para fines de presentación en este sistema de consulta; para una referencia completa, favor de remitirse al Sistema de Clasificación Industrial de América del Norte (SCIAN)."
5300000096,"Total de ingresos por suministro de bienes y servicios. Sector 22. Electricidad, agua y gas","El nombre de las actividades económicas se recortó para fines de presentación en este sistema de consulta; para una referencia completa, favor de remitirse al Sistema de Clasificación Industrial de América del Norte (SCIAN)."
5300000104,Total de gastos por consumo de bienes y servicios. Sector 11. Pesca y acuicultura,"El nombre de las actividades económicas se recortó para fines de presentación en este sistema de consulta; para una referencia completa, favor de remitirse al Sistema de Clasificación Industrial de América del Norte (SCIAN)."
5300000106,"Total de gastos por consumo de bienes y servicios. Sector 22. Electricidad, agua y gas","El nombre de las actividades económicas se recortó para fines de presentación en este sistema de consulta; para una referencia completa, favor de remitirse al Sistema de Clasificación Industrial de América del Norte (SCIAN)."

