﻿id_indicador,nombre,nota
6200170611,Servicios en línea ofrecidos en las administraciones públicas estatales (tipo interactivo),El valor del indicador se refiere a la suma de los tipos de trámites que se ofrecen en línea con servicio de tipo interactivo. Los tipos de trámites y su cantidad pueden variar entre cada año.
6200170614,Servicios en línea ofrecidos en las administraciones públicas estatales (tipo transaccional),El valor del indicador se refiere a la suma de los tipos de trámites que se ofrecen en línea con servicio de tipo transaccional. Los tipos de trámites y su cantidad pueden variar entre cada año.
6200170615,Servicios en línea ofrecidos en las administraciones públicas estatales,El valor del indicador se refiere a la suma de los tipos de trámites que se ofrecen en línea. Los tipos de trámites y su cantidad pueden variar entre cada año.
6200170616,Servicios en línea ofrecidos en las administraciones públicas estatales (tipo informativo),El valor del indicador se refiere a la suma de los tipos de trámites que se ofrecen en línea con servicio de tipo informativo. Los tipos de trámites y su cantidad pueden variar entre cada año.

