﻿cve_entidad,desc_entidad,cve_municipio,desc_municipio,id_indicador,indicador,año,valor,unidad_medida
26,Sonora,0,Estatal,6200001261,Criminal cases admitted in the state jurisdictional bodies in criminal matter in the tradicional system (at first instance),2010,10272,Criminal cases
26,Sonora,0,Estatal,6200001261,Criminal cases admitted in the state jurisdictional bodies in criminal matter in the tradicional system (at first instance),2011,11515,Criminal cases
26,Sonora,0,Estatal,6200001261,Criminal cases admitted in the state jurisdictional bodies in criminal matter in the tradicional system (at first instance),2012,13289,Criminal cases
26,Sonora,0,Estatal,6200001261,Criminal cases admitted in the state jurisdictional bodies in criminal matter in the tradicional system (at first instance),2013,13385,Criminal cases
26,Sonora,0,Estatal,6200001261,Criminal cases admitted in the state jurisdictional bodies in criminal matter in the tradicional system (at first instance),2014,11264,Criminal cases
26,Sonora,0,Estatal,6200001261,Criminal cases admitted in the state jurisdictional bodies in criminal matter in the tradicional system (at first instance),2015,9871,Criminal cases
26,Sonora,0,Estatal,6200001264,Criminal cases in State courts in criminal matters in the traditional system (first instance),2010,12175,Criminal cases
26,Sonora,0,Estatal,6200001264,Criminal cases in State courts in criminal matters in the traditional system (first instance),2011,12714,Criminal cases
26,Sonora,0,Estatal,6200001264,Criminal cases in State courts in criminal matters in the traditional system (first instance),2012,14705,Criminal cases
26,Sonora,0,Estatal,6200001264,Criminal cases in State courts in criminal matters in the traditional system (first instance),2013,14850,Criminal cases
26,Sonora,0,Estatal,6200001264,Criminal cases in State courts in criminal matters in the traditional system (first instance),2014,8513,Criminal cases
26,Sonora,0,Estatal,6200001264,Criminal cases in State courts in criminal matters in the traditional system (first instance),2015,7219,Criminal cases
26,Sonora,0,Estatal,6200001267,Criminal cases in existence in the State courts in criminal matters at the end of the year in the traditional system (first instance),2010,2823,Records
26,Sonora,0,Estatal,6200001267,Criminal cases in existence in the State courts in criminal matters at the end of the year in the traditional system (first instance),2011,3418,Records
26,Sonora,0,Estatal,6200001267,Criminal cases in existence in the State courts in criminal matters at the end of the year in the traditional system (first instance),2012,4204,Records
26,Sonora,0,Estatal,6200001267,Criminal cases in existence in the State courts in criminal matters at the end of the year in the traditional system (first instance),2013,4395,Records
26,Sonora,0,Estatal,6200001267,Criminal cases in existence in the State courts in criminal matters at the end of the year in the traditional system (first instance),2014,4904,Records
26,Sonora,0,Estatal,6200001267,Criminal cases in existence in the State courts in criminal matters at the end of the year in the traditional system (first instance),2015,4146,Records
26,Sonora,0,Estatal,6200001764,Open affairs in state courts in criminal cases (first instance),2010,NA,Criminal cases
26,Sonora,0,Estatal,6200001764,Open affairs in state courts in criminal cases (first instance),2011,NA,Criminal cases
26,Sonora,0,Estatal,6200001764,Open affairs in state courts in criminal cases (first instance),2012,NA,Criminal cases
26,Sonora,0,Estatal,6200001764,Open affairs in state courts in criminal cases (first instance),2013,NA,Criminal cases
26,Sonora,0,Estatal,6200001764,Open affairs in state courts in criminal cases (first instance),2014,0,Criminal cases
26,Sonora,0,Estatal,6200001764,Open affairs in state courts in criminal cases (first instance),2015,NA,Criminal cases
26,Sonora,0,Estatal,6200001814,Criminal cases in State courts in criminal matters in the oral adversarial system (first instance),2010,NA,Criminal cases
26,Sonora,0,Estatal,6200001814,Criminal cases in State courts in criminal matters in the oral adversarial system (first instance),2011,NA,Criminal cases
26,Sonora,0,Estatal,6200001814,Criminal cases in State courts in criminal matters in the oral adversarial system (first instance),2012,NA,Criminal cases
26,Sonora,0,Estatal,6200001814,Criminal cases in State courts in criminal matters in the oral adversarial system (first instance),2013,NA,Criminal cases
26,Sonora,0,Estatal,6200001814,Criminal cases in State courts in criminal matters in the oral adversarial system (first instance),2014,0,Criminal cases
26,Sonora,0,Estatal,6200001814,Criminal cases in State courts in criminal matters in the oral adversarial system (first instance),2015,0,Criminal cases
26,Sonora,0,Estatal,6200001818,Criminal cases in existence in the State courts in criminal matters at the end of the year in the oral adversarial system (first instance),2010,NA,Issues
26,Sonora,0,Estatal,6200001818,Criminal cases in existence in the State courts in criminal matters at the end of the year in the oral adversarial system (first instance),2011,NA,Issues
26,Sonora,0,Estatal,6200001818,Criminal cases in existence in the State courts in criminal matters at the end of the year in the oral adversarial system (first instance),2012,NA,Issues
26,Sonora,0,Estatal,6200001818,Criminal cases in existence in the State courts in criminal matters at the end of the year in the oral adversarial system (first instance),2013,NA,Issues
26,Sonora,0,Estatal,6200001818,Criminal cases in existence in the State courts in criminal matters at the end of the year in the oral adversarial system (first instance),2014,0,Issues
26,Sonora,0,Estatal,6200001818,Criminal cases in existence in the State courts in criminal matters at the end of the year in the oral adversarial system (first instance),2015,0,Issues
26,Sonora,0,Estatal,6200009456,Number of judges per hundred thousand inhabitants.,2010,2.27353412039941,Judges per hundred thousand population
26,Sonora,0,Estatal,6200009456,Number of judges per hundred thousand inhabitants.,2011,2.27653484490168,Judges per hundred thousand population
26,Sonora,0,Estatal,6200009456,Number of judges per hundred thousand inhabitants.,2012,2.2421474091168,Judges per hundred thousand population
26,Sonora,0,Estatal,6200009456,Number of judges per hundred thousand inhabitants.,2013,2.31460251199071,Judges per hundred thousand population
26,Sonora,0,Estatal,6200009456,Number of judges per hundred thousand inhabitants.,2014,2.42008163740781,Judges per hundred thousand population
26,Sonora,0,Estatal,6200009456,Number of judges per hundred thousand inhabitants.,2015,2.62545834966008,Judges per hundred thousand population
26,Sonora,0,Estatal,6200009456,Number of judges per hundred thousand inhabitants.,2016,3.06131396509828,Judges per hundred thousand population
26,Sonora,0,Estatal,6200009456,Number of judges per hundred thousand inhabitants.,2017,3.02143931494399,Judges per hundred thousand population
26,Sonora,0,Estatal,6200009456,Number of judges per hundred thousand inhabitants.,2018,3.08148962421616,Judges per hundred thousand population
26,Sonora,0,Estatal,6200009456,Number of judges per hundred thousand inhabitants.,2019,2.94639081458797,Judges per hundred thousand population
26,Sonora,0,Estatal,6200009499,Rate of resolution in the second instance.,2011,0.640127765290429,Proportion of completed cases regarding the cases filed
26,Sonora,0,Estatal,6200009499,Rate of resolution in the second instance.,2012,NC,Proportion of completed cases regarding the cases filed
26,Sonora,0,Estatal,6200009499,Rate of resolution in the second instance.,2013,NC,Proportion of completed cases regarding the cases filed
26,Sonora,0,Estatal,6200009499,Rate of resolution in the second instance.,2014,0.713291060549546,Proportion of completed cases regarding the cases filed
26,Sonora,0,Estatal,6200009499,Rate of resolution in the second instance.,2015,NC,Proportion of completed cases regarding the cases filed
26,Sonora,0,Estatal,6200009499,Rate of resolution in the second instance.,2016,0.63348581884721,Proportion of completed cases regarding the cases filed
26,Sonora,0,Estatal,6200009519,Rate of resolution in the adolescents law enforcement system in the first instance.,2010,0.423023093072078,Proportion of completed cases regarding the cases filed
26,Sonora,0,Estatal,6200009519,Rate of resolution in the adolescents law enforcement system in the first instance.,2011,0.982361963190184,Proportion of completed cases regarding the cases filed
26,Sonora,0,Estatal,6200009519,Rate of resolution in the adolescents law enforcement system in the first instance.,2012,0.951742627345844,Proportion of completed cases regarding the cases filed
26,Sonora,0,Estatal,6200009519,Rate of resolution in the adolescents law enforcement system in the first instance.,2013,0.982352941176471,Proportion of completed cases regarding the cases filed
26,Sonora,0,Estatal,6200009519,Rate of resolution in the adolescents law enforcement system in the first instance.,2014,0.671412924424973,Proportion of completed cases regarding the cases filed
26,Sonora,0,Estatal,6200009519,Rate of resolution in the adolescents law enforcement system in the first instance.,2015,0.804845222072678,Proportion of completed cases regarding the cases filed
26,Sonora,0,Estatal,6200009519,Rate of resolution in the adolescents law enforcement system in the first instance.,2016,1.53846153846154,Proportion of completed cases regarding the cases filed
26,Sonora,0,Estatal,6200009519,Rate of resolution in the adolescents law enforcement system in the first instance.,2017,0.564705882352941,Proportion of completed cases regarding the cases filed
26,Sonora,0,Estatal,6200009519,Rate of resolution in the adolescents law enforcement system in the first instance.,2018,0.909090909090909,Proportion of completed cases regarding the cases filed
26,Sonora,0,Estatal,6200009519,Rate of resolution in the adolescents law enforcement system in the first instance.,2019,0.84115523465704,Proportion of completed cases regarding the cases filed
26,Sonora,0,Estatal,6200009573,Requests and procedures received from the centers of alternative justice (civil matters),2011,NA,Applications
26,Sonora,0,Estatal,6200009573,Requests and procedures received from the centers of alternative justice (civil matters),2012,NA,Applications
26,Sonora,0,Estatal,6200009573,Requests and procedures received from the centers of alternative justice (civil matters),2013,2492,Applications
26,Sonora,0,Estatal,6200009573,Requests and procedures received from the centers of alternative justice (civil matters),2014,1450,Applications
26,Sonora,0,Estatal,6200009573,Requests and procedures received from the centers of alternative justice (civil matters),2015,590,Applications
26,Sonora,0,Estatal,6200028993,Accused and/or suspected for ordinary crimes registered in the state jurisdictional bodies in criminal matters (men) (first instance),2012,15071,People
26,Sonora,0,Estatal,6200028993,Accused and/or suspected for ordinary crimes registered in the state jurisdictional bodies in criminal matters (men) (first instance),2013,14805,People
26,Sonora,0,Estatal,6200028993,Accused and/or suspected for ordinary crimes registered in the state jurisdictional bodies in criminal matters (men) (first instance),2014,11959,People
26,Sonora,0,Estatal,6200028993,Accused and/or suspected for ordinary crimes registered in the state jurisdictional bodies in criminal matters (men) (first instance),2015,10553,People
26,Sonora,0,Estatal,6200028994,Accused and/or suspected for ordinary crimes registered in the state jurisdictional bodies in criminal matters (women) (first instance),2012,1454,People
26,Sonora,0,Estatal,6200028994,Accused and/or suspected for ordinary crimes registered in the state jurisdictional bodies in criminal matters (women) (first instance),2013,1347,People
26,Sonora,0,Estatal,6200028994,Accused and/or suspected for ordinary crimes registered in the state jurisdictional bodies in criminal matters (women) (first instance),2014,1483,People
26,Sonora,0,Estatal,6200028994,Accused and/or suspected for ordinary crimes registered in the state jurisdictional bodies in criminal matters (women) (first instance),2015,1064,People
26,Sonora,0,Estatal,6200028995,Accused and/or suspected for ordinary crimes registered in the state jurisdictional bodies in criminal cases (first instance),2012,16525,People
26,Sonora,0,Estatal,6200028995,Accused and/or suspected for ordinary crimes registered in the state jurisdictional bodies in criminal cases (first instance),2013,16152,People
26,Sonora,0,Estatal,6200028995,Accused and/or suspected for ordinary crimes registered in the state jurisdictional bodies in criminal cases (first instance),2014,13442,People
26,Sonora,0,Estatal,6200028995,Accused and/or suspected for ordinary crimes registered in the state jurisdictional bodies in criminal cases (first instance),2015,11617,People
26,Sonora,0,Estatal,6200032581,Accused and/or suspected for ordinary crimes registered in the state jurisdictional bodies in criminal matters (immediate author) (first instance),2013,-,People
26,Sonora,0,Estatal,6200032581,Accused and/or suspected for ordinary crimes registered in the state jurisdictional bodies in criminal matters (immediate author) (first instance),2014,206,People
26,Sonora,0,Estatal,6200032581,Accused and/or suspected for ordinary crimes registered in the state jurisdictional bodies in criminal matters (immediate author) (first instance),2015,425,People
26,Sonora,0,Estatal,6200032582,Accused and/or suspected for ordinary crimes registered in the state jurisdictional bodies in criminal matters (secondary) (first instance),2013,6787,People
26,Sonora,0,Estatal,6200032582,Accused and/or suspected for ordinary crimes registered in the state jurisdictional bodies in criminal matters (secondary) (first instance),2014,5358,People
26,Sonora,0,Estatal,6200032582,Accused and/or suspected for ordinary crimes registered in the state jurisdictional bodies in criminal matters (secondary) (first instance),2015,4824,People
26,Sonora,0,Estatal,6200032583,Accused and/or suspected for ordinary crimes registered in the state jurisdictional bodies in criminal matters (45-49 years) (first instance),2013,906,People
26,Sonora,0,Estatal,6200032583,Accused and/or suspected for ordinary crimes registered in the state jurisdictional bodies in criminal matters (45-49 years) (first instance),2014,740,People
26,Sonora,0,Estatal,6200032583,Accused and/or suspected for ordinary crimes registered in the state jurisdictional bodies in criminal matters (45-49 years) (first instance),2015,615,People
26,Sonora,0,Estatal,6200032584,Sentenced for ordinary crimes registered in the state courts in criminal matters (high school or technical or business career) (first instance),2013,1441,People
26,Sonora,0,Estatal,6200032584,Sentenced for ordinary crimes registered in the state courts in criminal matters (high school or technical or business career) (first instance),2014,1906,People
26,Sonora,0,Estatal,6200032584,Sentenced for ordinary crimes registered in the state courts in criminal matters (high school or technical or business career) (first instance),2015,1610,People
26,Sonora,0,Estatal,6200032585,Accused and/or suspected for ordinary crimes registered in the state jurisdictional bodies in criminal matters (non-identified degree of participation) (first instance),2013,18634,People
26,Sonora,0,Estatal,6200032585,Accused and/or suspected for ordinary crimes registered in the state jurisdictional bodies in criminal matters (non-identified degree of participation) (first instance),2014,3704,People
26,Sonora,0,Estatal,6200032585,Accused and/or suspected for ordinary crimes registered in the state jurisdictional bodies in criminal matters (non-identified degree of participation) (first instance),2015,2387,People
26,Sonora,0,Estatal,6200032586,Accused and/or suspected for ordinary crimes registered in the state jurisdictional bodies in criminal matters (18-24 years) (first instance),2013,3687,People
26,Sonora,0,Estatal,6200032586,Accused and/or suspected for ordinary crimes registered in the state jurisdictional bodies in criminal matters (18-24 years) (first instance),2014,2831,People
26,Sonora,0,Estatal,6200032586,Accused and/or suspected for ordinary crimes registered in the state jurisdictional bodies in criminal matters (18-24 years) (first instance),2015,2441,People
26,Sonora,0,Estatal,6200032587,Sentenced on conviction for ordinary crimes registered in the state courts in criminal matters (other) (first instance),2013,-,People
26,Sonora,0,Estatal,6200032587,Sentenced on conviction for ordinary crimes registered in the state courts in criminal matters (other) (first instance),2014,0,People
26,Sonora,0,Estatal,6200032587,Sentenced on conviction for ordinary crimes registered in the state courts in criminal matters (other) (first instance),2015,1,People
26,Sonora,0,Estatal,6200032588,Accused and/or suspected for ordinary crimes registered in the state jurisdictional bodies in criminal matters (not specified) (first instance),2013,0,People
26,Sonora,0,Estatal,6200032588,Accused and/or suspected for ordinary crimes registered in the state jurisdictional bodies in criminal matters (not specified) (first instance),2014,0,People
26,Sonora,0,Estatal,6200032588,Accused and/or suspected for ordinary crimes registered in the state jurisdictional bodies in criminal matters (not specified) (first instance),2015,0,People
26,Sonora,0,Estatal,6200032589,Sentenced for ordinary crimes registered in the state courts in criminal matters (no level of education) (first instance),2013,0,People
26,Sonora,0,Estatal,6200032589,Sentenced for ordinary crimes registered in the state courts in criminal matters (no level of education) (first instance),2014,0,People
26,Sonora,0,Estatal,6200032589,Sentenced for ordinary crimes registered in the state courts in criminal matters (no level of education) (first instance),2015,0,People
26,Sonora,0,Estatal,6200032592,Accused and/or suspected for ordinary crimes registered in the state jurisdictional bodies in criminal matters (non-identified) (first instance),2013,0,People
26,Sonora,0,Estatal,6200032592,Accused and/or suspected for ordinary crimes registered in the state jurisdictional bodies in criminal matters (non-identified) (first instance),2014,0,People
26,Sonora,0,Estatal,6200032592,Accused and/or suspected for ordinary crimes registered in the state jurisdictional bodies in criminal matters (non-identified) (first instance),2015,0,People
26,Sonora,0,Estatal,6200032593,Sentenced for ordinary crimes registered in the state courts in criminal matters (women) (first instance),2013,598,People
26,Sonora,0,Estatal,6200032593,Sentenced for ordinary crimes registered in the state courts in criminal matters (women) (first instance),2014,287,People
26,Sonora,0,Estatal,6200032593,Sentenced for ordinary crimes registered in the state courts in criminal matters (women) (first instance),2015,192,People
26,Sonora,0,Estatal,6200032594,Accused and/or suspected for ordinary crimes registered in the state jurisdictional bodies in criminal matters (abettor) (first instance),2013,-,People
26,Sonora,0,Estatal,6200032594,Accused and/or suspected for ordinary crimes registered in the state jurisdictional bodies in criminal matters (abettor) (first instance),2014,4,People
26,Sonora,0,Estatal,6200032594,Accused and/or suspected for ordinary crimes registered in the state jurisdictional bodies in criminal matters (abettor) (first instance),2015,2,People
26,Sonora,0,Estatal,6200032595,Sentenced on conviction for ordinary crimes registered in the state courts in criminal matters (correspectivo accomplice) (first instance),2013,-,People
26,Sonora,0,Estatal,6200032595,Sentenced on conviction for ordinary crimes registered in the state courts in criminal matters (correspectivo accomplice) (first instance),2014,0,People
26,Sonora,0,Estatal,6200032595,Sentenced on conviction for ordinary crimes registered in the state courts in criminal matters (correspectivo accomplice) (first instance),2015,0,People
26,Sonora,0,Estatal,6200032596,Accused and/or suspected for ordinary crimes registered in the state jurisdictional bodies in criminal matters (handicraft workers) (first instance),2013,-,People
26,Sonora,0,Estatal,6200032596,Accused and/or suspected for ordinary crimes registered in the state jurisdictional bodies in criminal matters (handicraft workers) (first instance),2014,5,People
26,Sonora,0,Estatal,6200032596,Accused and/or suspected for ordinary crimes registered in the state jurisdictional bodies in criminal matters (handicraft workers) (first instance),2015,199,People
26,Sonora,0,Estatal,6200032597,Accused and/or suspected for ordinary crimes registered in the state jurisdictional bodies in criminal matters (preschool or primary) (first instance),2013,3076,People
26,Sonora,0,Estatal,6200032597,Accused and/or suspected for ordinary crimes registered in the state jurisdictional bodies in criminal matters (preschool or primary) (first instance),2014,2357,People
26,Sonora,0,Estatal,6200032597,Accused and/or suspected for ordinary crimes registered in the state jurisdictional bodies in criminal matters (preschool or primary) (first instance),2015,1927,People
26,Sonora,0,Estatal,6200032598,Sentenced on conviction for ordinary crimes registered in the state courts in criminal matters (mastermind) (first instance),2013,-,People
26,Sonora,0,Estatal,6200032598,Sentenced on conviction for ordinary crimes registered in the state courts in criminal matters (mastermind) (first instance),2014,285,People
26,Sonora,0,Estatal,6200032598,Sentenced on conviction for ordinary crimes registered in the state courts in criminal matters (mastermind) (first instance),2015,408,People
26,Sonora,0,Estatal,6200032599,Accused and/or suspected for ordinary crimes registered in the state jurisdictional bodies in criminal matters (non-identified occupation) (first instance),2013,16152,People
26,Sonora,0,Estatal,6200032599,Accused and/or suspected for ordinary crimes registered in the state jurisdictional bodies in criminal matters (non-identified occupation) (first instance),2014,4228,People
26,Sonora,0,Estatal,6200032599,Accused and/or suspected for ordinary crimes registered in the state jurisdictional bodies in criminal matters (non-identified occupation) (first instance),2015,3042,People
26,Sonora,0,Estatal,6200032600,Sentenced for ordinary crimes registered in the state courts in criminal cases (first instance),2013,9463,People
26,Sonora,0,Estatal,6200032600,Sentenced for ordinary crimes registered in the state courts in criminal cases (first instance),2014,3849,People
26,Sonora,0,Estatal,6200032600,Sentenced for ordinary crimes registered in the state courts in criminal cases (first instance),2015,3222,People
26,Sonora,0,Estatal,6200032601,Accused and/or suspected for ordinary crimes registered in the state jurisdictional bodies in criminal matters (another degree of participation) (first instance),2013,-,People
26,Sonora,0,Estatal,6200032601,Accused and/or suspected for ordinary crimes registered in the state jurisdictional bodies in criminal matters (another degree of participation) (first instance),2014,2,People
26,Sonora,0,Estatal,6200032601,Accused and/or suspected for ordinary crimes registered in the state jurisdictional bodies in criminal matters (another degree of participation) (first instance),2015,2,People
26,Sonora,0,Estatal,6200032602,Accused and/or suspected for ordinary crimes registered in the state jurisdictional bodies in criminal matters (25-29 years) (first instance),2013,2713,People
26,Sonora,0,Estatal,6200032602,Accused and/or suspected for ordinary crimes registered in the state jurisdictional bodies in criminal matters (25-29 years) (first instance),2014,2228,People
26,Sonora,0,Estatal,6200032602,Accused and/or suspected for ordinary crimes registered in the state jurisdictional bodies in criminal matters (25-29 years) (first instance),2015,1843,People
26,Sonora,0,Estatal,6200032603,Accused and/or suspected for ordinary crimes registered in the state jurisdictional bodies in criminal matters (30-34 years) (first instance),2013,2689,People
26,Sonora,0,Estatal,6200032603,Accused and/or suspected for ordinary crimes registered in the state jurisdictional bodies in criminal matters (30-34 years) (first instance),2014,2195,People
26,Sonora,0,Estatal,6200032603,Accused and/or suspected for ordinary crimes registered in the state jurisdictional bodies in criminal matters (30-34 years) (first instance),2015,1890,People
26,Sonora,0,Estatal,6200032604,Sentenced for ordinary crimes registered in the state courts in criminal matters (unspecified level of education) (first instance),2013,1033,People
26,Sonora,0,Estatal,6200032604,Sentenced for ordinary crimes registered in the state courts in criminal matters (unspecified level of education) (first instance),2014,0,People
26,Sonora,0,Estatal,6200032604,Sentenced for ordinary crimes registered in the state courts in criminal matters (unspecified level of education) (first instance),2015,0,People
26,Sonora,0,Estatal,6200032605,Sentenced on conviction for ordinary crimes registered in the state courts in criminal cases (first instance),2013,9636,People
26,Sonora,0,Estatal,6200032605,Sentenced on conviction for ordinary crimes registered in the state courts in criminal cases (first instance),2014,3624,People
26,Sonora,0,Estatal,6200032605,Sentenced on conviction for ordinary crimes registered in the state courts in criminal cases (first instance),2015,2953,People
26,Sonora,0,Estatal,6200032607,Sentenced on conviction for ordinary crimes registered in the state courts in criminal matters (immediate author) (first instance),2013,-,People
26,Sonora,0,Estatal,6200032607,Sentenced on conviction for ordinary crimes registered in the state courts in criminal matters (immediate author) (first instance),2014,48,People
26,Sonora,0,Estatal,6200032607,Sentenced on conviction for ordinary crimes registered in the state courts in criminal matters (immediate author) (first instance),2015,52,People
26,Sonora,0,Estatal,6200032608,Sentenced on conviction for ordinary crimes registered in the state courts in criminal matters (the perpetrator) (first instance),2013,-,People
26,Sonora,0,Estatal,6200032608,Sentenced on conviction for ordinary crimes registered in the state courts in criminal matters (the perpetrator) (first instance),2014,2298,People
26,Sonora,0,Estatal,6200032608,Sentenced on conviction for ordinary crimes registered in the state courts in criminal matters (the perpetrator) (first instance),2015,1913,People
26,Sonora,0,Estatal,6200032609,Sentenced for ordinary crimes registered in the state courts in criminal matters (men) (first instance),2013,8865,People
26,Sonora,0,Estatal,6200032609,Sentenced for ordinary crimes registered in the state courts in criminal matters (men) (first instance),2014,3562,People
26,Sonora,0,Estatal,6200032609,Sentenced for ordinary crimes registered in the state courts in criminal matters (men) (first instance),2015,3030,People
26,Sonora,0,Estatal,6200032611,Sentenced for ordinary crimes registered in the state courts in criminal matters (preschool or primary) (first instance),2013,2218,People
26,Sonora,0,Estatal,6200032611,Sentenced for ordinary crimes registered in the state courts in criminal matters (preschool or primary) (first instance),2014,0,People
26,Sonora,0,Estatal,6200032611,Sentenced for ordinary crimes registered in the state courts in criminal matters (preschool or primary) (first instance),2015,0,People
26,Sonora,0,Estatal,6200032612,Accused and/or suspected for ordinary crimes registered in the state jurisdictional bodies in criminal matters (any level of education) (first instance),2013,-,People
26,Sonora,0,Estatal,6200032612,Accused and/or suspected for ordinary crimes registered in the state jurisdictional bodies in criminal matters (any level of education) (first instance),2014,0,People
26,Sonora,0,Estatal,6200032612,Accused and/or suspected for ordinary crimes registered in the state jurisdictional bodies in criminal matters (any level of education) (first instance),2015,0,People
26,Sonora,0,Estatal,6200032614,Sentenced on conviction for ordinary crimes registered in the state courts in criminal matters (Material coauthored) (first instance),2013,-,People
26,Sonora,0,Estatal,6200032614,Sentenced on conviction for ordinary crimes registered in the state courts in criminal matters (Material coauthored) (first instance),2014,44,People
26,Sonora,0,Estatal,6200032614,Sentenced on conviction for ordinary crimes registered in the state courts in criminal matters (Material coauthored) (first instance),2015,29,People
26,Sonora,0,Estatal,6200032615,Sentenced for ordinary crimes registered in the state courts in criminal matters (lower secondary school) (first instance),2013,4414,People
26,Sonora,0,Estatal,6200032615,Sentenced for ordinary crimes registered in the state courts in criminal matters (lower secondary school) (first instance),2014,894,People
26,Sonora,0,Estatal,6200032615,Sentenced for ordinary crimes registered in the state courts in criminal matters (lower secondary school) (first instance),2015,701,People
26,Sonora,0,Estatal,6200032616,Accused and/or suspected for ordinary crimes registered in the state jurisdictional bodies in criminal matters (unspecified degree of participation) (first instance),2013,0,People
26,Sonora,0,Estatal,6200032616,Accused and/or suspected for ordinary crimes registered in the state jurisdictional bodies in criminal matters (unspecified degree of participation) (first instance),2014,0,People
26,Sonora,0,Estatal,6200032616,Accused and/or suspected for ordinary crimes registered in the state jurisdictional bodies in criminal matters (unspecified degree of participation) (first instance),2015,0,People
26,Sonora,0,Estatal,6200032618,Sentenced for ordinary crimes registered in the state courts in criminal matters (40-44 years) (first instance),2013,858,People
26,Sonora,0,Estatal,6200032618,Sentenced for ordinary crimes registered in the state courts in criminal matters (40-44 years) (first instance),2014,342,People
26,Sonora,0,Estatal,6200032618,Sentenced for ordinary crimes registered in the state courts in criminal matters (40-44 years) (first instance),2015,303,People
26,Sonora,0,Estatal,6200032619,Accused and/or suspected for ordinary crimes registered in the state jurisdictional bodies in criminal matters (non-specified level of education) (first instance),2013,0,People
26,Sonora,0,Estatal,6200032619,Accused and/or suspected for ordinary crimes registered in the state jurisdictional bodies in criminal matters (non-specified level of education) (first instance),2014,0,People
26,Sonora,0,Estatal,6200032619,Accused and/or suspected for ordinary crimes registered in the state jurisdictional bodies in criminal matters (non-specified level of education) (first instance),2015,0,People
26,Sonora,0,Estatal,6200032620,Accused and/or suspected for ordinary crimes registered in the state jurisdictional bodies in criminal matters (BA) (first instance),2013,965,People
26,Sonora,0,Estatal,6200032620,Accused and/or suspected for ordinary crimes registered in the state jurisdictional bodies in criminal matters (BA) (first instance),2014,841,People
26,Sonora,0,Estatal,6200032620,Accused and/or suspected for ordinary crimes registered in the state jurisdictional bodies in criminal matters (BA) (first instance),2015,751,People
26,Sonora,0,Estatal,6200032622,Accused and/or suspected for ordinary crimes registered in the state jurisdictional bodies in criminal matters (auxiliary workers in administrative activities) (first instance),2013,-,People
26,Sonora,0,Estatal,6200032622,Accused and/or suspected for ordinary crimes registered in the state jurisdictional bodies in criminal matters (auxiliary workers in administrative activities) (first instance),2014,589,People
26,Sonora,0,Estatal,6200032622,Accused and/or suspected for ordinary crimes registered in the state jurisdictional bodies in criminal matters (auxiliary workers in administrative activities) (first instance),2015,98,People
26,Sonora,0,Estatal,6200032624,Sentenced on conviction for ordinary crimes registered in the state courts in criminal matters (instigator) (first instance),2013,-,People
26,Sonora,0,Estatal,6200032624,Sentenced on conviction for ordinary crimes registered in the state courts in criminal matters (instigator) (first instance),2014,0,People
26,Sonora,0,Estatal,6200032624,Sentenced on conviction for ordinary crimes registered in the state courts in criminal matters (instigator) (first instance),2015,0,People
26,Sonora,0,Estatal,6200032626,Accused and/or suspected for ordinary crimes registered in the state jurisdictional bodies in criminal matters (high school or technical career or business career) (first instance),2013,2556,People
26,Sonora,0,Estatal,6200032626,Accused and/or suspected for ordinary crimes registered in the state jurisdictional bodies in criminal matters (high school or technical career or business career) (first instance),2014,2161,People
26,Sonora,0,Estatal,6200032626,Accused and/or suspected for ordinary crimes registered in the state jurisdictional bodies in criminal matters (high school or technical career or business career) (first instance),2015,1916,People
26,Sonora,0,Estatal,6200032627,Sentenced for ordinary crimes registered in the state courts in criminal matters (MA) (first instance),2013,-,People
26,Sonora,0,Estatal,6200032627,Sentenced for ordinary crimes registered in the state courts in criminal matters (MA) (first instance),2014,101,People
26,Sonora,0,Estatal,6200032627,Sentenced for ordinary crimes registered in the state courts in criminal matters (MA) (first instance),2015,81,People
26,Sonora,0,Estatal,6200032628,Sentenced for ordinary crimes registered in the state courts in criminal matters (PhD) (first instance),2013,-,People
26,Sonora,0,Estatal,6200032628,Sentenced for ordinary crimes registered in the state courts in criminal matters (PhD) (first instance),2014,0,People
26,Sonora,0,Estatal,6200032628,Sentenced for ordinary crimes registered in the state courts in criminal matters (PhD) (first instance),2015,0,People
26,Sonora,0,Estatal,6200032629,Accused and/or suspected for ordinary crimes registered in the state jurisdictional bodies in criminal matters (mastermind) (first instance),2013,-,People
26,Sonora,0,Estatal,6200032629,Accused and/or suspected for ordinary crimes registered in the state jurisdictional bodies in criminal matters (mastermind) (first instance),2014,1027,People
26,Sonora,0,Estatal,6200032629,Accused and/or suspected for ordinary crimes registered in the state jurisdictional bodies in criminal matters (mastermind) (first instance),2015,1630,People
26,Sonora,0,Estatal,6200032630,Accused and/or suspected for ordinary crimes registered in the state jurisdictional bodies in criminal matters (unspecified age) (first instance),2013,0,People
26,Sonora,0,Estatal,6200032630,Accused and/or suspected for ordinary crimes registered in the state jurisdictional bodies in criminal matters (unspecified age) (first instance),2014,0,People
26,Sonora,0,Estatal,6200032630,Accused and/or suspected for ordinary crimes registered in the state jurisdictional bodies in criminal matters (unspecified age) (first instance),2015,0,People
26,Sonora,0,Estatal,6200032631,"Accused and/or suspected for ordinary crimes registered in the state jurisdictional bodies in criminal matters (traders, sales staff and sales agents) (first instance)",2013,-,People
26,Sonora,0,Estatal,6200032631,"Accused and/or suspected for ordinary crimes registered in the state jurisdictional bodies in criminal matters (traders, sales staff and sales agents) (first instance)",2014,714,People
26,Sonora,0,Estatal,6200032631,"Accused and/or suspected for ordinary crimes registered in the state jurisdictional bodies in criminal matters (traders, sales staff and sales agents) (first instance)",2015,1033,People
26,Sonora,0,Estatal,6200032632,Sentenced on conviction for ordinary crimes registered in the state courts in criminal matters (accomplice) (first instance),2013,-,People
26,Sonora,0,Estatal,6200032632,Sentenced on conviction for ordinary crimes registered in the state courts in criminal matters (accomplice) (first instance),2014,4,People
26,Sonora,0,Estatal,6200032632,Sentenced on conviction for ordinary crimes registered in the state courts in criminal matters (accomplice) (first instance),2015,1,People
26,Sonora,0,Estatal,6200032633,"Accused and/or suspected for ordinary crimes registered in the state jurisdictional bodies in criminal matters (officers, directors and managers) (first instance)",2013,-,People
26,Sonora,0,Estatal,6200032633,"Accused and/or suspected for ordinary crimes registered in the state jurisdictional bodies in criminal matters (officers, directors and managers) (first instance)",2014,24,People
26,Sonora,0,Estatal,6200032633,"Accused and/or suspected for ordinary crimes registered in the state jurisdictional bodies in criminal matters (officers, directors and managers) (first instance)",2015,31,People
26,Sonora,0,Estatal,6200032634,Sentenced for ordinary crimes registered in the state courts in criminal matters (50 or older) (first instance),2013,526,People
26,Sonora,0,Estatal,6200032634,Sentenced for ordinary crimes registered in the state courts in criminal matters (50 or older) (first instance),2014,191,People
26,Sonora,0,Estatal,6200032634,Sentenced for ordinary crimes registered in the state courts in criminal matters (50 or older) (first instance),2015,155,People
26,Sonora,0,Estatal,6200032635,Accused and/or suspected for ordinary crimes registered in the state jurisdictional bodies in criminal matters (perpetrator) (first instance),2013,-,People
26,Sonora,0,Estatal,6200032635,Accused and/or suspected for ordinary crimes registered in the state jurisdictional bodies in criminal matters (perpetrator) (first instance),2014,8296,People
26,Sonora,0,Estatal,6200032635,Accused and/or suspected for ordinary crimes registered in the state jurisdictional bodies in criminal matters (perpetrator) (first instance),2015,7059,People
26,Sonora,0,Estatal,6200032636,Accused and/or suspected for ordinary crimes registered in the state jurisdictional bodies in criminal matters (accomplice) (first instance),2013,-,People
26,Sonora,0,Estatal,6200032636,Accused and/or suspected for ordinary crimes registered in the state jurisdictional bodies in criminal matters (accomplice) (first instance),2014,13,People
26,Sonora,0,Estatal,6200032636,Accused and/or suspected for ordinary crimes registered in the state jurisdictional bodies in criminal matters (accomplice) (first instance),2015,7,People
26,Sonora,0,Estatal,6200032637,Sentenced on conviction for ordinary crimes registered in the state courts in criminal matters (abettor) (first instance),2013,-,People
26,Sonora,0,Estatal,6200032637,Sentenced on conviction for ordinary crimes registered in the state courts in criminal matters (abettor) (first instance),2014,1,People
26,Sonora,0,Estatal,6200032637,Sentenced on conviction for ordinary crimes registered in the state courts in criminal matters (abettor) (first instance),2015,0,People
26,Sonora,0,Estatal,6200032638,Sentenced on conviction for ordinary crimes registered in the state courts in criminal matters (unspecified degree of participation) (first instance),2013,9636,People
26,Sonora,0,Estatal,6200032638,Sentenced on conviction for ordinary crimes registered in the state courts in criminal matters (unspecified degree of participation) (first instance),2014,0,People
26,Sonora,0,Estatal,6200032638,Sentenced on conviction for ordinary crimes registered in the state courts in criminal matters (unspecified degree of participation) (first instance),2015,0,People
26,Sonora,0,Estatal,6200032641,Sentenced for ordinary crimes registered in the state courts in criminal matters (not identified age) (first instance),2013,275,People
26,Sonora,0,Estatal,6200032641,Sentenced for ordinary crimes registered in the state courts in criminal matters (not identified age) (first instance),2014,78,People
26,Sonora,0,Estatal,6200032641,Sentenced for ordinary crimes registered in the state courts in criminal matters (not identified age) (first instance),2015,151,People
26,Sonora,0,Estatal,6200032642,Accused and/or suspected for ordinary crimes registered in the state jurisdictional bodies in criminal matters (40-44 years) (first instance),2013,1506,People
26,Sonora,0,Estatal,6200032642,Accused and/or suspected for ordinary crimes registered in the state jurisdictional bodies in criminal matters (40-44 years) (first instance),2014,1216,People
26,Sonora,0,Estatal,6200032642,Accused and/or suspected for ordinary crimes registered in the state jurisdictional bodies in criminal matters (40-44 years) (first instance),2015,1131,People
26,Sonora,0,Estatal,6200032643,Accused and/or suspected for ordinary crimes registered in the state jurisdictional bodies in criminal matters (50 years or older) (first instance),2013,1010,People
26,Sonora,0,Estatal,6200032643,Accused and/or suspected for ordinary crimes registered in the state jurisdictional bodies in criminal matters (50 years or older) (first instance),2014,899,People
26,Sonora,0,Estatal,6200032643,Accused and/or suspected for ordinary crimes registered in the state jurisdictional bodies in criminal matters (50 years or older) (first instance),2015,788,People
26,Sonora,0,Estatal,6200032644,Sentenced for ordinary crimes registered in the state courts in criminal matters (35-39 years) (first instance),2013,1286,People
26,Sonora,0,Estatal,6200032644,Sentenced for ordinary crimes registered in the state courts in criminal matters (35-39 years) (first instance),2014,542,People
26,Sonora,0,Estatal,6200032644,Sentenced for ordinary crimes registered in the state courts in criminal matters (35-39 years) (first instance),2015,417,People
26,Sonora,0,Estatal,6200032645,Sentenced for ordinary crimes registered in the state courts in criminal matters (45-49 years) (first instance),2013,506,People
26,Sonora,0,Estatal,6200032645,Sentenced for ordinary crimes registered in the state courts in criminal matters (45-49 years) (first instance),2014,205,People
26,Sonora,0,Estatal,6200032645,Sentenced for ordinary crimes registered in the state courts in criminal matters (45-49 years) (first instance),2015,160,People
26,Sonora,0,Estatal,6200032646,Accused and/or suspected for ordinary crimes registered in the state courts in criminal matters (workers in basic and support activities) (first instance),2013,-,People
26,Sonora,0,Estatal,6200032646,Accused and/or suspected for ordinary crimes registered in the state courts in criminal matters (workers in basic and support activities) (first instance),2014,1612,People
26,Sonora,0,Estatal,6200032646,Accused and/or suspected for ordinary crimes registered in the state courts in criminal matters (workers in basic and support activities) (first instance),2015,1843,People
26,Sonora,0,Estatal,6200032647,Sentenced for ordinary crimes registered in the state courts in criminal matters (18-24 years) (first instance),2013,2604,People
26,Sonora,0,Estatal,6200032647,Sentenced for ordinary crimes registered in the state courts in criminal matters (18-24 years) (first instance),2014,1046,People
26,Sonora,0,Estatal,6200032647,Sentenced for ordinary crimes registered in the state courts in criminal matters (18-24 years) (first instance),2015,899,People
26,Sonora,0,Estatal,6200032648,Sentenced for ordinary crimes registered in the state courts in criminal matters (25-29 years) (first instance),2013,1759,People
26,Sonora,0,Estatal,6200032648,Sentenced for ordinary crimes registered in the state courts in criminal matters (25-29 years) (first instance),2014,735,People
26,Sonora,0,Estatal,6200032648,Sentenced for ordinary crimes registered in the state courts in criminal matters (25-29 years) (first instance),2015,575,People
26,Sonora,0,Estatal,6200032649,Accused and/or suspected for ordinary crimes registered in the state courts in criminal matters (workers in personal services and monitoring) (first instance),2013,-,People
26,Sonora,0,Estatal,6200032649,Accused and/or suspected for ordinary crimes registered in the state courts in criminal matters (workers in personal services and monitoring) (first instance),2014,2648,People
26,Sonora,0,Estatal,6200032649,Accused and/or suspected for ordinary crimes registered in the state courts in criminal matters (workers in personal services and monitoring) (first instance),2015,2343,People
26,Sonora,0,Estatal,6200032652,Accused and/or suspected for ordinary crimes registered in the state jurisdictional bodies in criminal matters (Material coauthored) (first instance),2013,-,People
26,Sonora,0,Estatal,6200032652,Accused and/or suspected for ordinary crimes registered in the state jurisdictional bodies in criminal matters (Material coauthored) (first instance),2014,189,People
26,Sonora,0,Estatal,6200032652,Accused and/or suspected for ordinary crimes registered in the state jurisdictional bodies in criminal matters (Material coauthored) (first instance),2015,104,People
26,Sonora,0,Estatal,6200032653,Accused and/or suspected for ordinary crimes registered in the state jurisdictional bodies in criminal matters (correspectivo accomplice) (first instance),2013,-,People
26,Sonora,0,Estatal,6200032653,Accused and/or suspected for ordinary crimes registered in the state jurisdictional bodies in criminal matters (correspectivo accomplice) (first instance),2014,0,People
26,Sonora,0,Estatal,6200032653,Accused and/or suspected for ordinary crimes registered in the state jurisdictional bodies in criminal matters (correspectivo accomplice) (first instance),2015,0,People
26,Sonora,0,Estatal,6200032654,Accused and/or suspected for ordinary crimes registered in the state jurisdictional bodies in criminal matters (MA) (first instance),2013,-,People
26,Sonora,0,Estatal,6200032654,Accused and/or suspected for ordinary crimes registered in the state jurisdictional bodies in criminal matters (MA) (first instance),2014,0,People
26,Sonora,0,Estatal,6200032654,Accused and/or suspected for ordinary crimes registered in the state jurisdictional bodies in criminal matters (MA) (first instance),2015,0,People
26,Sonora,0,Estatal,6200032655,Accused and/or suspected for ordinary crimes registered in the state jurisdictional bodies in criminal matters (professionals and technicians) (first instance),2013,-,People
26,Sonora,0,Estatal,6200032655,Accused and/or suspected for ordinary crimes registered in the state jurisdictional bodies in criminal matters (professionals and technicians) (first instance),2014,252,People
26,Sonora,0,Estatal,6200032655,Accused and/or suspected for ordinary crimes registered in the state jurisdictional bodies in criminal matters (professionals and technicians) (first instance),2015,277,People
26,Sonora,0,Estatal,6200032656,"Accused and/or suspected for ordinary crimes registered in the state jurisdictional bodies in criminal matters (workers in agriculture, livestock, forestry, hunting and fishing) (first instance)",2013,-,People
26,Sonora,0,Estatal,6200032656,"Accused and/or suspected for ordinary crimes registered in the state jurisdictional bodies in criminal matters (workers in agriculture, livestock, forestry, hunting and fishing) (first instance)",2014,1356,People
26,Sonora,0,Estatal,6200032656,"Accused and/or suspected for ordinary crimes registered in the state jurisdictional bodies in criminal matters (workers in agriculture, livestock, forestry, hunting and fishing) (first instance)",2015,1243,People
26,Sonora,0,Estatal,6200032657,Accused and/or suspected for ordinary crimes registered in the state jurisdictional bodies in criminal matters (PhD) (first instance),2013,-,People
26,Sonora,0,Estatal,6200032657,Accused and/or suspected for ordinary crimes registered in the state jurisdictional bodies in criminal matters (PhD) (first instance),2014,0,People
26,Sonora,0,Estatal,6200032657,Accused and/or suspected for ordinary crimes registered in the state jurisdictional bodies in criminal matters (PhD) (first instance),2015,0,People
26,Sonora,0,Estatal,6200032658,Accused and/or suspected for ordinary crimes registered in the state jurisdictional bodies in criminal matters (non-identified level of education) (first instance),2013,2768,People
26,Sonora,0,Estatal,6200032658,Accused and/or suspected for ordinary crimes registered in the state jurisdictional bodies in criminal matters (non-identified level of education) (first instance),2014,2725,People
26,Sonora,0,Estatal,6200032658,Accused and/or suspected for ordinary crimes registered in the state jurisdictional bodies in criminal matters (non-identified level of education) (first instance),2015,2199,People
26,Sonora,0,Estatal,6200032659,Accused and/or suspected for ordinary crimes registered in the state jurisdictional bodies in criminal matters (with no occupation) (first instance),2013,-,People
26,Sonora,0,Estatal,6200032659,Accused and/or suspected for ordinary crimes registered in the state jurisdictional bodies in criminal matters (with no occupation) (first instance),2014,1337,People
26,Sonora,0,Estatal,6200032659,Accused and/or suspected for ordinary crimes registered in the state jurisdictional bodies in criminal matters (with no occupation) (first instance),2015,1193,People
26,Sonora,0,Estatal,6200032660,Accused and/or suspected for ordinary crimes registered in the state jurisdictional bodies in criminal matters (unspecified occupation) (first instance),2013,0,People
26,Sonora,0,Estatal,6200032660,Accused and/or suspected for ordinary crimes registered in the state jurisdictional bodies in criminal matters (unspecified occupation) (first instance),2014,0,People
26,Sonora,0,Estatal,6200032660,Accused and/or suspected for ordinary crimes registered in the state jurisdictional bodies in criminal matters (unspecified occupation) (first instance),2015,0,People
26,Sonora,0,Estatal,6200032661,Sentenced for ordinary crimes registered in the state courts in criminal matters (not specified) (first instance),2013,0,People
26,Sonora,0,Estatal,6200032661,Sentenced for ordinary crimes registered in the state courts in criminal matters (not specified) (first instance),2014,0,People
26,Sonora,0,Estatal,6200032661,Sentenced for ordinary crimes registered in the state courts in criminal matters (not specified) (first instance),2015,0,People
26,Sonora,0,Estatal,6200032662,Sentenced for ordinary crimes registered in the state courts in criminal matters (BA) (first instance),2013,357,People
26,Sonora,0,Estatal,6200032662,Sentenced for ordinary crimes registered in the state courts in criminal matters (BA) (first instance),2014,576,People
26,Sonora,0,Estatal,6200032662,Sentenced for ordinary crimes registered in the state courts in criminal matters (BA) (first instance),2015,488,People
26,Sonora,0,Estatal,6200032663,Accused and/or suspected for ordinary crimes registered in the state jurisdictional bodies in criminal matters (other) (first instance),2013,0,People
26,Sonora,0,Estatal,6200032663,Accused and/or suspected for ordinary crimes registered in the state jurisdictional bodies in criminal matters (other) (first instance),2014,0,People
26,Sonora,0,Estatal,6200032663,Accused and/or suspected for ordinary crimes registered in the state jurisdictional bodies in criminal matters (other) (first instance),2015,0,People
26,Sonora,0,Estatal,6200032664,Accused and/or suspected for ordinary crimes registered in the state jurisdictional bodies in criminal matters (not identified age) (first instance),2013,1529,People
26,Sonora,0,Estatal,6200032664,Accused and/or suspected for ordinary crimes registered in the state jurisdictional bodies in criminal matters (not identified age) (first instance),2014,1581,People
26,Sonora,0,Estatal,6200032664,Accused and/or suspected for ordinary crimes registered in the state jurisdictional bodies in criminal matters (not identified age) (first instance),2015,1413,People
26,Sonora,0,Estatal,6200032665,"Accused and/or suspected for ordinary crimes registered in the state jurisdictional bodies in criminal matters (industrial machinery operators, assemblers, drivers and transport drivers) (first instance)",2013,-,People
26,Sonora,0,Estatal,6200032665,"Accused and/or suspected for ordinary crimes registered in the state jurisdictional bodies in criminal matters (industrial machinery operators, assemblers, drivers and transport drivers) (first instance)",2014,677,People
26,Sonora,0,Estatal,6200032665,"Accused and/or suspected for ordinary crimes registered in the state jurisdictional bodies in criminal matters (industrial machinery operators, assemblers, drivers and transport drivers) (first instance)",2015,315,People
26,Sonora,0,Estatal,6200032666,Accused and/or suspected for ordinary crimes registered in the state jurisdictional bodies in criminal matters (instigator) (first instance),2013,-,People
26,Sonora,0,Estatal,6200032666,Accused and/or suspected for ordinary crimes registered in the state jurisdictional bodies in criminal matters (instigator) (first instance),2014,1,People
26,Sonora,0,Estatal,6200032666,Accused and/or suspected for ordinary crimes registered in the state jurisdictional bodies in criminal matters (instigator) (first instance),2015,1,People
26,Sonora,0,Estatal,6200032667,Accused and/or suspected for ordinary crimes registered in the state jurisdictional bodies in criminal matters (35-39 years) (first instance),2013,2112,People
26,Sonora,0,Estatal,6200032667,Accused and/or suspected for ordinary crimes registered in the state jurisdictional bodies in criminal matters (35-39 years) (first instance),2014,1752,People
26,Sonora,0,Estatal,6200032667,Accused and/or suspected for ordinary crimes registered in the state jurisdictional bodies in criminal matters (35-39 years) (first instance),2015,1496,People
26,Sonora,0,Estatal,6200032668,Sentenced for ordinary crimes registered in the state courts in criminal matters (30-34 years) (first instance),2013,1649,People
26,Sonora,0,Estatal,6200032668,Sentenced for ordinary crimes registered in the state courts in criminal matters (30-34 years) (first instance),2014,710,People
26,Sonora,0,Estatal,6200032668,Sentenced for ordinary crimes registered in the state courts in criminal matters (30-34 years) (first instance),2015,562,People

