﻿id_indicador,nombre,año,notas
1006000039,Accidentes de tránsito terrestre en zonas urbanas y suburbanas,2017,"Para el año 2013 las cifras del Estado de México corresponden a 57 Municipios que proporcionaron su información; en tanto que para los años 2014, 2015, 2016 y 2017 los municipios que proporcionaron su información fueron 47 ,52, 37 y 32 respectivamente."
1006000039,Accidentes de tránsito terrestre en zonas urbanas y suburbanas,2016,"Para el año 2013 las cifras del Estado de México corresponden a 57 Municipios que proporcionaron su información; en tanto que para los años 2014, 2015, 2016 y 2017 los municipios que proporcionaron su información fueron 47 ,52, 37 y 32 respectivamente."
1006000039,Accidentes de tránsito terrestre en zonas urbanas y suburbanas,2015,"Para el año 2013 las cifras del Estado de México corresponden a 57 Municipios que proporcionaron su información; en tanto que para los años 2014, 2015, 2016 y 2017 los municipios que proporcionaron su información fueron 47 ,52, 37 y 32 respectivamente."
1006000039,Accidentes de tránsito terrestre en zonas urbanas y suburbanas,2014,"Para el año 2013 las cifras del Estado de México corresponden a 57 Municipios que proporcionaron su información; en tanto que para los años 2014, 2015, 2016 y 2017 los municipios que proporcionaron su información fueron 47 ,52, 37 y 32 respectivamente."
1006000039,Accidentes de tránsito terrestre en zonas urbanas y suburbanas,2013,"Para el año 2013 las cifras del Estado de México corresponden a 57 Municipios que proporcionaron su información; en tanto que para los años 2014, 2015, 2016 y 2017 los municipios que proporcionaron su información fueron 47 ,52, 37 y 32 respectivamente."
6200009438,Víctimas muertas en los accidentes de tránsito,2017,"Para el año 2013 las cifras del Estado de México corresponden a 57 Municipios que proporcionaron su información; en tanto que para los años 2014, 2015, 2016 y 2017 los municipios que proporcionaron su información fueron 47 ,52, 37 y 32 respectivamente."
6200009438,Víctimas muertas en los accidentes de tránsito,2016,"Para el año 2013 las cifras del Estado de México corresponden a 57 Municipios que proporcionaron su información; en tanto que para los años 2014, 2015, 2016 y 2017 los municipios que proporcionaron su información fueron 47 ,52, 37 y 32 respectivamente."
6200009438,Víctimas muertas en los accidentes de tránsito,2015,"Para el año 2013 las cifras del Estado de México corresponden a 57 Municipios que proporcionaron su información; en tanto que para los años 2014, 2015, 2016 y 2017 los municipios que proporcionaron su información fueron 47 ,52, 37 y 32 respectivamente."
6200009438,Víctimas muertas en los accidentes de tránsito,2014,"Para el año 2013 las cifras del Estado de México corresponden a 57 Municipios que proporcionaron su información; en tanto que para los años 2014, 2015, 2016 y 2017 los municipios que proporcionaron su información fueron 47 ,52, 37 y 32 respectivamente."
6200009438,Víctimas muertas en los accidentes de tránsito,2013,"Para el año 2013 las cifras del Estado de México corresponden a 57 Municipios que proporcionaron su información; en tanto que para los años 2014, 2015, 2016 y 2017 los municipios que proporcionaron su información fueron 47 ,52, 37 y 32 respectivamente."
6200009439,Víctimas heridas en los accidentes de tránsito,2017,"Para el año 2013 las cifras del Estado de México corresponden a 57 Municipios que proporcionaron su información; en tanto que para los años 2014, 2015, 2016 y 2017 los municipios que proporcionaron su información fueron 47 ,52, 37 y 32 respectivamente."
6200009439,Víctimas heridas en los accidentes de tránsito,2016,"Para el año 2013 las cifras del Estado de México corresponden a 57 Municipios que proporcionaron su información; en tanto que para los años 2014, 2015, 2016 y 2017 los municipios que proporcionaron su información fueron 47 ,52, 37 y 32 respectivamente."
6200009439,Víctimas heridas en los accidentes de tránsito,2015,"Para el año 2013 las cifras del Estado de México corresponden a 57 Municipios que proporcionaron su información; en tanto que para los años 2014, 2015, 2016 y 2017 los municipios que proporcionaron su información fueron 47 ,52, 37 y 32 respectivamente."
6200009439,Víctimas heridas en los accidentes de tránsito,2014,"Para el año 2013 las cifras del Estado de México corresponden a 57 Municipios que proporcionaron su información; en tanto que para los años 2014, 2015, 2016 y 2017 los municipios que proporcionaron su información fueron 47 ,52, 37 y 32 respectivamente."
6200009439,Víctimas heridas en los accidentes de tránsito,2013,"Para el año 2013 las cifras del Estado de México corresponden a 57 Municipios que proporcionaron su información; en tanto que para los años 2014, 2015, 2016 y 2017 los municipios que proporcionaron su información fueron 47 ,52, 37 y 32 respectivamente."

