﻿id_indicador,nombre,nota
1006000039,Accidentes de tránsito terrestre en zonas urbanas y suburbanas,Corresponde al total de accidentes de tránsito ocurridos en carreteras no federales.
1006000039,Accidentes de tránsito terrestre en zonas urbanas y suburbanas,"A partir del año 2018 se presentan los municipios en los que la fuente informante notificó oficialmente, a través de un certificado cero, que no se registraron accidentes viales en su jurisdicción."
6200009438,Víctimas muertas en los accidentes de tránsito,"Corresponde al total de víctimas muertas en el lugar del accidente, e incuye la información de conductores, pasajeros, peatones, ciclistas y otras víctimas no especificadas."
6200009438,Víctimas muertas en los accidentes de tránsito,"A partir del año 2018 se presentan los municipios en los que la fuente informante notificó oficialmente, a través de un certificado cero, que no se registraron accidentes viales en su jurisdicción."
6200009439,Víctimas heridas en los accidentes de tránsito,"Corresponde al total de víctimas heridas con lesiones leves y/o graves, e incuye la información de conductores, pasajeros, peatones, ciclistas y otras víctimas no especificadas."
6200009439,Víctimas heridas en los accidentes de tránsito,"A partir del año 2018 se presentan los municipios en los que la fuente informante notificó oficialmente, a través de un certificado cero, que no se registraron accidentes viales en su jurisdicción."

