﻿id_indicador,nombre,año,notas
6200028376,Tasa de prevalencia de corrupción al realizar un trámite personal por cada cien mil habitantes,2019,La tasa se calcula dividiendo el número de usuarios  que experimentaron algún acto de corrupción en al menos uno de los trámites que realizaron entre la población que tuvo contacto con algún servidor público multiplicado por cien mil.
6200028376,Tasa de prevalencia de corrupción al realizar un trámite personal por cada cien mil habitantes,2017,La tasa se calcula dividiendo el número de usuarios  que experimentaron algún acto de corrupción en al menos uno de los trámites que realizaron entre la población que tuvo contacto con algún servidor público multiplicado por cien mil.
6200028376,Tasa de prevalencia de corrupción al realizar un trámite personal por cada cien mil habitantes,2015,La tasa se calcula dividiendo el número de usuarios  que experimentaron algún acto de corrupción en al menos uno de los trámites que realizaron entre la población que tuvo contacto con algún servidor público multiplicado por cien mil.
6200028376,Tasa de prevalencia de corrupción al realizar un trámite personal por cada cien mil habitantes,2013,La tasa se calcula dividiendo el número de usuarios  que experimentaron algún acto de corrupción en al menos uno de los trámites que realizaron entre la población que tuvo contacto con algún servidor público multiplicado por cien mil.
6200028377,Tasa de población por cada cien mil habitantes a la que algún conocido le refirió actos de corrupción en los trámites que realizó,2019,La tasa se calcula dividiendo el número de usuarios que  tienen algún conocido que les refirió actos de corrupción en los trámites que realizaron entre la población que tuvo contacto con algún servidor público multiplicado por cien mil.
6200028377,Tasa de población por cada cien mil habitantes a la que algún conocido le refirió actos de corrupción en los trámites que realizó,2017,La tasa se calcula dividiendo el número de usuarios que  tienen algún conocido que les refirió actos de corrupción en los trámites que realizaron entre la población que tuvo contacto con algún servidor público multiplicado por cien mil.
6200028377,Tasa de población por cada cien mil habitantes a la que algún conocido le refirió actos de corrupción en los trámites que realizó,2015,La tasa se calcula dividiendo el número de usuarios que  tienen algún conocido que les refirió actos de corrupción en los trámites que realizaron entre la población que tuvo contacto con algún servidor público multiplicado por cien mil.
6200028377,Tasa de población por cada cien mil habitantes a la que algún conocido le refirió actos de corrupción en los trámites que realizó,2013,La tasa se calcula dividiendo el número de usuarios que  tienen algún conocido que les refirió actos de corrupción en los trámites que realizaron entre la población que tuvo contacto con algún servidor público multiplicado por cien mil.
6200028378,Tasa de población por cada cien mil habitantes que cree o ha escuchado existe corrupción en los trámites que realizó,2019,La tasa se calcula dividiendo el número de usuarios que creen o han escuchado que existe corrupción en los trámites que realizaron entre la población que tuvo contacto con algún servidor público multiplicado por cien mil.
6200028378,Tasa de población por cada cien mil habitantes que cree o ha escuchado existe corrupción en los trámites que realizó,2017,La tasa se calcula dividiendo el número de usuarios que creen o han escuchado que existe corrupción en los trámites que realizaron entre la población que tuvo contacto con algún servidor público multiplicado por cien mil.
6200028378,Tasa de población por cada cien mil habitantes que cree o ha escuchado existe corrupción en los trámites que realizó,2015,La tasa se calcula dividiendo el número de usuarios que creen o han escuchado que existe corrupción en los trámites que realizaron entre la población que tuvo contacto con algún servidor público multiplicado por cien mil.
6200028378,Tasa de población por cada cien mil habitantes que cree o ha escuchado existe corrupción en los trámites que realizó,2013,La tasa se calcula dividiendo el número de usuarios que creen o han escuchado que existe corrupción en los trámites que realizaron entre la población que tuvo contacto con algún servidor público multiplicado por cien mil.
6200028379,Porcentaje de trámites realizados personalmente a través de líneas de atención telefónica,2019,"El porcentaje se calcula dividiendo los trámites realizados personalmente a través de líneas de atención telefónica, entre los trámites realizados personalmente multiplicado por 100"
6200028379,Porcentaje de trámites realizados personalmente a través de líneas de atención telefónica,2017,"El porcentaje se calcula dividiendo los trámites realizados personalmente a través de líneas de atención telefónica, entre los trámites realizados personalmente multiplicado por 100"
6200028379,Porcentaje de trámites realizados personalmente a través de líneas de atención telefónica,2015,"El porcentaje se calcula dividiendo los trámites realizados personalmente a través de líneas de atención telefónica, entre los trámites realizados personalmente multiplicado por 100"
6200028379,Porcentaje de trámites realizados personalmente a través de líneas de atención telefónica,2013,"El porcentaje se calcula dividiendo los trámites realizados personalmente a través de líneas de atención telefónica, entre los trámites realizados personalmente multiplicado por 100"
6200028380,Porcentaje de trámites realizados personalmente en cajero automático o kiosco inteligente,2019,"El porcentaje se calcula dividiendo los trámites realizados personalmente en cajero automático o kiosco inteligente, entre los trámites realizados personalmente multiplicado por 100"
6200028380,Porcentaje de trámites realizados personalmente en cajero automático o kiosco inteligente,2017,"El porcentaje se calcula dividiendo los trámites realizados personalmente en cajero automático o kiosco inteligente, entre los trámites realizados personalmente multiplicado por 100"
6200028380,Porcentaje de trámites realizados personalmente en cajero automático o kiosco inteligente,2015,"El porcentaje se calcula dividiendo los trámites realizados personalmente en cajero automático o kiosco inteligente, entre los trámites realizados personalmente multiplicado por 100"
6200028380,Porcentaje de trámites realizados personalmente en cajero automático o kiosco inteligente,2013,"El porcentaje se calcula dividiendo los trámites realizados personalmente en cajero automático o kiosco inteligente, entre los trámites realizados personalmente multiplicado por 100"
6200028381,Porcentaje de trámites realizados personalmente en instalaciones de gobierno,2019,"El porcentaje se calcula dividiendo los trámites realizados personalmente en instalaciones de gobierno, entre los trámites realizados personalmente multiplicado por 100"
6200028381,Porcentaje de trámites realizados personalmente en instalaciones de gobierno,2017,"El porcentaje se calcula dividiendo los trámites realizados personalmente en instalaciones de gobierno, entre los trámites realizados personalmente multiplicado por 100"
6200028381,Porcentaje de trámites realizados personalmente en instalaciones de gobierno,2015,"El porcentaje se calcula dividiendo los trámites realizados personalmente en instalaciones de gobierno, entre los trámites realizados personalmente multiplicado por 100"
6200028381,Porcentaje de trámites realizados personalmente en instalaciones de gobierno,2013,"El porcentaje se calcula dividiendo los trámites realizados personalmente en instalaciones de gobierno, entre los trámites realizados personalmente multiplicado por 100"
6200028382,"Porcentaje de trámites realizados personalmente en bancos, supermercados, tiendas o farmacias",2019,"El porcentaje se calcula dividiendo los trámites realizados personalmente en banco, supermercado, tienda o farmacia, entre los trámites realizados personalmente multiplicado por 100"
6200028382,"Porcentaje de trámites realizados personalmente en bancos, supermercados, tiendas o farmacias",2017,"El porcentaje se calcula dividiendo los trámites realizados personalmente en banco, supermercado, tienda o farmacia, entre los trámites realizados personalmente multiplicado por 100"
6200028382,"Porcentaje de trámites realizados personalmente en bancos, supermercados, tiendas o farmacias",2015,"El porcentaje se calcula dividiendo los trámites realizados personalmente en banco, supermercado, tienda o farmacia, entre los trámites realizados personalmente multiplicado por 100"
6200028382,"Porcentaje de trámites realizados personalmente en bancos, supermercados, tiendas o farmacias",2013,"El porcentaje se calcula dividiendo los trámites realizados personalmente en banco, supermercado, tienda o farmacia, entre los trámites realizados personalmente multiplicado por 100"
6200028383,Porcentaje de trámites realizados personalmente a través de internet,2019,"El porcentaje se calcula dividiendo los trámites realizados personalmente a través de internet, entre los trámites realizados personalmente multiplicado por 100"
6200028383,Porcentaje de trámites realizados personalmente a través de internet,2017,"El porcentaje se calcula dividiendo los trámites realizados personalmente a través de internet, entre los trámites realizados personalmente multiplicado por 100"
6200028383,Porcentaje de trámites realizados personalmente a través de internet,2015,"El porcentaje se calcula dividiendo los trámites realizados personalmente a través de internet, entre los trámites realizados personalmente multiplicado por 100"
6200028383,Porcentaje de trámites realizados personalmente a través de internet,2013,"El porcentaje se calcula dividiendo los trámites realizados personalmente a través de internet, entre los trámites realizados personalmente multiplicado por 100"
6200028384,"Porcentaje de satisfacción general al realizar trámites, pagos y servicios generales",2017,"El porcentaje se calcula dividiendo el número de usuarios  que manifestaron sentirse Muy satisfechos y Satisfechos al realizar trámites, pagos y servicios generales entre el número de trámites realizados personalmente multiplicado por cien."
6200028384,"Porcentaje de satisfacción general al realizar trámites, pagos y servicios generales",2015,"El porcentaje se calcula dividiendo el número de usuarios  que manifestaron sentirse Muy satisfechos y Satisfechos al realizar trámites, pagos y servicios generales entre el número de trámites realizados personalmente multiplicado por cien."
6200028384,"Porcentaje de satisfacción general al realizar trámites, pagos y servicios generales",2013,"El porcentaje se calcula dividiendo el número de usuarios  que manifestaron sentirse Muy satisfechos y Satisfechos al realizar trámites, pagos y servicios generales entre el número de trámites realizados personalmente multiplicado por cien."
6200028385,Porcentaje de satisfacción general al utilizar servicios básicos y bajo demanda,2017,El porcentaje se calcula dividiendo el número de Usuarios  que manifestaron sentirse Muy satisfechos y Satisfechos al utilizar servicios básicos y bajo demanda entre el total opiniones emitidas sobre servicios públicos básicos y bajo demanda
6200028385,Porcentaje de satisfacción general al utilizar servicios básicos y bajo demanda,2015,El porcentaje se calcula dividiendo el número de Usuarios  que manifestaron sentirse Muy satisfechos y Satisfechos al utilizar servicios básicos y bajo demanda entre el total opiniones emitidas sobre servicios públicos básicos y bajo demanda
6200028385,Porcentaje de satisfacción general al utilizar servicios básicos y bajo demanda,2013,El porcentaje se calcula dividiendo el número de Usuarios  que manifestaron sentirse Muy satisfechos y Satisfechos al utilizar servicios básicos y bajo demanda entre el total opiniones emitidas sobre servicios públicos básicos y bajo demanda
6200028386,Porcentaje de satisfacción con los servicios provistos por el Gobierno Federal,2017,El porcentaje se calcula dividiendo las opiniones con alto nivel de satisfacción provistos por el gobierno federal entre el total de opiniones emitidas sobre servicios federales multiplicado por cien.
6200028386,Porcentaje de satisfacción con los servicios provistos por el Gobierno Federal,2015,El porcentaje se calcula dividiendo las opiniones con alto nivel de satisfacción provistos por el gobierno federal entre el total de opiniones emitidas sobre servicios federales multiplicado por cien.
6200028386,Porcentaje de satisfacción con los servicios provistos por el Gobierno Federal,2013,El porcentaje se calcula dividiendo las opiniones con alto nivel de satisfacción provistos por el gobierno federal entre el total de opiniones emitidas sobre servicios federales multiplicado por cien.
6200028387,Porcentaje de satisfacción con los servicios provistos por la Entidad Federativa,2017,El porcentaje se calcula dividiendo a las opiniones con alto nivel de satisfacción provistos por la entidad federativa entre el total de opiniones emitidas sobre servicios estatales multiplicada por cien
6200028387,Porcentaje de satisfacción con los servicios provistos por la Entidad Federativa,2015,El porcentaje se calcula dividiendo a las opiniones con alto nivel de satisfacción provistos por la entidad federativa entre el total de opiniones emitidas sobre servicios estatales multiplicada por cien
6200028387,Porcentaje de satisfacción con los servicios provistos por la Entidad Federativa,2013,El porcentaje se calcula dividiendo a las opiniones con alto nivel de satisfacción provistos por la entidad federativa entre el total de opiniones emitidas sobre servicios estatales multiplicada por cien
6200028388,Porcentaje de satisfacción con los servicios provistos por el Municipio o Delegación,2017,El porcentaje se calcula dividiendo a las opiniones con  alto nivel de satisfacción provistos por el municipio o  delegación entre el total de opiniones emitidas sobre  servicios públicos municipales o delegacionales  multiplicada por cien
6200028388,Porcentaje de satisfacción con los servicios provistos por el Municipio o Delegación,2015,El porcentaje se calcula dividiendo a las opiniones con  alto nivel de satisfacción provistos por el municipio o  delegación entre el total de opiniones emitidas sobre  servicios públicos municipales o delegacionales  multiplicada por cien
6200028388,Porcentaje de satisfacción con los servicios provistos por el Municipio o Delegación,2013,El porcentaje se calcula dividiendo a las opiniones con  alto nivel de satisfacción provistos por el municipio o  delegación entre el total de opiniones emitidas sobre  servicios públicos municipales o delegacionales  multiplicada por cien
6200028389,Porcentaje de usuarios que enfrentaron barreras al realizar el trámite,2019,"El porcentaje se calcula dividiendo el número  de usuarios que enfrentaron barreras al realizar el trámite entre el número de trámites, pagos, solicitudes de servicios realizados personalmente multiplicado por cien"
6200028389,Porcentaje de usuarios que enfrentaron barreras al realizar el trámite,2017,"El porcentaje se calcula dividiendo el número  de usuarios que enfrentaron barreras al realizar el trámite entre el número de trámites, pagos, solicitudes de servicios realizados personalmente multiplicado por cien"
6200028389,Porcentaje de usuarios que enfrentaron barreras al realizar el trámite,2015,"El porcentaje se calcula dividiendo el número  de usuarios que enfrentaron barreras al realizar el trámite entre el número de trámites, pagos, solicitudes de servicios realizados personalmente multiplicado por cien"
6200028389,Porcentaje de usuarios que enfrentaron barreras al realizar el trámite,2013,El porcentaje se calcula dividiendo el número  usuarios  que enfrentaron barreras al trámite entre los trámites  realizados personalmente multiplicado por cien
6200028390,Porcentaje de usuarios que enfrentaron asimetrías de información al realizar el trámite,2019,El porcentaje se calcula dividiendo el número  de usuarios que enfrentaron asimetrías de información entre el número de trámites realizados personalmente multiplicado por cien.
6200028390,Porcentaje de usuarios que enfrentaron asimetrías de información al realizar el trámite,2017,El porcentaje se calcula dividiendo el número  de usuarios que enfrentaron asimetrías de información entre el número de trámites realizados personalmente multiplicado por cien.
6200028390,Porcentaje de usuarios que enfrentaron asimetrías de información al realizar el trámite,2015,El porcentaje se calcula dividiendo el número  de usuarios que enfrentaron asimetrías de información entre el número de trámites realizados personalmente multiplicado por cien.
6200028390,Porcentaje de usuarios que enfrentaron asimetrías de información al realizar el trámite,2013,El porcentaje se calcula dividiendo el número  de usuarios que enfrentaron asimetrías de información entre el número de trámites realizados personalmente multiplicado por cien.
6200028391,Porcentaje de usuarios que enfrentaron problemas con las TICs y otra causas al realizar el trámite,2019,El porcentaje se calcula dividiendo el número  de usuarios que enfrentaron problemas con las TICs y otras causas entre el número trámites realizados personalmente multiplicado por cien.
6200028391,Porcentaje de usuarios que enfrentaron problemas con las TICs y otra causas al realizar el trámite,2017,El porcentaje se calcula dividiendo el número  de usuarios que enfrentaron problemas con las TICs y otras causas entre el número trámites realizados personalmente multiplicado por cien.
6200028391,Porcentaje de usuarios que enfrentaron problemas con las TICs y otra causas al realizar el trámite,2015,El porcentaje se calcula dividiendo el número  de usuarios que enfrentaron problemas con las TICs y otras causas entre el número trámites realizados personalmente multiplicado por cien.
6200028391,Porcentaje de usuarios que enfrentaron problemas con las TICs y otra causas al realizar el trámite,2013,El porcentaje se calcula dividiendo el número  de usuarios que enfrentaron problemas con las TICs y otras causas entre el número trámites realizados personalmente multiplicado por cien.
6200028392,Porcentaje de trámites en los que el usuario si enfrentó algún problema,2019,El porcentaje se calcula dividiendo el número  de trámites en los que el usuario si enfrentó algún problema entre los trámites realizados personalmente multiplicado por cien
6200028392,Porcentaje de trámites en los que el usuario si enfrentó algún problema,2017,El porcentaje se calcula dividiendo el número  de trámites en los que el usuario si enfrentó algún problema entre los trámites realizados personalmente multiplicado por cien
6200028392,Porcentaje de trámites en los que el usuario si enfrentó algún problema,2015,El porcentaje se calcula dividiendo el número  de trámites en los que el usuario si enfrentó algún problema entre los trámites realizados personalmente multiplicado por cien
6200028392,Porcentaje de trámites en los que el usuario si enfrentó algún problema,2013,El porcentaje se calcula dividiendo el número  de trámites en los que el usuario si enfrentó algún problema entre los trámites realizados personalmente multiplicado por cien
6200028393,Porcentaje de trámites en los que el usuario no enfrentó algún problema,2019,El porcentaje se calcula dividiendo el número  de trámites en los que el usuario no enfrentó algún problema entre los trámites realizados personalmente multiplicado por cien
6200028393,Porcentaje de trámites en los que el usuario no enfrentó algún problema,2017,El porcentaje se calcula dividiendo el número  de trámites en los que el usuario no enfrentó algún problema entre los trámites realizados personalmente multiplicado por cien
6200028393,Porcentaje de trámites en los que el usuario no enfrentó algún problema,2015,El porcentaje se calcula dividiendo el número  de trámites en los que el usuario no enfrentó algún problema entre los trámites realizados personalmente multiplicado por cien
6200028393,Porcentaje de trámites en los que el usuario no enfrentó algún problema,2013,El porcentaje se calcula dividiendo el número  de trámites en los que el usuario no enfrentó algún problema entre los trámites realizados personalmente multiplicado por cien
6200032262,Porcentaje de la población de 18 años y más satisfecha con el servicio de parques y jardines públicos,2019,El porcentaje se calcula dividiendo el número de opiniones en las que se reportó estar &quot;Muy satisfecho&quot; o &quot;Satisfecho&quot; con el servicio de la policía entre el  total de la población de 18 años y más en áreas urbanas de cien mil habitantes y más.
6200032262,Porcentaje de la población de 18 años y más satisfecha con el servicio de parques y jardines públicos,2017,El porcentaje se calcula dividiendo el número de opiniones en las que se reportó estar "Muy satisfecho" o "Satisfecho" con el servicio de la policía entre el  total de la población de 18 años y más en áreas urbanas de cien mil habitantes y más.
6200032262,Porcentaje de la población de 18 años y más satisfecha con el servicio de parques y jardines públicos,2015,El porcentaje se calcula dividiendo el número de opiniones en las que se reportó estar "Muy satisfecho" o "Satisfecho" con el servicio de la policía entre el  total de la población de 18 años y más en áreas urbanas de cien mil habitantes y más.
6200032262,Porcentaje de la población de 18 años y más satisfecha con el servicio de parques y jardines públicos,2013,El porcentaje se calcula dividiendo el número de opiniones en las que se reportó estar "Muy satisfecho" o "Satisfecho" con el servicio de la policía entre el  total de la población de 18 años y más en áreas urbanas de cien mil habitantes y más.
6200032263,Porcentaje de la población de 18 años y más satisfecha con el servicio de educación pública universitaria,2019,El porcentaje se calcula dividiendo el número de opiniones en las que se reportó estar &quot;Muy satisfecho&quot; o &quot;Satisfecho&quot; con el servicio de la policía entre el  total de la población de 18 años y más en áreas urbanas de cien mil habitantes y más.
6200032263,Porcentaje de la población de 18 años y más satisfecha con el servicio de educación pública universitaria,2017,El porcentaje se calcula dividiendo el número de opiniones en las que se reportó estar "Muy satisfecho" o "Satisfecho" con el servicio de la policía entre el  total de la población de 18 años y más en áreas urbanas de cien mil habitantes y más.
6200032263,Porcentaje de la población de 18 años y más satisfecha con el servicio de educación pública universitaria,2015,El porcentaje se calcula dividiendo el número de opiniones en las que se reportó estar "Muy satisfecho" o "Satisfecho" con el servicio de la policía entre el  total de la población de 18 años y más en áreas urbanas de cien mil habitantes y más.
6200032263,Porcentaje de la población de 18 años y más satisfecha con el servicio de educación pública universitaria,2013,El porcentaje se calcula dividiendo el número de opiniones en las que se reportó estar "Muy satisfecho" o "Satisfecho" con el servicio de la policía entre el  total de la población de 18 años y más en áreas urbanas de cien mil habitantes y más.
6200032264,Porcentaje de la población de 18 años y más satisfecha con el servicio de salud del ISSSTE,2019,El porcentaje se calcula dividiendo el número de opiniones en las que se reportó estar &quot;Muy satisfecho&quot; o &quot;Satisfecho&quot; con el servicio de la policía entre el  total de la población de 18 años y más en áreas urbanas de cien mil habitantes y más.
6200032264,Porcentaje de la población de 18 años y más satisfecha con el servicio de salud del ISSSTE,2017,El porcentaje se calcula dividiendo el número de opiniones en las que se reportó estar "Muy satisfecho" o "Satisfecho" con el servicio de la policía entre el  total de la población de 18 años y más en áreas urbanas de cien mil habitantes y más.
6200032264,Porcentaje de la población de 18 años y más satisfecha con el servicio de salud del ISSSTE,2015,El porcentaje se calcula dividiendo el número de opiniones en las que se reportó estar "Muy satisfecho" o "Satisfecho" con el servicio de la policía entre el  total de la población de 18 años y más en áreas urbanas de cien mil habitantes y más.
6200032264,Porcentaje de la población de 18 años y más satisfecha con el servicio de salud del ISSSTE,2013,El porcentaje se calcula dividiendo el número de opiniones en las que se reportó estar "Muy satisfecho" o "Satisfecho" con el servicio de la policía entre el  total de la población de 18 años y más en áreas urbanas de cien mil habitantes y más.
6200032265,Porcentaje de la población de 18 años y más satisfecha con el servicio de educación obligatoria,2019,El porcentaje se calcula dividiendo el número de opiniones en las que se reportó estar &quot;Muy satisfecho&quot; o &quot;Satisfecho&quot; con el servicio de la policía entre el  total de la población de 18 años y más en áreas urbanas de cien mil habitantes y más.
6200032265,Porcentaje de la población de 18 años y más satisfecha con el servicio de educación obligatoria,2017,El porcentaje se calcula dividiendo el número de opiniones en las que se reportó estar "Muy satisfecho" o "Satisfecho" con el servicio de la policía entre el  total de la población de 18 años y más en áreas urbanas de cien mil habitantes y más.
6200032265,Porcentaje de la población de 18 años y más satisfecha con el servicio de educación obligatoria,2015,El porcentaje se calcula dividiendo el número de opiniones en las que se reportó estar "Muy satisfecho" o "Satisfecho" con el servicio de la policía entre el  total de la población de 18 años y más en áreas urbanas de cien mil habitantes y más.
6200032265,Porcentaje de la población de 18 años y más satisfecha con el servicio de educación obligatoria,2013,El porcentaje se calcula dividiendo el número de opiniones en las que se reportó estar "Muy satisfecho" o "Satisfecho" con el servicio de la policía entre el  total de la población de 18 años y más en áreas urbanas de cien mil habitantes y más.
6200032267,Porcentaje de la población de 18 años y más satisfecha con los servicios de salud estatal o Seguro Popular,2019,El porcentaje se calcula dividiendo el número de opiniones en las que se reportó estar &quot;Muy satisfecho&quot; o &quot;Satisfecho&quot; con el servicio de la policía entre el  total de la población de 18 años y más en áreas urbanas de cien mil habitantes y más.
6200032267,Porcentaje de la población de 18 años y más satisfecha con los servicios de salud estatal o Seguro Popular,2017,El porcentaje se calcula dividiendo el número de opiniones en las que se reportó estar "Muy satisfecho" o "Satisfecho" con el servicio de la policía entre el  total de la población de 18 años y más en áreas urbanas de cien mil habitantes y más.
6200032267,Porcentaje de la población de 18 años y más satisfecha con los servicios de salud estatal o Seguro Popular,2015,El porcentaje se calcula dividiendo el número de opiniones en las que se reportó estar "Muy satisfecho" o "Satisfecho" con el servicio de la policía entre el  total de la población de 18 años y más en áreas urbanas de cien mil habitantes y más.
6200032267,Porcentaje de la población de 18 años y más satisfecha con los servicios de salud estatal o Seguro Popular,2013,El porcentaje se calcula dividiendo el número de opiniones en las que se reportó estar "Muy satisfecho" o "Satisfecho" con el servicio de la policía entre el  total de la población de 18 años y más en áreas urbanas de cien mil habitantes y más.
6200032268,Porcentaje de la población de 18 años y más satisfecha con el servicio de calles y avenidas,2019,El porcentaje se calcula dividiendo el número de opiniones en las que se reportó estar &quot;Muy satisfecho&quot; o &quot;Satisfecho&quot; con el servicio de calles y avenidas entre el  total de la población de 18 años y más en áreas urbanas de cien mil habitantes y más.
6200032268,Porcentaje de la población de 18 años y más satisfecha con el servicio de calles y avenidas,2017,El porcentaje se calcula dividiendo el número de opiniones en las que se reportó estar "Muy satisfecho" o "Satisfecho" con el servicio de calles y avenidas entre el  total de la población de 18 años y más en áreas urbanas de cien mil habitantes y más.
6200032268,Porcentaje de la población de 18 años y más satisfecha con el servicio de calles y avenidas,2015,El porcentaje se calcula dividiendo el número de opiniones en las que se reportó estar "Muy satisfecho" o "Satisfecho" con el servicio de calles y avenidas entre el  total de la población de 18 años y más en áreas urbanas de cien mil habitantes y más.
6200032268,Porcentaje de la población de 18 años y más satisfecha con el servicio de calles y avenidas,2013,El porcentaje se calcula dividiendo el número de opiniones en las que se reportó estar "Muy satisfecho" o "Satisfecho" con el servicio de calles y avenidas entre el  total de la población de 18 años y más en áreas urbanas de cien mil habitantes y más.
6200032269,Porcentaje de la población de 18 años y más satisfecha con el servicio de salud del IMSS,2019,El porcentaje se calcula dividiendo el número de opiniones en las que se reportó estar &quot;Muy satisfecho&quot; o &quot;Satisfecho&quot; con el servicio de la policía entre el  total de la población de 18 años y más en áreas urbanas de cien mil habitantes y más.
6200032269,Porcentaje de la población de 18 años y más satisfecha con el servicio de salud del IMSS,2017,El porcentaje se calcula dividiendo el número de opiniones en las que se reportó estar "Muy satisfecho" o "Satisfecho" con el servicio de la policía entre el  total de la población de 18 años y más en áreas urbanas de cien mil habitantes y más.
6200032269,Porcentaje de la población de 18 años y más satisfecha con el servicio de salud del IMSS,2015,El porcentaje se calcula dividiendo el número de opiniones en las que se reportó estar "Muy satisfecho" o "Satisfecho" con el servicio de la policía entre el  total de la población de 18 años y más en áreas urbanas de cien mil habitantes y más.
6200032269,Porcentaje de la población de 18 años y más satisfecha con el servicio de salud del IMSS,2013,El porcentaje se calcula dividiendo el número de opiniones en las que se reportó estar "Muy satisfecho" o "Satisfecho" con el servicio de la policía entre el  total de la población de 18 años y más en áreas urbanas de cien mil habitantes y más.
6200032270,"Porcentaje de la población de 18 años y más que consultó páginas de internet del gobierno para conocer información sobre su organización interna, acciones, recursos públicos o programas",2019,El porcentaje se calcula dividiendo el número de opiniones en las que se reportó estar &quot;Muy satisfecho&quot; o &quot;Satisfecho&quot; con el servicio de la policía entre el  total de la población de 18 años y más en áreas urbanas de cien mil habitantes y más.
6200032270,"Porcentaje de la población de 18 años y más que consultó páginas de internet del gobierno para conocer información sobre su organización interna, acciones, recursos públicos o programas",2017,El porcentaje se calcula dividiendo el número de opiniones en las que se reportó estar "Muy satisfecho" o "Satisfecho" con el servicio de la policía entre el  total de la población de 18 años y más en áreas urbanas de cien mil habitantes y más.
6200032270,"Porcentaje de la población de 18 años y más que consultó páginas de internet del gobierno para conocer información sobre su organización interna, acciones, recursos públicos o programas",2015,El porcentaje se calcula dividiendo el número de opiniones en las que se reportó estar "Muy satisfecho" o "Satisfecho" con el servicio de la policía entre el  total de la población de 18 años y más en áreas urbanas de cien mil habitantes y más.
6200032270,"Porcentaje de la población de 18 años y más que consultó páginas de internet del gobierno para conocer información sobre su organización interna, acciones, recursos públicos o programas",2013,El porcentaje se calcula dividiendo el número de opiniones en las que se reportó estar "Muy satisfecho" o "Satisfecho" con el servicio de la policía entre el  total de la población de 18 años y más en áreas urbanas de cien mil habitantes y más.
6200032271,"Porcentaje de la población de 18 años y más que utilizó redes sociales para  presentar en las cuentas del gobierno una queja, denuncia o comentarios",2019,"El porcentaje se calcula dividiendo a la población de 18 años y más que utilizó redes sociales para  presentar en las cuentas del gobierno una queja, denuncia o comentarios entre la población de 18 años y más, multiplicado por cien."
6200032271,"Porcentaje de la población de 18 años y más que utilizó redes sociales para  presentar en las cuentas del gobierno una queja, denuncia o comentarios",2017,"El porcentaje se calcula dividiendo a la población de 18 años y más que utilizó redes sociales para  presentar en las cuentas del gobierno una queja, denuncia o comentarios entre la población de 18 años y más, multiplicado por cien."
6200032271,"Porcentaje de la población de 18 años y más que utilizó redes sociales para  presentar en las cuentas del gobierno una queja, denuncia o comentarios",2015,"El porcentaje se calcula dividiendo a la población de 18 años y más que utilizó redes sociales para  presentar en las cuentas del gobierno una queja, denuncia o comentarios entre la población de 18 años y más, multiplicado por cien."
6200032271,"Porcentaje de la población de 18 años y más que utilizó redes sociales para  presentar en las cuentas del gobierno una queja, denuncia o comentarios",2013,"El porcentaje se calcula dividiendo a la población de 18 años y más que utilizó redes sociales para  presentar en las cuentas del gobierno una queja, denuncia o comentarios entre la población de 18 años y más, multiplicado por cien."
6200032272,Porcentaje de la población de 18 años y más con al menos una interacción con el gobierno a través de internet,2019,"El porcentaje se calcula dividiendo a la población de 18 años y más con al menos una interacción con el gobierno a través de internet entre la población de 18 años y más, multiplicado por cien."
6200032272,Porcentaje de la población de 18 años y más con al menos una interacción con el gobierno a través de internet,2017,"El porcentaje se calcula dividiendo a la población de 18 años y más con al menos una interacción con el gobierno a través de internet entre la población de 18 años y más, multiplicado por cien."
6200032272,Porcentaje de la población de 18 años y más con al menos una interacción con el gobierno a través de internet,2015,"El porcentaje se calcula dividiendo a la población de 18 años y más con al menos una interacción con el gobierno a través de internet entre la población de 18 años y más, multiplicado por cien."
6200032272,Porcentaje de la población de 18 años y más con al menos una interacción con el gobierno a través de internet,2013,"El porcentaje se calcula dividiendo a la población de 18 años y más con al menos una interacción con el gobierno a través de internet entre la población de 18 años y más, multiplicado por cien."
6200032273,Porcentaje de la población de 18 años y más satisfecha con el servicio de alumbrado público,2019,El porcentaje se calcula dividiendo el número de  opiniones en las que se reportó estar &quot;Muy satisfecho&quot; o  &quot;Satisfecho&quot; con el servicio de alumbrado público entre  el  total de la población de 18 años y más en áreas  urbanas de cien mil habitantes y más.
6200032273,Porcentaje de la población de 18 años y más satisfecha con el servicio de alumbrado público,2017,El porcentaje se calcula dividiendo el número de  opiniones en las que se reportó estar "Muy satisfecho" o  "Satisfecho" con el servicio de alumbrado público entre  el  total de la población de 18 años y más en áreas  urbanas de cien mil habitantes y más.
6200032273,Porcentaje de la población de 18 años y más satisfecha con el servicio de alumbrado público,2015,El porcentaje se calcula dividiendo el número de  opiniones en las que se reportó estar "Muy satisfecho" o  "Satisfecho" con el servicio de alumbrado público entre  el  total de la población de 18 años y más en áreas  urbanas de cien mil habitantes y más.
6200032273,Porcentaje de la población de 18 años y más satisfecha con el servicio de alumbrado público,2013,El porcentaje se calcula dividiendo el número de  opiniones en las que se reportó estar "Muy satisfecho" o  "Satisfecho" con el servicio de alumbrado público entre  el  total de la población de 18 años y más en áreas  urbanas de cien mil habitantes y más.
6200032274,"Porcentaje de la población de 18 años y más que utilizó páginas de internet para realizar trámites, pagos o servicios por medio de Internet",2019,"El porcentaje se calcula dividiendo a la población de 18 años y más que utilizó páginas de internet para realizar trámites, pagos o servicios por medio de Internet entre la población de 18 años y más, multiplicado por cien."
6200032274,"Porcentaje de la población de 18 años y más que utilizó páginas de internet para realizar trámites, pagos o servicios por medio de Internet",2017,"El porcentaje se calcula dividiendo a la población de 18 años y más que utilizó páginas de internet para realizar trámites, pagos o servicios por medio de Internet entre la población de 18 años y más, multiplicado por cien."
6200032274,"Porcentaje de la población de 18 años y más que utilizó páginas de internet para realizar trámites, pagos o servicios por medio de Internet",2015,"El porcentaje se calcula dividiendo a la población de 18 años y más que utilizó páginas de internet para realizar trámites, pagos o servicios por medio de Internet entre la población de 18 años y más, multiplicado por cien."
6200032274,"Porcentaje de la población de 18 años y más que utilizó páginas de internet para realizar trámites, pagos o servicios por medio de Internet",2013,"El porcentaje se calcula dividiendo a la población de 18 años y más que utilizó páginas de internet para realizar trámites, pagos o servicios por medio de Internet entre la población de 18 años y más, multiplicado por cien."
6200032275,Porcentaje de la población de 18 años y más satisfecha con el servicio de recolección de basura,2019,El porcentaje se calcula dividiendo el número de opiniones en las que se reportó estar &quot;Muy satisfecho&quot; o &quot;Satisfecho&quot; con el servicio de la policía entre el  total de la población de 18 años y más en áreas urbanas de cien mil habitantes y más.
6200032275,Porcentaje de la población de 18 años y más satisfecha con el servicio de recolección de basura,2017,El porcentaje se calcula dividiendo el número de opiniones en las que se reportó estar "Muy satisfecho" o "Satisfecho" con el servicio de la policía entre el  total de la población de 18 años y más en áreas urbanas de cien mil habitantes y más.
6200032275,Porcentaje de la población de 18 años y más satisfecha con el servicio de recolección de basura,2015,El porcentaje se calcula dividiendo el número de opiniones en las que se reportó estar "Muy satisfecho" o "Satisfecho" con el servicio de la policía entre el  total de la población de 18 años y más en áreas urbanas de cien mil habitantes y más.
6200032275,Porcentaje de la población de 18 años y más satisfecha con el servicio de recolección de basura,2013,El porcentaje se calcula dividiendo el número de opiniones en las que se reportó estar "Muy satisfecho" o "Satisfecho" con el servicio de la policía entre el  total de la población de 18 años y más en áreas urbanas de cien mil habitantes y más.
6200032276,Porcentaje de satisfacción con el servicio de la policía,2019,El porcentaje se calcula dividiendo el número de opiniones en las que se reportó estar &quot;Muy satisfecho&quot; o &quot;Satisfecho&quot; con el servicio de la policía entre el  total de la población de 18 años y más en áreas urbanas de cien mil habitantes y más.
6200032276,Porcentaje de satisfacción con el servicio de la policía,2017,El porcentaje se calcula dividiendo el número de opiniones en las que se reportó estar "Muy satisfecho" o "Satisfecho" con el servicio de la policía entre el  total de la población de 18 años y más en áreas urbanas de cien mil habitantes y más.
6200032276,Porcentaje de satisfacción con el servicio de la policía,2015,El porcentaje se calcula dividiendo el número de opiniones en las que se reportó estar "Muy satisfecho" o "Satisfecho" con el servicio de la policía entre el  total de la población de 18 años y más en áreas urbanas de cien mil habitantes y más.
6200032276,Porcentaje de satisfacción con el servicio de la policía,2013,El porcentaje se calcula dividiendo el número de opiniones en las que se reportó estar "Muy satisfecho" o "Satisfecho" con el servicio de la policía entre el  total de la población de 18 años y más en áreas urbanas de cien mil habitantes y más.
6200032277,Porcentaje de la población de 18 años y más satisfecha con el servicio de agua potable,2019,El porcentaje se calcula dividiendo el número de opiniones en las que se reportó estar &quot;Muy satisfecho&quot; o &quot;Satisfecho&quot; con el servicio de agua potable entre el  total de la población de 18 años y más en áreas urbanas de cien mil habitantes y más.
6200032277,Porcentaje de la población de 18 años y más satisfecha con el servicio de agua potable,2017,El porcentaje se calcula dividiendo el número de opiniones en las que se reportó estar "Muy satisfecho" o "Satisfecho" con el servicio de agua potable entre el  total de la población de 18 años y más en áreas urbanas de cien mil habitantes y más.
6200032277,Porcentaje de la población de 18 años y más satisfecha con el servicio de agua potable,2015,El porcentaje se calcula dividiendo el número de opiniones en las que se reportó estar "Muy satisfecho" o "Satisfecho" con el servicio de agua potable entre el  total de la población de 18 años y más en áreas urbanas de cien mil habitantes y más.
6200032277,Porcentaje de la población de 18 años y más satisfecha con el servicio de agua potable,2013,El porcentaje se calcula dividiendo el número de opiniones en las que se reportó estar "Muy satisfecho" o "Satisfecho" con el servicio de agua potable entre el  total de la población de 18 años y más en áreas urbanas de cien mil habitantes y más.
6200032278,Porcentaje de la población de 18 años y más satisfecha con el servicio de energía eléctrica,2019,El porcentaje se calcula dividiendo el número de opiniones en las que se reportó estar &quot;Muy satisfecho&quot; o &quot;Satisfecho&quot; con el servicio de la policía entre el  total de la población de 18 años y más en áreas urbanas de cien mil habitantes y más.
6200032278,Porcentaje de la población de 18 años y más satisfecha con el servicio de energía eléctrica,2017,El porcentaje se calcula dividiendo el número de opiniones en las que se reportó estar "Muy satisfecho" o "Satisfecho" con el servicio de la policía entre el  total de la población de 18 años y más en áreas urbanas de cien mil habitantes y más.
6200032278,Porcentaje de la población de 18 años y más satisfecha con el servicio de energía eléctrica,2015,El porcentaje se calcula dividiendo el número de opiniones en las que se reportó estar "Muy satisfecho" o "Satisfecho" con el servicio de la policía entre el  total de la población de 18 años y más en áreas urbanas de cien mil habitantes y más.
6200032278,Porcentaje de la población de 18 años y más satisfecha con el servicio de energía eléctrica,2013,El porcentaje se calcula dividiendo el número de opiniones en las que se reportó estar "Muy satisfecho" o "Satisfecho" con el servicio de la policía entre el  total de la población de 18 años y más en áreas urbanas de cien mil habitantes y más.
6204409469,Porcentaje de satisfacción con el servicio de metro o tren ligero,2017,El porcentaje se calcula dividiendo el número de opiniones en las que se reportó estar "Muy satisfecho" o "Satisfecho" con el servicio de metro o tren ligero entre el  total de la población de 18 años y más en áreas urbanas de cien mil habitantes y más usuarios del servicio.
6204409469,Porcentaje de satisfacción con el servicio de metro o tren ligero,2015,El porcentaje se calcula dividiendo el número de opiniones en las que se reportó estar "Muy satisfecho" o "Satisfecho" con el servicio de metro o tren ligero entre el  total de la población de 18 años y más en áreas urbanas de cien mil habitantes y más usuarios del servicio.
6204409470,Porcentaje de satisfacción con el servicio de drenaje y alcantarillado,2017,El porcentaje se calcula dividiendo el número de opiniones en las que se reportó estar "Muy satisfecho" o "Satisfecho" con el servicio de drenaje y alcantarillado entre el  total de la población de 18 años y más en áreas urbanas de cien mil habitantes y más.
6204409470,Porcentaje de satisfacción con el servicio de drenaje y alcantarillado,2015,El porcentaje se calcula dividiendo el número de opiniones en las que se reportó estar "Muy satisfecho" o "Satisfecho" con el servicio de drenaje y alcantarillado entre el  total de la población de 18 años y más en áreas urbanas de cien mil habitantes y más.
6204409471,Porcentaje de satisfacción con el servicio de autobús de tránsito rápido,2017,El porcentaje se calcula dividiendo el número de opiniones en las que se reportó estar "Muy satisfecho" o "Satisfecho" con el servicio de autobús de tránsito rápido entre el  total de la población de 18 años y más en áreas urbanas de cien mil habitantes y más usuarios del servicio.
6204409471,Porcentaje de satisfacción con el servicio de autobús de tránsito rápido,2015,El porcentaje se calcula dividiendo el número de opiniones en las que se reportó estar "Muy satisfecho" o "Satisfecho" con el servicio de autobús de tránsito rápido entre el  total de la población de 18 años y más en áreas urbanas de cien mil habitantes y más usuarios del servicio.
6204409472,Porcentaje de satisfacción con el servicio de carreteras y caminos sin cuota,2017,El porcentaje se calcula dividiendo el número de opiniones en las que se reportó estar "Muy satisfecho" o "Satisfecho" con el servicio de carreteras y caminos sin cuota entre el  total de la población de 18 años y más en áreas urbanas de cien mil habitantes y más.
6204409472,Porcentaje de satisfacción con el servicio de carreteras y caminos sin cuota,2015,El porcentaje se calcula dividiendo el número de opiniones en las que se reportó estar "Muy satisfecho" o "Satisfecho" con el servicio de carreteras y caminos sin cuota entre el  total de la población de 18 años y más en áreas urbanas de cien mil habitantes y más.
6204409473,Porcentaje de satisfacción con el servicio de autopistas con casetas de cuota,2017,El porcentaje se calcula dividiendo el número de opiniones en las que se reportó estar "Muy satisfecho" o "Satisfecho" con el servicio de casetas de cuota entre el  total de la población de 18 años y más en áreas urbanas de cien mil habitantes y más usuarios del servicio.
6204409473,Porcentaje de satisfacción con el servicio de autopistas con casetas de cuota,2015,El porcentaje se calcula dividiendo el número de opiniones en las que se reportó estar "Muy satisfecho" o "Satisfecho" con el servicio de casetas de cuota entre el  total de la población de 18 años y más en áreas urbanas de cien mil habitantes y más usuarios del servicio.
6204409474,Porcentaje de satisfacción con el servicio de transporte público masivo automotor,2017,"El porcentaje se calcula dividiendo el número de opiniones en las que se reportó estar "Muy satisfecho" o "Satisfecho" con el servicio de transporte público tipo autobús urbano, van, combi o microbús entre el  total de la población de 18 años y más en áreas urbanas de cien mil habitantes y más usuarios del servicio."
6204409474,Porcentaje de satisfacción con el servicio de transporte público masivo automotor,2015,"El porcentaje se calcula dividiendo el número de opiniones en las que se reportó estar "Muy satisfecho" o "Satisfecho" con el servicio de transporte público tipo autobús urbano, van, combi o microbús entre el  total de la población de 18 años y más en áreas urbanas de cien mil habitantes y más usuarios del servicio."
6204409475,Porcentaje de la población de 18 años y más que continuó o terminó un trámite o realizó algún pago por un servicio en páginas de internet del gobierno,2019,"El porcentaje se calcula dividiendo a la población de 18 años y más que continuó o terminó un trámite o realizó algún pago por un servicio en páginas de internet del gobierno entre la población de 18 años y más, multiplicado por cien."
6204409475,Porcentaje de la población de 18 años y más que continuó o terminó un trámite o realizó algún pago por un servicio en páginas de internet del gobierno,2017,"El porcentaje se calcula dividiendo a la población de 18 años y más que continuó o terminó un trámite o realizó algún pago por un servicio en páginas de internet del gobierno entre la población de 18 años y más, multiplicado por cien."
6204409475,Porcentaje de la población de 18 años y más que continuó o terminó un trámite o realizó algún pago por un servicio en páginas de internet del gobierno,2015,"El porcentaje se calcula dividiendo a la población de 18 años y más que continuó o terminó un trámite o realizó algún pago por un servicio en páginas de internet del gobierno entre la población de 18 años y más, multiplicado por cien."
6204409476,"Porcentaje de la población de 18 años y más que realizó el llenado y enviado  de algún formato en páginas de internet para iniciar, continuar o concluir trámites",2019,"El porcentaje se calcula dividiendo a la población de 18 años y más que realizó el llenado y enviado  de algún formato en páginas de internet para iniciar, continuar o concluir trámites entre la población de 18 años y más, multiplicado por cien."
6204409476,"Porcentaje de la población de 18 años y más que realizó el llenado y enviado  de algún formato en páginas de internet para iniciar, continuar o concluir trámites",2017,"El porcentaje se calcula dividiendo a la población de 18 años y más que realizó el llenado y enviado  de algún formato en páginas de internet para iniciar, continuar o concluir trámites entre la población de 18 años y más, multiplicado por cien."
6204409476,"Porcentaje de la población de 18 años y más que realizó el llenado y enviado  de algún formato en páginas de internet para iniciar, continuar o concluir trámites",2015,"El porcentaje se calcula dividiendo a la población de 18 años y más que realizó el llenado y enviado  de algún formato en páginas de internet para iniciar, continuar o concluir trámites entre la población de 18 años y más, multiplicado por cien."

