﻿id_indicador,nombre,año,notas
6200002199,Tasa de prevalencia delictiva por cada diez mil unidades económicas,2013,La tasa se calcula dividiendo el total de unidades económicas víctimas entre el total de unidades económicas en la entidad multiplicada por  diez mil
6200002231,Cifra negra de delitos en unidades económicas,2013,"El porcentaje se calcula dividiendo el total de delitos ocurridos a las unidades económicas víctimas no denunciados o denunciados pero sin inicio de averiguación previa entre el total de delitos ocurridos a las unidades económicas víctimas, multiplicado por cien."
6200002231,Cifra negra de delitos en unidades económicas,2011,"El porcentaje se calcula dividiendo el total de delitos ocurridos a las unidades económicas víctimas no denunciados o denunciados pero sin inicio de averiguación previa entre el total de delitos ocurridos a las unidades económicas víctimas, multiplicado por cien."
6200028396,Tasa de prevalencia delictiva en unidades económicas del sector industria por cada diez mil unidades económicas,2013,"La tasa se calcula dividiendo el total de unidades víctimas en el sector industria, entre el total de unidades económicas del sector industria multiplicada por diez mil"
6200028396,Tasa de prevalencia delictiva en unidades económicas del sector industria por cada diez mil unidades económicas,2011,"La tasa se calcula dividiendo el total de unidades víctimas en el sector industria, entre el total de unidades económicas del sector industria multiplicada por diez mil"
6200028397,Tasa de prevalencia delictiva en unidades económicas de tamaño micro por cada diez mil unidades económicas,2013,La tasa se calcula dividiendo el total de unidades víctimas de tamaño micro entre el total de unidades económicas de tamaño micro multiplicada por diez mil
6200028397,Tasa de prevalencia delictiva en unidades económicas de tamaño micro por cada diez mil unidades económicas,2011,La tasa se calcula dividiendo el total de unidades víctimas de tamaño micro entre el total de unidades económicas de tamaño micro multiplicada por diez mil
6200028398,Tasa de prevalencia delictiva en unidades económicas del sector comercio por cada diez mil unidades económicas,2013,"La tasa se calcula dividiendo el total de unidades económicas víctimas del sector comercio, entre el total de unidades económicas del sector comercio multiplicada por diez mil"
6200028398,Tasa de prevalencia delictiva en unidades económicas del sector comercio por cada diez mil unidades económicas,2011,"La tasa se calcula dividiendo el total de unidades económicas víctimas del sector comercio, entre el total de unidades económicas del sector comercio multiplicada por diez mil"
6200028399,Tasa de prevalencia delictiva en unidades económicas de tamaño grande por cada diez mil unidades económicas,2013,La tasa se calcula dividiendo el total de unidades víctimas de tamaño grande entre el total de unidades económicas de tamaño grande multiplicada por diez mil
6200028399,Tasa de prevalencia delictiva en unidades económicas de tamaño grande por cada diez mil unidades económicas,2011,La tasa se calcula dividiendo el total de unidades víctimas de tamaño grande entre el total de unidades económicas de tamaño grande multiplicada por diez mil
6200028400,Tasa de prevalencia delictiva en unidades económicas del sector servicios por cada diez mil unidades económicas,2013,"La tasa se calcula dividiendo el total de unidades víctimas en el sector servicios, entre el total de unidades económicas del sector servicios multiplicada por diez mil"
6200028400,Tasa de prevalencia delictiva en unidades económicas del sector servicios por cada diez mil unidades económicas,2011,"La tasa se calcula dividiendo el total de unidades víctimas en el sector servicios, entre el total de unidades económicas del sector servicios multiplicada por diez mil"
6200028401,Tasa de prevalencia delictiva en unidades económicas de tamaño pequeño por cada diez mil unidades económicas,2013,La tasa se calcula dividiendo el total de unidades víctimas de tamaño pequeña entre el total de unidades económicas de tamaño pequeña multiplicada por diez mil
6200028401,Tasa de prevalencia delictiva en unidades económicas de tamaño pequeño por cada diez mil unidades económicas,2011,La tasa se calcula dividiendo el total de unidades víctimas de tamaño pequeña entre el total de unidades económicas de tamaño pequeña multiplicada por diez mil
6200028402,Tasa de prevalencia delictiva en unidades económicas de tamaño mediano por cada diez mil unidades económicas,2013,La tasa se calcula dividiendo el total de unidades víctimas de tamaño mediana entre el total de unidades económicas de tamaño mediana multiplicada por diez mil
6200028402,Tasa de prevalencia delictiva en unidades económicas de tamaño mediano por cada diez mil unidades económicas,2011,La tasa se calcula dividiendo el total de unidades víctimas de tamaño mediana entre el total de unidades económicas de tamaño mediana multiplicada por diez mil
6200028527,Tasa de concentración de delitos por robo total de vehículo,2011,"El promedio se calcula dividiendo el total de delitos ocurridos por robo total de vehículo a las unidades económicas víctimas a nivel nacional, entre total de unidades económicas víctimas."
6200028528,Tasa de concentración de delitos ocurridos,2013,"El promedio se calcula dividiendo el total de delitos ocurridos a nivel nacional, entre total de unidades económicas víctimas a nivel nacional."
6200028528,Tasa de concentración de delitos ocurridos,2011,"El promedio se calcula dividiendo el total de delitos ocurridos a nivel nacional, entre total de unidades económicas víctimas a nivel nacional."
6200028529,Tasa de concentración de delitos por robo o asalto de bienes o dinero,2013,"El promedio se calcula dividiendo el total de delitos ocurridos por robo o asalto de bienes o dinero a las unidades económicas víctimas a nivel nacional, entre total de unidades económicas víctimas."
6200028529,Tasa de concentración de delitos por robo o asalto de bienes o dinero,2011,"El promedio se calcula dividiendo el total de delitos ocurridos por robo o asalto de bienes o dinero a las unidades económicas víctimas a nivel nacional, entre total de unidades económicas víctimas."
6200028530,Tasa de concentración de delitos por extorsión,2013,"El promedio se calcula dividiendo el total de delitos ocurridos por extorsión a las unidades económicas víctimas a nivel nacional, entre total de unidades económicas víctimas."
6200028530,Tasa de concentración de delitos por extorsión,2011,"El promedio se calcula dividiendo el total de delitos ocurridos por extorsión a las unidades económicas víctimas a nivel nacional, entre total de unidades económicas víctimas."
6200028531,Tasa de concentración de delitos por otros delitos,2013,"El promedio se calcula dividiendo el total de delitos ocurridos por otros delitos a las unidades económicas víctimas a nivel nacional, entre total de unidades económicas víctimas."
6200028531,Tasa de concentración de delitos por otros delitos,2011,"El promedio se calcula dividiendo el total de delitos ocurridos por otros delitos a las unidades económicas víctimas a nivel nacional, entre total de unidades económicas víctimas."
6200028532,Tasa de concentración de delitos por robo de mercancía en tránsito,2013,"El promedio se calcula dividiendo el total de delitos ocurridos  por robo de mercancía en tránsito a las unidades económicas víctimas a nivel nacional, entre total de unidades económicas víctimas."
6200028532,Tasa de concentración de delitos por robo de mercancía en tránsito,2011,"El promedio se calcula dividiendo el total de delitos ocurridos  por robo de mercancía en tránsito a las unidades económicas víctimas a nivel nacional, entre total de unidades económicas víctimas."
6200028533,"Tasa de concentración de delitos por daños a instalaciones, maquinaria o equipo",2013,"El promedio se calcula dividiendo el total de delitos ocurridos por daños a instalaciones, maquinaria o equipo a las unidades económicas víctimas a nivel nacional, entre total de unidades económicas víctimas."
6200028533,"Tasa de concentración de delitos por daños a instalaciones, maquinaria o equipo",2011,"El promedio se calcula dividiendo el total de delitos ocurridos por daños a instalaciones, maquinaria o equipo a las unidades económicas víctimas a nivel nacional, entre total de unidades económicas víctimas."
6200028534,Tasa de concentración de delitos por fraude,2013,"El promedio se calcula dividiendo el total de delitos ocurridos por fraude a las unidades económicas víctimas a nivel nacional, entre total de unidades económicas víctimas."
6200028534,Tasa de concentración de delitos por fraude,2011,"El promedio se calcula dividiendo el total de delitos ocurridos por fraude a las unidades económicas víctimas a nivel nacional, entre total de unidades económicas víctimas."
6200028535,Tasa de concentración de delitos por robo de accesorios de vehículo,2011,"El promedio se calcula dividiendo el total de delitos ocurridos por robo de accesorios de vehículo a las unidades económicas víctimas a nivel nacional, entre total de unidades económicas víctimas."
6200028536,Delitos ocurridos por robo o asalto de bienes o dinero a nivel nacional,2013,Total de delitos ocurridos por robo o asalto de bienes o dinero a las unidades económicas a nivel nacional.
6200028536,Delitos ocurridos por robo o asalto de bienes o dinero a nivel nacional,2011,Total de delitos ocurridos por robo o asalto de bienes o dinero a las unidades económicas a nivel nacional.
6200028537,Delitos ocurridos por robo total de vehículo a nivel nacional,2011,Total de delitos ocurridos por robo total de vehículo a las unidades económicas a nivel nacional.
6200028538,Delitos ocurridos por robo de accesorios de vehículo a nivel nacional,2011,Total de delitos ocurridos por robo de accesorios de vehículo a las unidades económicas a nivel nacional.
6200028539,Delitos ocurridos por robo de mercancía en tránsito a nivel nacional,2013,Total de delitos ocurridos  por robo de mercancía en tránsito a las unidades económicas a nivel nacional.
6200028539,Delitos ocurridos por robo de mercancía en tránsito a nivel nacional,2011,Total de delitos ocurridos  por robo de mercancía en tránsito a las unidades económicas a nivel nacional.
6200028540,Delitos ocurridos por extorsión a nivel nacional,2013,Total de delitos ocurridos por extorsión a las unidades económicas a nivel nacional
6200028540,Delitos ocurridos por extorsión a nivel nacional,2011,Total de delitos ocurridos por extorsión a las unidades económicas a nivel nacional
6200028541,"Delitos ocurridos por daños a instalaciones, maquinaria o equipo a nivel nacional",2013,"Total de delitos ocurridos por daños a instalaciones, maquinaria o equipo a las unidades económicas a nivel nacional."
6200028541,"Delitos ocurridos por daños a instalaciones, maquinaria o equipo a nivel nacional",2011,"Total de delitos ocurridos por daños a instalaciones, maquinaria o equipo a las unidades económicas a nivel nacional."
6200028542,Delitos ocurridos por fraude a nivel nacional,2013,Total de delitos ocurridos por fraude a las unidades económicas a nivel nacional.
6200028542,Delitos ocurridos por fraude a nivel nacional,2011,Total de delitos ocurridos por fraude a las unidades económicas a nivel nacional.
6200028543,Delitos ocurridos a nivel nacional,2013,Total de delitos ocurridos a las unidades económicas a nivel nacional.
6200028543,Delitos ocurridos a nivel nacional,2011,Total de delitos ocurridos a las unidades económicas a nivel nacional.
6200028544,Delitos ocurridos por otros delitos a nivel nacional,2013,Total de delitos ocurridos por otros delitos a las unidades económicas a nivel nacional.
6200028544,Delitos ocurridos por otros delitos a nivel nacional,2011,Total de delitos ocurridos por otros delitos a las unidades económicas a nivel nacional.
6200028545,Víctimas por robo o asalto de bienes o dinero a nivel nacional,2013,Total  a las unidades económicas víctimas  por robo o asalto de bienes o dinero a nivel nacional.
6200028545,Víctimas por robo o asalto de bienes o dinero a nivel nacional,2011,Total  a las unidades económicas víctimas  por robo o asalto de bienes o dinero a nivel nacional.
6200028546,Víctimas por otros delitos a nivel nacional,2013,Total de unidades económicas víctimas por otros delitos a nivel nacional.
6200028546,Víctimas por otros delitos a nivel nacional,2011,Total de unidades económicas víctimas por otros delitos a nivel nacional.
6200028547,Víctimas por robo de mercancía en tránsito a nivel nacional,2013,Total de  unidades económicas víctimas por robo de mercancía en tránsito a nivel nacional.
6200028547,Víctimas por robo de mercancía en tránsito a nivel nacional,2011,Total de  unidades económicas víctimas por robo de mercancía en tránsito a nivel nacional.
6200028548,"Víctimas por daños a instalaciones, maquinaria o equipo a nivel nacional",2013,"Total de unidades económicas víctimas por daños a instalaciones, maquinaria o equipo a nivel nacional."
6200028548,"Víctimas por daños a instalaciones, maquinaria o equipo a nivel nacional",2011,"Total de unidades económicas víctimas por daños a instalaciones, maquinaria o equipo a nivel nacional."
6200028549,Víctimas por fraude a nivel nacional,2013,Total de unidades económicas víctimas por fraude a nivel nacional.
6200028549,Víctimas por fraude a nivel nacional,2011,Total de unidades económicas víctimas por fraude a nivel nacional.
6200028550,Víctimas por extorsión a nivel nacional,2013,Total  de unidades económicas víctimas por extorsión a nivel nacional
6200028550,Víctimas por extorsión a nivel nacional,2011,Total  de unidades económicas víctimas por extorsión a nivel nacional
6200028551,Víctimas por robo de accesorios de vehículo a nivel nacional,2011,Total de unidades económicas víctimas por robo de accesorios de vehículo a nivel nacional.
6200028552,Víctimas por robo total de vehículo a nivel nacional,2011,Total de unidades económicas víctimas por robo total de vehículo a nivel nacional.
6200028553,Víctimas del delito a nivel nacional,2013,Total de unidades económicas víctimas a nivel nacional.
6200028553,Víctimas del delito a nivel nacional,2011,Total de unidades económicas víctimas a nivel nacional.
6200108952,Delitos ocurridos de robo total o parcial de vehículo a nivel nacional,2013,Total de delitos ocurridos por robo total o parcial de vehículo a las unidades económicas a nivel nacional.
6200108953,Víctimas por robo total o parcial de vehículo a nivel nacional,2017,"El promedio se calcula dividiendo el total de delitos ocurridos a nivel nacional, entre total de unidades económicas víctimas a nivel nacional."
6200108953,Víctimas por robo total o parcial de vehículo a nivel nacional,2015,"El promedio se calcula dividiendo el total de delitos ocurridos a nivel nacional, entre total de unidades económicas víctimas a nivel nacional."
6200108953,Víctimas por robo total o parcial de vehículo a nivel nacional,2013,Total de unidades económicas víctimas por robo total o parcial de vehículo a nivel nacional.
6200108958,Tasa de concentración de delitos por robo total o parcial de vehículo,2017,"El promedio se calcula dividiendo el total de delitos ocurridos a nivel nacional, entre total de unidades económicas víctimas a nivel nacional."
6200108958,Tasa de concentración de delitos por robo total o parcial de vehículo,2015,"El promedio se calcula dividiendo el total de delitos ocurridos a nivel nacional, entre total de unidades económicas víctimas a nivel nacional."
6200108958,Tasa de concentración de delitos por robo total o parcial de vehículo,2013,"El promedio se calcula dividiendo el total de delitos ocurridos por robo total de vehículo y/o robo de accesorios de vehículo a las unidades económicas víctimas a nivel nacional, entre total de unidades económicas víctimas."

