﻿id_indicador,nombre,nota
6200002199,Tasa de prevalencia delictiva por cada diez mil unidades económicas,La tasa se calcula dividiendo el total de unidades económicas víctimas entre el total de unidades económicas multiplicada por 10 000.
6200002201,Porcentaje de unidades económicas víctimas del delito,"El porcentaje se calcula dividiendo el total de unidades económicas víctimas de al menos un delito, entre el total de unidades económicas estimadas multiplicado por 100."
6200002202,Promedio de delitos por unidad económica víctima,El promedio se calcula dividiendo el total de delitos ocurridos a las unidades económicas víctimas entre total de unidades económicas víctimas.
6200002232,Costo promedio del delito en unidades económicas,El Costo Promedio del Delito se calcula dividiendo el total de pérdidas a consecuencia del delito así como en medidas de prevención entre el total de unidades económicas con alguna erogación a consecuencia del delito.
6200002233,Costo del delito en unidades económicas,El Costo del Delito se calcula sumando el total de pérdidas a consecuencia del delito así como en medidas de prevención.
6200002234,Porcentaje de delitos con portación de armas en unidades económicas,El porcentaje se calcula dividiendo el total de delitos ocurridos a unidades económicas donde hubo la presencia de armas entre  el total de delitos ocurridos en los cuales algún integrante de la unidad económica pudo observar si los delincuentes portaban armas por cien.
6200002235,Tasa de unidades económicas que considera insegura su colonia o localidad por cada diez mil unidades económicas.,La tasa de unidades económicas que consideran insegura su colonia o localidad se calcula dividiendo el total de unidades económicas que consideran insegura su colonia o localidad entre el total de unidades económicas multiplicada por 10 000 unidades económicas.
6200002237,Tasa de unidades económicas que considera insegura su entidad federativa por cada diez mil unidades económicas.,La tasa de unidades económicas que consideran insegura su entidad federativa se calcula dividiendo el total de unidades económicas que consideran insegura su entidad federativa entre el total de unidades económicas multiplicada por 10 000 unidades económicas.
6200002238,Tasa de unidades económicas que considera inseguro su municipio o delegación por cada diez mil unidades económicas.,La tasa de unidades económicas que consideran inseguro su municipio o delegación se calcula dividiendo el total de unidades económicas que consideran inseguro su municipio o delegación entre el total de unidades económicas multiplicada por 10 000 unidades económicas.
6200002239,Porcentaje de unidades económicas que identifica a la policía estatal y considera algo efectivo o muy efectivo el trabajo de la policía estatal,El porcentaje de unidades económicas que identifica a la policía estatal y considera algo efectivo o muy efectivo el trabajo de la policía estatal se calcula dividiendo el total de unidades económicas que identifican a la policía estatal y consideran  algo efectivo o muy efectivo el trabajo de la policía estatal entre el total de unidades económicas que identifica a la policía estatal multiplicada por 100.
6200002240,Porcentaje de unidades económicas que identifica a la policía federal y considera algo efectivo o muy efectivo el trabajo de la policía federal,El porcentaje de unidades económicas que identifica a la policía federal y considera algo efectivo o muy efectivo el trabajo de la policía federal se calcula dividiendo el total de unidades económicas que identifican a la policía federal y consideran  algo efectivo o muy efectivo el trabajo de la policía federal entre el total de unidades económicas que identifica a la policía federal  multiplicada por 100.

