﻿cve_entidad,desc_entidad,cve_municipio,desc_municipio,id_indicador,indicador,año,valor,unidad_medida
26,Sonora,0,Estatal,6200009456,Number of judges per hundred thousand inhabitants.,2010,2.27353412039941,Judges per hundred thousand population
26,Sonora,0,Estatal,6200009456,Number of judges per hundred thousand inhabitants.,2011,2.27653484490168,Judges per hundred thousand population
26,Sonora,0,Estatal,6200009456,Number of judges per hundred thousand inhabitants.,2012,2.2421474091168,Judges per hundred thousand population
26,Sonora,0,Estatal,6200009456,Number of judges per hundred thousand inhabitants.,2013,2.31460251199071,Judges per hundred thousand population
26,Sonora,0,Estatal,6200009456,Number of judges per hundred thousand inhabitants.,2014,2.42008163740781,Judges per hundred thousand population
26,Sonora,0,Estatal,6200009456,Number of judges per hundred thousand inhabitants.,2015,2.62545834966008,Judges per hundred thousand population
26,Sonora,0,Estatal,6200009456,Number of judges per hundred thousand inhabitants.,2016,3.06131396509828,Judges per hundred thousand population
26,Sonora,0,Estatal,6200009456,Number of judges per hundred thousand inhabitants.,2017,3.02143931494399,Judges per hundred thousand population
26,Sonora,0,Estatal,6200009456,Number of judges per hundred thousand inhabitants.,2018,3.08148962421616,Judges per hundred thousand population
26,Sonora,0,Estatal,6200009456,Number of judges per hundred thousand inhabitants.,2019,2.94639081458797,Judges per hundred thousand population
26,Sonora,0,Estatal,6200009499,Rate of resolution in the second instance.,2011,0.640127765290429,Proportion of completed cases regarding the cases filed
26,Sonora,0,Estatal,6200009499,Rate of resolution in the second instance.,2012,NC,Proportion of completed cases regarding the cases filed
26,Sonora,0,Estatal,6200009499,Rate of resolution in the second instance.,2013,NC,Proportion of completed cases regarding the cases filed
26,Sonora,0,Estatal,6200009499,Rate of resolution in the second instance.,2014,0.713291060549546,Proportion of completed cases regarding the cases filed
26,Sonora,0,Estatal,6200009499,Rate of resolution in the second instance.,2015,NC,Proportion of completed cases regarding the cases filed
26,Sonora,0,Estatal,6200009499,Rate of resolution in the second instance.,2016,0.63348581884721,Proportion of completed cases regarding the cases filed
26,Sonora,0,Estatal,6200009505,Rate of resolution in the first instance.,2011,0.759957514604355,Proportion of completed cases regarding the cases filed
26,Sonora,0,Estatal,6200009505,Rate of resolution in the first instance.,2012,NC,Proportion of completed cases regarding the cases filed
26,Sonora,0,Estatal,6200009505,Rate of resolution in the first instance.,2013,NC,Proportion of completed cases regarding the cases filed
26,Sonora,0,Estatal,6200009505,Rate of resolution in the first instance.,2016,0.647078710391247,Proportion of completed cases regarding the cases filed
26,Sonora,0,Estatal,6200009519,Rate of resolution in the adolescents law enforcement system in the first instance.,2010,0.423023093072078,Proportion of completed cases regarding the cases filed
26,Sonora,0,Estatal,6200009519,Rate of resolution in the adolescents law enforcement system in the first instance.,2011,0.982361963190184,Proportion of completed cases regarding the cases filed
26,Sonora,0,Estatal,6200009519,Rate of resolution in the adolescents law enforcement system in the first instance.,2012,0.951742627345844,Proportion of completed cases regarding the cases filed
26,Sonora,0,Estatal,6200009519,Rate of resolution in the adolescents law enforcement system in the first instance.,2013,0.982352941176471,Proportion of completed cases regarding the cases filed
26,Sonora,0,Estatal,6200009519,Rate of resolution in the adolescents law enforcement system in the first instance.,2014,0.671412924424973,Proportion of completed cases regarding the cases filed
26,Sonora,0,Estatal,6200009519,Rate of resolution in the adolescents law enforcement system in the first instance.,2015,0.804845222072678,Proportion of completed cases regarding the cases filed
26,Sonora,0,Estatal,6200009519,Rate of resolution in the adolescents law enforcement system in the first instance.,2016,1.53846153846154,Proportion of completed cases regarding the cases filed
26,Sonora,0,Estatal,6200009519,Rate of resolution in the adolescents law enforcement system in the first instance.,2017,0.564705882352941,Proportion of completed cases regarding the cases filed
26,Sonora,0,Estatal,6200009519,Rate of resolution in the adolescents law enforcement system in the first instance.,2018,0.909090909090909,Proportion of completed cases regarding the cases filed
26,Sonora,0,Estatal,6200009519,Rate of resolution in the adolescents law enforcement system in the first instance.,2019,0.84115523465704,Proportion of completed cases regarding the cases filed

