﻿cve_entidad,desc_entidad,cve_municipio,desc_municipio,id_indicador,indicador,año,valor,unidad_medida
26,Sonora,0,Estatal,6207051587,Private medical units,2004,53,Number of private health facilities
26,Sonora,0,Estatal,6207051587,Private medical units,2005,53,Number of private health facilities
26,Sonora,0,Estatal,6207051587,Private medical units,2006,51,Number of private health facilities
26,Sonora,0,Estatal,6207051587,Private medical units,2007,53,Number of private health facilities
26,Sonora,0,Estatal,6207051587,Private medical units,2008,53,Number of private health facilities
26,Sonora,0,Estatal,6207051587,Private medical units,2009,51,Number of private health facilities
26,Sonora,0,Estatal,6207051587,Private medical units,2010,51,Number of private health facilities
26,Sonora,0,Estatal,6207051587,Private medical units,2011,49,Number of private health facilities
26,Sonora,0,Estatal,6207051587,Private medical units,2012,49,Number of private health facilities
26,Sonora,0,Estatal,6207051587,Private medical units,2013,48,Number of private health facilities
26,Sonora,0,Estatal,6207051587,Private medical units,2014,47,Number of private health facilities
26,Sonora,0,Estatal,6207051587,Private medical units,2015,44,Number of private health facilities
26,Sonora,0,Estatal,6207051587,Private medical units,2016,42,Number of private health facilities
26,Sonora,0,Estatal,6207051587,Private medical units,2017,42,Number of private health facilities
26,Sonora,0,Estatal,6207051587,Private medical units,2018,42,Number of private health facilities
26,Sonora,0,Estatal,6207051587,Private medical units,2019,41,Number of private health facilities
26,Sonora,0,Estatal,6207051587,Private medical units,2020,40,Number of private health facilities

