﻿cve_entidad,desc_entidad,cve_municipio,desc_municipio,id_indicador,indicador,año,valor,unidad_medida
26,Sonora,0,Estatal,6200009456,Número de jueces por cada cien mil habitantes,2010,2.27353412039941,Jueces por cada cien mil habitantes
26,Sonora,0,Estatal,6200009456,Número de jueces por cada cien mil habitantes,2011,2.27653484490168,Jueces por cada cien mil habitantes
26,Sonora,0,Estatal,6200009456,Número de jueces por cada cien mil habitantes,2012,2.2421474091168,Jueces por cada cien mil habitantes
26,Sonora,0,Estatal,6200009456,Número de jueces por cada cien mil habitantes,2013,2.31460251199071,Jueces por cada cien mil habitantes
26,Sonora,0,Estatal,6200009456,Número de jueces por cada cien mil habitantes,2014,2.42008163740781,Jueces por cada cien mil habitantes
26,Sonora,0,Estatal,6200009456,Número de jueces por cada cien mil habitantes,2015,2.62545834966008,Jueces por cada cien mil habitantes
26,Sonora,0,Estatal,6200009456,Número de jueces por cada cien mil habitantes,2016,3.06131396509828,Jueces por cada cien mil habitantes
26,Sonora,0,Estatal,6200009456,Número de jueces por cada cien mil habitantes,2017,3.02143931494399,Jueces por cada cien mil habitantes
26,Sonora,0,Estatal,6200009456,Número de jueces por cada cien mil habitantes,2018,3.08148962421616,Jueces por cada cien mil habitantes
26,Sonora,0,Estatal,6200009456,Número de jueces por cada cien mil habitantes,2019,2.94639081458797,Jueces por cada cien mil habitantes
26,Sonora,0,Estatal,6200009499,Tasa de resolución en segunda instancia,2011,0.640127765290429,Proporción de casos concluidos respecto a los casos ingresados
26,Sonora,0,Estatal,6200009499,Tasa de resolución en segunda instancia,2012,NC,Proporción de casos concluidos respecto a los casos ingresados
26,Sonora,0,Estatal,6200009499,Tasa de resolución en segunda instancia,2013,NC,Proporción de casos concluidos respecto a los casos ingresados
26,Sonora,0,Estatal,6200009499,Tasa de resolución en segunda instancia,2014,0.713291060549546,Proporción de casos concluidos respecto a los casos ingresados
26,Sonora,0,Estatal,6200009499,Tasa de resolución en segunda instancia,2015,NC,Proporción de casos concluidos respecto a los casos ingresados
26,Sonora,0,Estatal,6200009499,Tasa de resolución en segunda instancia,2016,0.63348581884721,Proporción de casos concluidos respecto a los casos ingresados
26,Sonora,0,Estatal,6200009505,Tasa de resolución en primera instancia,2011,0.759957514604355,Proporción de casos concluidos respecto a los casos ingresados
26,Sonora,0,Estatal,6200009505,Tasa de resolución en primera instancia,2012,NC,Proporción de casos concluidos respecto a los casos ingresados
26,Sonora,0,Estatal,6200009505,Tasa de resolución en primera instancia,2013,NC,Proporción de casos concluidos respecto a los casos ingresados
26,Sonora,0,Estatal,6200009505,Tasa de resolución en primera instancia,2016,0.647078710391247,Proporción de casos concluidos respecto a los casos ingresados
26,Sonora,0,Estatal,6200009519,Tasa de resolución en el sistema de impartición de justicia para adolescentes en primera instancia,2010,0.423023093072078,Proporción de casos concluidos respecto a los casos ingresados
26,Sonora,0,Estatal,6200009519,Tasa de resolución en el sistema de impartición de justicia para adolescentes en primera instancia,2011,0.982361963190184,Proporción de casos concluidos respecto a los casos ingresados
26,Sonora,0,Estatal,6200009519,Tasa de resolución en el sistema de impartición de justicia para adolescentes en primera instancia,2012,0.951742627345844,Proporción de casos concluidos respecto a los casos ingresados
26,Sonora,0,Estatal,6200009519,Tasa de resolución en el sistema de impartición de justicia para adolescentes en primera instancia,2013,0.982352941176471,Proporción de casos concluidos respecto a los casos ingresados
26,Sonora,0,Estatal,6200009519,Tasa de resolución en el sistema de impartición de justicia para adolescentes en primera instancia,2014,0.671412924424973,Proporción de casos concluidos respecto a los casos ingresados
26,Sonora,0,Estatal,6200009519,Tasa de resolución en el sistema de impartición de justicia para adolescentes en primera instancia,2015,0.804845222072678,Proporción de casos concluidos respecto a los casos ingresados
26,Sonora,0,Estatal,6200009519,Tasa de resolución en el sistema de impartición de justicia para adolescentes en primera instancia,2016,1.53846153846154,Proporción de casos concluidos respecto a los casos ingresados
26,Sonora,0,Estatal,6200009519,Tasa de resolución en el sistema de impartición de justicia para adolescentes en primera instancia,2017,0.564705882352941,Proporción de casos concluidos respecto a los casos ingresados
26,Sonora,0,Estatal,6200009519,Tasa de resolución en el sistema de impartición de justicia para adolescentes en primera instancia,2018,0.909090909090909,Proporción de casos concluidos respecto a los casos ingresados
26,Sonora,0,Estatal,6200009519,Tasa de resolución en el sistema de impartición de justicia para adolescentes en primera instancia,2019,0.84115523465704,Proporción de casos concluidos respecto a los casos ingresados

