﻿cve_entidad,desc_entidad,cve_municipio,desc_municipio,id_indicador,indicador,año,valor,unidad_medida
26,Sonora,0,Estatal,6200002199,Crime prevalence rate per ten thousand economic units,2011,4403.04162230298,"Cases per 10,000 economic units"
26,Sonora,0,Estatal,6200002199,Crime prevalence rate per ten thousand economic units,2013,2917.60129079109,"Cases per 10,000 economic units"
26,Sonora,0,Estatal,6200002199,Crime prevalence rate per ten thousand economic units,2015,4635.51651578399,"Cases per 10,000 economic units"
26,Sonora,0,Estatal,6200002199,Crime prevalence rate per ten thousand economic units,2017,4317.91249940425,"Cases per 10,000 economic units"
26,Sonora,0,Estatal,6200002199,Crime prevalence rate per ten thousand economic units,2019,3491.62719126364,"Cases per 10,000 economic units"
26,Sonora,0,Estatal,6200002201,Percentage of economic units victim of crime,2011,44.03042,Percentage
26,Sonora,0,Estatal,6200002201,Percentage of economic units victim of crime,2013,29.1760129079109,Percentage
26,Sonora,0,Estatal,6200002201,Percentage of economic units victim of crime,2015,46.3551651578399,Percentage
26,Sonora,0,Estatal,6200002201,Percentage of economic units victim of crime,2017,43.1791249940425,Percentage
26,Sonora,0,Estatal,6200002201,Percentage of economic units victim of crime,2019,34.9162719126364,Percentage
26,Sonora,0,Estatal,6200002202,Average number of economic units victims of crime,2011,2.72638,Average
26,Sonora,0,Estatal,6200002202,Average number of economic units victims of crime,2013,2.01187866083438,Average
26,Sonora,0,Estatal,6200002202,Average number of economic units victims of crime,2015,2.73182574118934,Average
26,Sonora,0,Estatal,6200002202,Average number of economic units victims of crime,2017,2.15911557472333,Average
26,Sonora,0,Estatal,6200002202,Average number of economic units victims of crime,2019,3.06652970598,Average
26,Sonora,0,Estatal,6200002231,Dark figure of crime on economic units,2011,91.6410872370661,Percentage
26,Sonora,0,Estatal,6200002231,Dark figure of crime on economic units,2013,79.5082476824558,Percentage
26,Sonora,0,Estatal,6200002231,Dark figure of crime on economic units,2015,88.3059512937627,Percentage
26,Sonora,0,Estatal,6200002231,Dark figure of crime on economic units,2017,90.620404286161,Percentage
26,Sonora,0,Estatal,6200002232,Average cost of crime on economic units,2011,45511.9164340596,Pesos
26,Sonora,0,Estatal,6200002232,Average cost of crime on economic units,2013,90356.1515883068,Pesos
26,Sonora,0,Estatal,6200002232,Average cost of crime on economic units,2015,64823.0743637786,Pesos
26,Sonora,0,Estatal,6200002232,Average cost of crime on economic units,2017,56447.0776258006,Pesos
26,Sonora,0,Estatal,6200002232,Average cost of crime on economic units,2019,60623.2273895336,Pesos
26,Sonora,0,Estatal,6200002233,Cost of crime on economic units,2011,2099042896.11048,Pesos
26,Sonora,0,Estatal,6200002233,Cost of crime on economic units,2013,3626597150.39311,Pesos
26,Sonora,0,Estatal,6200002233,Cost of crime on economic units,2015,3920127108.73626,Pesos
26,Sonora,0,Estatal,6200002233,Cost of crime on economic units,2017,3352664277.00293,Pesos
26,Sonora,0,Estatal,6200002233,Cost of crime on economic units,2019,3737937260.40766,Pesos
26,Sonora,0,Estatal,6200002234,Percentage of crimes that involve the use of weapons on economic units,2011,37.1785866329054,Percentage
26,Sonora,0,Estatal,6200002234,Percentage of crimes that involve the use of weapons on economic units,2013,61.8146148643524,Percentage
26,Sonora,0,Estatal,6200002234,Percentage of crimes that involve the use of weapons on economic units,2015,33.0176957117346,Percentage
26,Sonora,0,Estatal,6200002234,Percentage of crimes that involve the use of weapons on economic units,2017,40.8319120114784,Percentage
26,Sonora,0,Estatal,6200002234,Percentage of crimes that involve the use of weapons on economic units,2019,24.951877455449,Percentage
26,Sonora,0,Estatal,6200002235,"Rate of economic units that consider their neighborhood or locality as unsafe, per ten thousand economic units",2012,3732.66998817605,"Cases per 10,000 economic units"
26,Sonora,0,Estatal,6200002235,"Rate of economic units that consider their neighborhood or locality as unsafe, per ten thousand economic units",2014,3266.9459047667,"Cases per 10,000 economic units"
26,Sonora,0,Estatal,6200002235,"Rate of economic units that consider their neighborhood or locality as unsafe, per ten thousand economic units",2016,4117.80835016442,"Cases per 10,000 economic units"
26,Sonora,0,Estatal,6200002235,"Rate of economic units that consider their neighborhood or locality as unsafe, per ten thousand economic units",2018,4342.65310562183,"Cases per 10,000 economic units"
26,Sonora,0,Estatal,6200002235,"Rate of economic units that consider their neighborhood or locality as unsafe, per ten thousand economic units",2020,3679.43192526847,"Cases per 10,000 economic units"
26,Sonora,0,Estatal,6200002237,"Rate of economic units that consider their state as unsafe, per ten thousand economic units",2012,6440.02538260842,"Cases per 10,000 economic units"
26,Sonora,0,Estatal,6200002237,"Rate of economic units that consider their state as unsafe, per ten thousand economic units",2014,5459.36560796479,"Cases per 10,000 economic units"
26,Sonora,0,Estatal,6200002237,"Rate of economic units that consider their state as unsafe, per ten thousand economic units",2016,5278.84450148041,"Cases per 10,000 economic units"
26,Sonora,0,Estatal,6200002237,"Rate of economic units that consider their state as unsafe, per ten thousand economic units",2018,5587.66616557358,"Cases per 10,000 economic units"
26,Sonora,0,Estatal,6200002237,"Rate of economic units that consider their state as unsafe, per ten thousand economic units",2020,7303.09257752629,"Cases per 10,000 economic units"
26,Sonora,0,Estatal,6200002238,"Rate of economic units that consider their municipality or delegation as unsafe, per ten thousand economic units",2012,5155.98311001625,"Cases per 10,000 economic units"
26,Sonora,0,Estatal,6200002238,"Rate of economic units that consider their municipality or delegation as unsafe, per ten thousand economic units",2014,4340.88115861671,"Cases per 10,000 economic units"
26,Sonora,0,Estatal,6200002238,"Rate of economic units that consider their municipality or delegation as unsafe, per ten thousand economic units",2016,4571.67119458333,"Cases per 10,000 economic units"
26,Sonora,0,Estatal,6200002238,"Rate of economic units that consider their municipality or delegation as unsafe, per ten thousand economic units",2018,5484.43865374456,"Cases per 10,000 economic units"
26,Sonora,0,Estatal,6200002238,"Rate of economic units that consider their municipality or delegation as unsafe, per ten thousand economic units",2020,6125.22832485782,"Cases per 10,000 economic units"
26,Sonora,0,Estatal,6200002239,Percentage of economic units that identify the state police and considers their work somewhat effective or very effective,2012,44.49281,Percentage
26,Sonora,0,Estatal,6200002239,Percentage of economic units that identify the state police and considers their work somewhat effective or very effective,2014,47.9924873164499,Percentage
26,Sonora,0,Estatal,6200002239,Percentage of economic units that identify the state police and considers their work somewhat effective or very effective,2016,40.9721188978835,Percentage
26,Sonora,0,Estatal,6200002239,Percentage of economic units that identify the state police and considers their work somewhat effective or very effective,2018,34.9100468586332,Percentage
26,Sonora,0,Estatal,6200002239,Percentage of economic units that identify the state police and considers their work somewhat effective or very effective,2020,50.9673261803946,Percentage
26,Sonora,0,Estatal,6200002240,Percentage of economic units that identify the federal police and consider their job as effective or very effective,2012,50.24075,Percentage
26,Sonora,0,Estatal,6200002240,Percentage of economic units that identify the federal police and consider their job as effective or very effective,2014,61.3871251109987,Percentage
26,Sonora,0,Estatal,6200002240,Percentage of economic units that identify the federal police and consider their job as effective or very effective,2016,53.8917440736018,Percentage
26,Sonora,0,Estatal,6200002240,Percentage of economic units that identify the federal police and consider their job as effective or very effective,2018,46.243517179072,Percentage
26,Sonora,0,Estatal,6200002240,Percentage of economic units that identify the federal police and consider their job as effective or very effective,2020,60.6248711840834,Percentage
26,Sonora,0,Estatal,6200028528,Concentration rate of crimes occurred.,2011,2.72637630509186,Rate
26,Sonora,0,Estatal,6200028528,Concentration rate of crimes occurred.,2013,2.01187866083438,Rate
26,Sonora,0,Estatal,6200028528,Concentration rate of crimes occurred.,2015,2.73182574118934,Rate
26,Sonora,0,Estatal,6200028528,Concentration rate of crimes occurred.,2017,2.15911557472333,Rate
26,Sonora,0,Estatal,6200028528,Concentration rate of crimes occurred.,2019,3.06652970598,Rate
26,Sonora,0,Estatal,6200324150,Crimes reported to the public ministry from which no preliminary investigation was initiated or it is not specified whether preliminary investigation was initiated (in economic units).,2011,2921.72288,criminal offense
26,Sonora,0,Estatal,6200324150,Crimes reported to the public ministry from which no preliminary investigation was initiated or it is not specified whether preliminary investigation was initiated (in economic units).,2013,1936.7555,criminal offense
26,Sonora,0,Estatal,6200324150,Crimes reported to the public ministry from which no preliminary investigation was initiated or it is not specified whether preliminary investigation was initiated (in economic units).,2015,3478.71764981,criminal offense
26,Sonora,0,Estatal,6200324150,Crimes reported to the public ministry from which no preliminary investigation was initiated or it is not specified whether preliminary investigation was initiated (in economic units).,2017,2121.52337318051,criminal offense
26,Sonora,0,Estatal,6200324150,Crimes reported to the public ministry from which no preliminary investigation was initiated or it is not specified whether preliminary investigation was initiated (in economic units).,2019,1895.8301033116,criminal offense
26,Sonora,0,Estatal,6200324151,Unreported crimes or those which did not specify whether it was reported to the Public Ministry (in economic units).,2011,87050.3627400003,criminal offense
26,Sonora,0,Estatal,6200324151,Unreported crimes or those which did not specify whether it was reported to the Public Ministry (in economic units).,2013,38702.57775,criminal offense
26,Sonora,0,Estatal,6200324151,Unreported crimes or those which did not specify whether it was reported to the Public Ministry (in economic units).,2015,104375.7170476,criminal offense
26,Sonora,0,Estatal,6200324151,Unreported crimes or those which did not specify whether it was reported to the Public Ministry (in economic units).,2017,79323.1795034329,criminal offense
26,Sonora,0,Estatal,6200324152,Crimes occurred in economic units.,2011,98178.7627500012,criminal offense
26,Sonora,0,Estatal,6200324152,Crimes occurred in economic units.,2013,51113.35545,criminal offense
26,Sonora,0,Estatal,6200324152,Crimes occurred in economic units.,2015,122137.22078438,criminal offense
26,Sonora,0,Estatal,6200324152,Crimes occurred in economic units.,2017,89874.5746260714,criminal offense
26,Sonora,0,Estatal,6200324152,Crimes occurred in economic units.,2019,110922.011290305,criminal offense
26,Sonora,0,Estatal,6200324166,"Percentage of economic units that identifies the public ministries and prosecutor's offices, and states they generate confidence,",2012,37.9608897762106,Percentage
26,Sonora,0,Estatal,6200324166,"Percentage of economic units that identifies the public ministries and prosecutor's offices, and states they generate confidence,",2014,48.1696096345607,Percentage
26,Sonora,0,Estatal,6200324166,"Percentage of economic units that identifies the public ministries and prosecutor's offices, and states they generate confidence,",2016,40.2865667289085,Percentage
26,Sonora,0,Estatal,6200324166,"Percentage of economic units that identifies the public ministries and prosecutor's offices, and states they generate confidence,",2018,36.6281076314908,Percentage
26,Sonora,0,Estatal,6200324167,Economic units which identify the public ministry and other prosecutors' offices and generate them much confidence.,2012,4039.8614,Economic units
26,Sonora,0,Estatal,6200324167,Economic units which identify the public ministry and other prosecutors' offices and generate them much confidence.,2014,4919.04473,Economic units
26,Sonora,0,Estatal,6200324167,Economic units which identify the public ministry and other prosecutors' offices and generate them much confidence.,2016,5348.93382284,Economic units
26,Sonora,0,Estatal,6200324167,Economic units which identify the public ministry and other prosecutors' offices and generate them much confidence.,2018,4603.80916807395,Economic units
26,Sonora,0,Estatal,6200324167,Economic units which identify the public ministry and other prosecutors' offices and generate them much confidence.,2020,4442.47616404393,Economic units
26,Sonora,0,Estatal,6200324168,Economic units which identify the main public prosecutor's office and other prosecutor's offices and generates them some confidence.,2012,10380.45933,Economic units
26,Sonora,0,Estatal,6200324168,Economic units which identify the main public prosecutor's office and other prosecutor's offices and generates them some confidence.,2014,17129.56695,Economic units
26,Sonora,0,Estatal,6200324168,Economic units which identify the main public prosecutor's office and other prosecutor's offices and generates them some confidence.,2016,18677.38802866,Economic units
26,Sonora,0,Estatal,6200324168,Economic units which identify the main public prosecutor's office and other prosecutor's offices and generates them some confidence.,2018,14775.4272315693,Economic units
26,Sonora,0,Estatal,6200324169,Economic units that identify the Public Ministry and the prosecutor's offices.,2012,37987.3096100001,Economic units
26,Sonora,0,Estatal,6200324169,Economic units that identify the Public Ministry and the prosecutor's offices.,2014,45772.86768,Economic units
26,Sonora,0,Estatal,6200324169,Economic units that identify the Public Ministry and the prosecutor's offices.,2016,59638.5440665,Economic units
26,Sonora,0,Estatal,6200324169,Economic units that identify the Public Ministry and the prosecutor's offices.,2018,52908.1015994997,Economic units
26,Sonora,0,Estatal,6204591957,Total economic units of victims of at least one crime,2011,36010.7159700001,Economic units
26,Sonora,0,Estatal,6204591957,Total economic units of victims of at least one crime,2013,24440.45453,Economic units
26,Sonora,0,Estatal,6204591957,Total economic units of victims of at least one crime,2015,44288.18834322,Economic units
26,Sonora,0,Estatal,6204591957,Total economic units of victims of at least one crime,2017,41561.6349717657,Economic units
26,Sonora,0,Estatal,6204591958,Total economic units,2012,81785.9994500005,Economic units
26,Sonora,0,Estatal,6204591958,Total economic units,2014,83769.00095,Economic units
26,Sonora,0,Estatal,6204591958,Total economic units,2016,95540.9999995,Economic units
26,Sonora,0,Estatal,6204591958,Total economic units,2018,96254.0000000001,Economic units

