﻿cve_entidad,desc_entidad,cve_municipio,desc_municipio,id_indicador,indicador,año,valor,unidad_medida
26,Sonora,0,Estatal,6200000544,Personnel at general justice prosecutors and attorney's offices,2010,2157,People
26,Sonora,0,Estatal,6200000544,Personnel at general justice prosecutors and attorney's offices,2011,2000,People
26,Sonora,0,Estatal,6200000544,Personnel at general justice prosecutors and attorney's offices,2012,2068,People
26,Sonora,0,Estatal,6200000544,Personnel at general justice prosecutors and attorney's offices,2013,2080,People
26,Sonora,0,Estatal,6200000544,Personnel at general justice prosecutors and attorney's offices,2014,2063,People
26,Sonora,0,Estatal,6200000544,Personnel at general justice prosecutors and attorney's offices,2015,2067,People
26,Sonora,0,Estatal,6200000545,Personnel at general justice prosecutors and attorney's offices (base or union),2010,626,People
26,Sonora,0,Estatal,6200000545,Personnel at general justice prosecutors and attorney's offices (base or union),2011,612,People
26,Sonora,0,Estatal,6200000545,Personnel at general justice prosecutors and attorney's offices (base or union),2012,537,People
26,Sonora,0,Estatal,6200000545,Personnel at general justice prosecutors and attorney's offices (base or union),2013,619,People
26,Sonora,0,Estatal,6200000545,Personnel at general justice prosecutors and attorney's offices (base or union),2014,496,People
26,Sonora,0,Estatal,6200000545,Personnel at general justice prosecutors and attorney's offices (base or union),2015,578,People
26,Sonora,0,Estatal,6200000546,Personnel at general justice prosecutors and attorney's offices (trust),2010,1517,People
26,Sonora,0,Estatal,6200000546,Personnel at general justice prosecutors and attorney's offices (trust),2011,1373,People
26,Sonora,0,Estatal,6200000546,Personnel at general justice prosecutors and attorney's offices (trust),2012,1517,People
26,Sonora,0,Estatal,6200000546,Personnel at general justice prosecutors and attorney's offices (trust),2013,1453,People
26,Sonora,0,Estatal,6200000546,Personnel at general justice prosecutors and attorney's offices (trust),2014,1553,People
26,Sonora,0,Estatal,6200000546,Personnel at general justice prosecutors and attorney's offices (trust),2015,1489,People
26,Sonora,0,Estatal,6200000547,Personnel at general justice prosecutors and attorney's offices (temporary),2010,14,People
26,Sonora,0,Estatal,6200000547,Personnel at general justice prosecutors and attorney's offices (temporary),2011,0,People
26,Sonora,0,Estatal,6200000547,Personnel at general justice prosecutors and attorney's offices (temporary),2012,0,People
26,Sonora,0,Estatal,6200000547,Personnel at general justice prosecutors and attorney's offices (temporary),2013,0,People
26,Sonora,0,Estatal,6200000547,Personnel at general justice prosecutors and attorney's offices (temporary),2014,0,People
26,Sonora,0,Estatal,6200000547,Personnel at general justice prosecutors and attorney's offices (temporary),2015,0,People
26,Sonora,0,Estatal,6200000548,Personnel at general justice prosecutors and attorney's offices (fees),2010,0,People
26,Sonora,0,Estatal,6200000548,Personnel at general justice prosecutors and attorney's offices (fees),2011,15,People
26,Sonora,0,Estatal,6200000548,Personnel at general justice prosecutors and attorney's offices (fees),2012,14,People
26,Sonora,0,Estatal,6200000548,Personnel at general justice prosecutors and attorney's offices (fees),2013,8,People
26,Sonora,0,Estatal,6200000548,Personnel at general justice prosecutors and attorney's offices (fees),2014,14,People
26,Sonora,0,Estatal,6200000548,Personnel at general justice prosecutors and attorney's offices (fees),2015,0,People
26,Sonora,0,Estatal,6200000549,Personnel at general justice prosecutors and attorney's offices (unspecified),2010,0,People
26,Sonora,0,Estatal,6200000549,Personnel at general justice prosecutors and attorney's offices (unspecified),2011,0,People
26,Sonora,0,Estatal,6200000549,Personnel at general justice prosecutors and attorney's offices (unspecified),2012,0,People
26,Sonora,0,Estatal,6200000549,Personnel at general justice prosecutors and attorney's offices (unspecified),2013,0,People
26,Sonora,0,Estatal,6200000549,Personnel at general justice prosecutors and attorney's offices (unspecified),2014,0,People
26,Sonora,0,Estatal,6200000549,Personnel at general justice prosecutors and attorney's offices (unspecified),2015,0,People
26,Sonora,0,Estatal,6200000550,Personnel at general justice prosecutors and attorney's offices (other regime),2010,0,People
26,Sonora,0,Estatal,6200000550,Personnel at general justice prosecutors and attorney's offices (other regime),2011,0,People
26,Sonora,0,Estatal,6200000550,Personnel at general justice prosecutors and attorney's offices (other regime),2012,0,People
26,Sonora,0,Estatal,6200000550,Personnel at general justice prosecutors and attorney's offices (other regime),2013,0,People
26,Sonora,0,Estatal,6200000550,Personnel at general justice prosecutors and attorney's offices (other regime),2014,0,People
26,Sonora,0,Estatal,6200000550,Personnel at general justice prosecutors and attorney's offices (other regime),2015,0,People
26,Sonora,0,Estatal,6200000551,Preliminary investigation initiated by prosecutors and attorneys general of justice,2010,26106,Preliminary investigations
26,Sonora,0,Estatal,6200000551,Preliminary investigation initiated by prosecutors and attorneys general of justice,2011,33922,Preliminary investigations
26,Sonora,0,Estatal,6200000551,Preliminary investigation initiated by prosecutors and attorneys general of justice,2012,32289,Preliminary investigations
26,Sonora,0,Estatal,6200000551,Preliminary investigation initiated by prosecutors and attorneys general of justice,2013,31051,Preliminary investigations
26,Sonora,0,Estatal,6200000551,Preliminary investigation initiated by prosecutors and attorneys general of justice,2014,28431,Preliminary investigations
26,Sonora,0,Estatal,6200000551,Preliminary investigation initiated by prosecutors and attorneys general of justice,2015,25730,Preliminary investigations
26,Sonora,0,Estatal,6200000552,Preliminary investigation initiated by prosecutors and attorneys general of justice (with presentation of the alleged offender),2010,18987,Preliminary investigations
26,Sonora,0,Estatal,6200000552,Preliminary investigation initiated by prosecutors and attorneys general of justice (with presentation of the alleged offender),2011,25736,Preliminary investigations
26,Sonora,0,Estatal,6200000552,Preliminary investigation initiated by prosecutors and attorneys general of justice (with presentation of the alleged offender),2012,24857,Preliminary investigations
26,Sonora,0,Estatal,6200000552,Preliminary investigation initiated by prosecutors and attorneys general of justice (with presentation of the alleged offender),2013,24103,Preliminary investigations
26,Sonora,0,Estatal,6200000552,Preliminary investigation initiated by prosecutors and attorneys general of justice (with presentation of the alleged offender),2014,21287,Preliminary investigations
26,Sonora,0,Estatal,6200000552,Preliminary investigation initiated by prosecutors and attorneys general of justice (with presentation of the alleged offender),2015,23387,Preliminary investigations
26,Sonora,0,Estatal,6200000553,Preliminary investigation initiated by prosecutors and attorneys general of justice (without specifying the presentation or not the alleged perpetrator),2010,0,Preliminary investigations
26,Sonora,0,Estatal,6200000553,Preliminary investigation initiated by prosecutors and attorneys general of justice (without specifying the presentation or not the alleged perpetrator),2011,0,Preliminary investigations
26,Sonora,0,Estatal,6200000553,Preliminary investigation initiated by prosecutors and attorneys general of justice (without specifying the presentation or not the alleged perpetrator),2012,0,Preliminary investigations
26,Sonora,0,Estatal,6200000553,Preliminary investigation initiated by prosecutors and attorneys general of justice (without specifying the presentation or not the alleged perpetrator),2013,0,Preliminary investigations
26,Sonora,0,Estatal,6200000553,Preliminary investigation initiated by prosecutors and attorneys general of justice (without specifying the presentation or not the alleged perpetrator),2014,0,Preliminary investigations
26,Sonora,0,Estatal,6200000553,Preliminary investigation initiated by prosecutors and attorneys general of justice (without specifying the presentation or not the alleged perpetrator),2015,0,Preliminary investigations
26,Sonora,0,Estatal,6200000554,Preliminary investigation initiated by prosecutors and attorneys general of justice (without presentation of the alleged offender),2010,7119,Preliminary investigations
26,Sonora,0,Estatal,6200000554,Preliminary investigation initiated by prosecutors and attorneys general of justice (without presentation of the alleged offender),2011,8186,Preliminary investigations
26,Sonora,0,Estatal,6200000554,Preliminary investigation initiated by prosecutors and attorneys general of justice (without presentation of the alleged offender),2012,7432,Preliminary investigations
26,Sonora,0,Estatal,6200000554,Preliminary investigation initiated by prosecutors and attorneys general of justice (without presentation of the alleged offender),2013,6948,Preliminary investigations
26,Sonora,0,Estatal,6200000554,Preliminary investigation initiated by prosecutors and attorneys general of justice (without presentation of the alleged offender),2014,7144,Preliminary investigations
26,Sonora,0,Estatal,6200000554,Preliminary investigation initiated by prosecutors and attorneys general of justice (without presentation of the alleged offender),2015,2343,Preliminary investigations
26,Sonora,0,Estatal,6200000555,Preliminary investigation initiated and investigation workbooks opened by the prosecutors and attorneys general of justice,2010,26106,Preliminary investigations and research folders
26,Sonora,0,Estatal,6200000555,Preliminary investigation initiated and investigation workbooks opened by the prosecutors and attorneys general of justice,2011,33922,Preliminary investigations and research folders
26,Sonora,0,Estatal,6200000555,Preliminary investigation initiated and investigation workbooks opened by the prosecutors and attorneys general of justice,2012,32289,Preliminary investigations and research folders
26,Sonora,0,Estatal,6200000555,Preliminary investigation initiated and investigation workbooks opened by the prosecutors and attorneys general of justice,2013,31051,Preliminary investigations and research folders
26,Sonora,0,Estatal,6200000555,Preliminary investigation initiated and investigation workbooks opened by the prosecutors and attorneys general of justice,2014,28431,Preliminary investigations and research folders
26,Sonora,0,Estatal,6200000555,Preliminary investigation initiated and investigation workbooks opened by the prosecutors and attorneys general of justice,2015,26192,Preliminary investigations and research folders
26,Sonora,0,Estatal,6200000556,Investigation folders opened by prosecutors and attorneys general of justice,2010,NA,Folder research
26,Sonora,0,Estatal,6200000556,Investigation folders opened by prosecutors and attorneys general of justice,2011,NA,Folder research
26,Sonora,0,Estatal,6200000556,Investigation folders opened by prosecutors and attorneys general of justice,2012,NA,Folder research
26,Sonora,0,Estatal,6200000556,Investigation folders opened by prosecutors and attorneys general of justice,2013,NA,Folder research
26,Sonora,0,Estatal,6200000556,Investigation folders opened by prosecutors and attorneys general of justice,2014,NA,Folder research
26,Sonora,0,Estatal,6200000556,Investigation folders opened by prosecutors and attorneys general of justice,2015,462,Folder research
26,Sonora,0,Estatal,6200000557,Opened investigation folders by prosecutors and attorneys general of justice (with presentation of the alleged offender),2010,NA,Folder research
26,Sonora,0,Estatal,6200000557,Opened investigation folders by prosecutors and attorneys general of justice (with presentation of the alleged offender),2011,NA,Folder research
26,Sonora,0,Estatal,6200000557,Opened investigation folders by prosecutors and attorneys general of justice (with presentation of the alleged offender),2012,NA,Folder research
26,Sonora,0,Estatal,6200000557,Opened investigation folders by prosecutors and attorneys general of justice (with presentation of the alleged offender),2013,NA,Folder research
26,Sonora,0,Estatal,6200000557,Opened investigation folders by prosecutors and attorneys general of justice (with presentation of the alleged offender),2014,NA,Folder research
26,Sonora,0,Estatal,6200000557,Opened investigation folders by prosecutors and attorneys general of justice (with presentation of the alleged offender),2015,17,Folder research
26,Sonora,0,Estatal,6200000558,Open investigation folders by prosecutors and attorneys general of justice (without specifying the presentation or not the alleged perpetrator),2010,NA,Folder research
26,Sonora,0,Estatal,6200000558,Open investigation folders by prosecutors and attorneys general of justice (without specifying the presentation or not the alleged perpetrator),2011,NA,Folder research
26,Sonora,0,Estatal,6200000558,Open investigation folders by prosecutors and attorneys general of justice (without specifying the presentation or not the alleged perpetrator),2012,NA,Folder research
26,Sonora,0,Estatal,6200000558,Open investigation folders by prosecutors and attorneys general of justice (without specifying the presentation or not the alleged perpetrator),2013,0,Folder research
26,Sonora,0,Estatal,6200000558,Open investigation folders by prosecutors and attorneys general of justice (without specifying the presentation or not the alleged perpetrator),2014,0,Folder research
26,Sonora,0,Estatal,6200000558,Open investigation folders by prosecutors and attorneys general of justice (without specifying the presentation or not the alleged perpetrator),2015,0,Folder research
26,Sonora,0,Estatal,6200000559,Open investigation folders by prosecutors and attorneys general of justice (without presentation of the alleged offender),2010,NA,Folder research
26,Sonora,0,Estatal,6200000559,Open investigation folders by prosecutors and attorneys general of justice (without presentation of the alleged offender),2011,NA,Folder research
26,Sonora,0,Estatal,6200000559,Open investigation folders by prosecutors and attorneys general of justice (without presentation of the alleged offender),2012,NA,Folder research
26,Sonora,0,Estatal,6200000559,Open investigation folders by prosecutors and attorneys general of justice (without presentation of the alleged offender),2013,NA,Folder research
26,Sonora,0,Estatal,6200000559,Open investigation folders by prosecutors and attorneys general of justice (without presentation of the alleged offender),2014,NA,Folder research
26,Sonora,0,Estatal,6200000559,Open investigation folders by prosecutors and attorneys general of justice (without presentation of the alleged offender),2015,445,Folder research
26,Sonora,0,Estatal,6200000575,Preliminary investigation and investigation folders determined by prosecutors and attorneys general of justice,2010,21029,Preliminary investigations and research folders
26,Sonora,0,Estatal,6200000575,Preliminary investigation and investigation folders determined by prosecutors and attorneys general of justice,2011,22445,Preliminary investigations and research folders
26,Sonora,0,Estatal,6200000575,Preliminary investigation and investigation folders determined by prosecutors and attorneys general of justice,2012,23555,Preliminary investigations and research folders
26,Sonora,0,Estatal,6200000575,Preliminary investigation and investigation folders determined by prosecutors and attorneys general of justice,2013,22227,Preliminary investigations and research folders
26,Sonora,0,Estatal,6200000575,Preliminary investigation and investigation folders determined by prosecutors and attorneys general of justice,2014,19887,Preliminary investigations and research folders
26,Sonora,0,Estatal,6200000575,Preliminary investigation and investigation folders determined by prosecutors and attorneys general of justice,2015,19736,Preliminary investigations and research folders
26,Sonora,0,Estatal,6200000584,Preliminary investigation and folders outstanding investigation in the prosecutors and attorneys general of justice at year-end,2010,9951,Preliminary investigations and research folders
26,Sonora,0,Estatal,6200000584,Preliminary investigation and folders outstanding investigation in the prosecutors and attorneys general of justice at year-end,2011,18010,Preliminary investigations and research folders
26,Sonora,0,Estatal,6200000584,Preliminary investigation and folders outstanding investigation in the prosecutors and attorneys general of justice at year-end,2012,15029,Preliminary investigations and research folders
26,Sonora,0,Estatal,6200000584,Preliminary investigation and folders outstanding investigation in the prosecutors and attorneys general of justice at year-end,2013,14127,Preliminary investigations and research folders
26,Sonora,0,Estatal,6200000584,Preliminary investigation and folders outstanding investigation in the prosecutors and attorneys general of justice at year-end,2014,13987,Preliminary investigations and research folders
26,Sonora,0,Estatal,6200000584,Preliminary investigation and folders outstanding investigation in the prosecutors and attorneys general of justice at year-end,2015,13481,Preliminary investigations and research folders
26,Sonora,0,Estatal,6200000585,Preliminary investigation pending the prosecutors and attorneys general of justice at year-end (on file or temporary reserves),2010,1790,Preliminary investigations
26,Sonora,0,Estatal,6200000585,Preliminary investigation pending the prosecutors and attorneys general of justice at year-end (on file or temporary reserves),2011,2272,Preliminary investigations
26,Sonora,0,Estatal,6200000585,Preliminary investigation pending the prosecutors and attorneys general of justice at year-end (on file or temporary reserves),2012,480,Preliminary investigations
26,Sonora,0,Estatal,6200000585,Preliminary investigation pending the prosecutors and attorneys general of justice at year-end (on file or temporary reserves),2013,336,Preliminary investigations
26,Sonora,0,Estatal,6200000585,Preliminary investigation pending the prosecutors and attorneys general of justice at year-end (on file or temporary reserves),2014,339,Preliminary investigations
26,Sonora,0,Estatal,6200000585,Preliminary investigation pending the prosecutors and attorneys general of justice at year-end (on file or temporary reserves),2015,235,Preliminary investigations
26,Sonora,0,Estatal,6200000586,Preliminary investigation pending the prosecutors and attorneys general of justice at the year-end (in process),2010,8161,Preliminary investigations
26,Sonora,0,Estatal,6200000586,Preliminary investigation pending the prosecutors and attorneys general of justice at the year-end (in process),2011,15738,Preliminary investigations
26,Sonora,0,Estatal,6200000586,Preliminary investigation pending the prosecutors and attorneys general of justice at the year-end (in process),2012,14549,Preliminary investigations
26,Sonora,0,Estatal,6200000586,Preliminary investigation pending the prosecutors and attorneys general of justice at the year-end (in process),2013,13791,Preliminary investigations
26,Sonora,0,Estatal,6200000586,Preliminary investigation pending the prosecutors and attorneys general of justice at the year-end (in process),2014,13648,Preliminary investigations
26,Sonora,0,Estatal,6200000586,Preliminary investigation pending the prosecutors and attorneys general of justice at the year-end (in process),2015,12870,Preliminary investigations
26,Sonora,0,Estatal,6200000588,Prosecutor agencies of common law jurisdiction attached to prosecutors and attorneys general of justice,2010,96,Agencies
26,Sonora,0,Estatal,6200000588,Prosecutor agencies of common law jurisdiction attached to prosecutors and attorneys general of justice,2011,96,Agencies
26,Sonora,0,Estatal,6200000588,Prosecutor agencies of common law jurisdiction attached to prosecutors and attorneys general of justice,2012,96,Agencies
26,Sonora,0,Estatal,6200000588,Prosecutor agencies of common law jurisdiction attached to prosecutors and attorneys general of justice,2013,96,Agencies
26,Sonora,0,Estatal,6200000588,Prosecutor agencies of common law jurisdiction attached to prosecutors and attorneys general of justice,2014,96,Agencies
26,Sonora,0,Estatal,6200000588,Prosecutor agencies of common law jurisdiction attached to prosecutors and attorneys general of justice,2015,100,Agencies
26,Sonora,0,Estatal,6200000589,Prosecutor agencies of common law jurisdiction ascribed to prosecutors and attorneys general of justice (specialized in indigenous attention),2010,NA,Agencies
26,Sonora,0,Estatal,6200000589,Prosecutor agencies of common law jurisdiction ascribed to prosecutors and attorneys general of justice (specialized in indigenous attention),2011,NA,Agencies
26,Sonora,0,Estatal,6200000589,Prosecutor agencies of common law jurisdiction ascribed to prosecutors and attorneys general of justice (specialized in indigenous attention),2012,NA,Agencies
26,Sonora,0,Estatal,6200000589,Prosecutor agencies of common law jurisdiction ascribed to prosecutors and attorneys general of justice (specialized in indigenous attention),2013,NA,Agencies
26,Sonora,0,Estatal,6200000589,Prosecutor agencies of common law jurisdiction ascribed to prosecutors and attorneys general of justice (specialized in indigenous attention),2014,NA,Agencies
26,Sonora,0,Estatal,6200000589,Prosecutor agencies of common law jurisdiction ascribed to prosecutors and attorneys general of justice (specialized in indigenous attention),2015,NA,Agencies
26,Sonora,0,Estatal,6200000590,Prosecutor agencies of common law jurisdiction ascribed to prosecutors and attorneys general of justice (specialized in tourists attention),2010,NA,Agencies
26,Sonora,0,Estatal,6200000590,Prosecutor agencies of common law jurisdiction ascribed to prosecutors and attorneys general of justice (specialized in tourists attention),2011,NA,Agencies
26,Sonora,0,Estatal,6200000590,Prosecutor agencies of common law jurisdiction ascribed to prosecutors and attorneys general of justice (specialized in tourists attention),2012,NA,Agencies
26,Sonora,0,Estatal,6200000590,Prosecutor agencies of common law jurisdiction ascribed to prosecutors and attorneys general of justice (specialized in tourists attention),2013,NA,Agencies
26,Sonora,0,Estatal,6200000590,Prosecutor agencies of common law jurisdiction ascribed to prosecutors and attorneys general of justice (specialized in tourists attention),2014,NA,Agencies
26,Sonora,0,Estatal,6200000590,Prosecutor agencies of common law jurisdiction ascribed to prosecutors and attorneys general of justice (specialized in tourists attention),2015,NA,Agencies
26,Sonora,0,Estatal,6200000591,Prosecutor agencies of common law jurisdiction ascribed to prosecutors and attorneys general of justice (specialized in adolescents attention),2010,8,Agencies
26,Sonora,0,Estatal,6200000591,Prosecutor agencies of common law jurisdiction ascribed to prosecutors and attorneys general of justice (specialized in adolescents attention),2011,8,Agencies
26,Sonora,0,Estatal,6200000591,Prosecutor agencies of common law jurisdiction ascribed to prosecutors and attorneys general of justice (specialized in adolescents attention),2012,8,Agencies
26,Sonora,0,Estatal,6200000591,Prosecutor agencies of common law jurisdiction ascribed to prosecutors and attorneys general of justice (specialized in adolescents attention),2013,8,Agencies
26,Sonora,0,Estatal,6200000591,Prosecutor agencies of common law jurisdiction ascribed to prosecutors and attorneys general of justice (specialized in adolescents attention),2014,8,Agencies
26,Sonora,0,Estatal,6200000591,Prosecutor agencies of common law jurisdiction ascribed to prosecutors and attorneys general of justice (specialized in adolescents attention),2015,8,Agencies
26,Sonora,0,Estatal,6200000592,Prosecutor agencies of common law jurisdiction ascribed to prosecutors and attorneys general of justice (specialized in crimes against health),2010,NA,Agencies
26,Sonora,0,Estatal,6200000592,Prosecutor agencies of common law jurisdiction ascribed to prosecutors and attorneys general of justice (specialized in crimes against health),2011,NA,Agencies
26,Sonora,0,Estatal,6200000592,Prosecutor agencies of common law jurisdiction ascribed to prosecutors and attorneys general of justice (specialized in crimes against health),2012,NA,Agencies
26,Sonora,0,Estatal,6200000592,Prosecutor agencies of common law jurisdiction ascribed to prosecutors and attorneys general of justice (specialized in crimes against health),2013,NA,Agencies
26,Sonora,0,Estatal,6200000592,Prosecutor agencies of common law jurisdiction ascribed to prosecutors and attorneys general of justice (specialized in crimes against health),2014,NA,Agencies
26,Sonora,0,Estatal,6200000592,Prosecutor agencies of common law jurisdiction ascribed to prosecutors and attorneys general of justice (specialized in crimes against health),2015,NA,Agencies
26,Sonora,0,Estatal,6200000593,Prosecutor agencies of common law jurisdiction ascribed to prosecutors and attorneys general of justice (specialized in crimes against women),2010,NA,Agencies
26,Sonora,0,Estatal,6200000593,Prosecutor agencies of common law jurisdiction ascribed to prosecutors and attorneys general of justice (specialized in crimes against women),2011,NA,Agencies
26,Sonora,0,Estatal,6200000593,Prosecutor agencies of common law jurisdiction ascribed to prosecutors and attorneys general of justice (specialized in crimes against women),2012,NA,Agencies
26,Sonora,0,Estatal,6200000593,Prosecutor agencies of common law jurisdiction ascribed to prosecutors and attorneys general of justice (specialized in crimes against women),2013,NA,Agencies
26,Sonora,0,Estatal,6200000593,Prosecutor agencies of common law jurisdiction ascribed to prosecutors and attorneys general of justice (specialized in crimes against women),2014,NA,Agencies
26,Sonora,0,Estatal,6200000593,Prosecutor agencies of common law jurisdiction ascribed to prosecutors and attorneys general of justice (specialized in crimes against women),2015,NA,Agencies
26,Sonora,0,Estatal,6200000594,Prosecutor agencies of common law jurisdiction ascribed to prosecutors and attorneys general of justice (specialized in sexual crimes),2010,5,Agencies
26,Sonora,0,Estatal,6200000594,Prosecutor agencies of common law jurisdiction ascribed to prosecutors and attorneys general of justice (specialized in sexual crimes),2011,5,Agencies
26,Sonora,0,Estatal,6200000594,Prosecutor agencies of common law jurisdiction ascribed to prosecutors and attorneys general of justice (specialized in sexual crimes),2012,5,Agencies
26,Sonora,0,Estatal,6200000594,Prosecutor agencies of common law jurisdiction ascribed to prosecutors and attorneys general of justice (specialized in sexual crimes),2013,5,Agencies
26,Sonora,0,Estatal,6200000594,Prosecutor agencies of common law jurisdiction ascribed to prosecutors and attorneys general of justice (specialized in sexual crimes),2014,5,Agencies
26,Sonora,0,Estatal,6200000594,Prosecutor agencies of common law jurisdiction ascribed to prosecutors and attorneys general of justice (specialized in sexual crimes),2015,5,Agencies
26,Sonora,0,Estatal,6200000595,Prosecutor agencies of common law jurisdiction ascribed to prosecutors and attorneys general of justice (specialized in thefts),2010,2,Agencies
26,Sonora,0,Estatal,6200000595,Prosecutor agencies of common law jurisdiction ascribed to prosecutors and attorneys general of justice (specialized in thefts),2011,2,Agencies
26,Sonora,0,Estatal,6200000595,Prosecutor agencies of common law jurisdiction ascribed to prosecutors and attorneys general of justice (specialized in thefts),2012,2,Agencies
26,Sonora,0,Estatal,6200000595,Prosecutor agencies of common law jurisdiction ascribed to prosecutors and attorneys general of justice (specialized in thefts),2013,2,Agencies
26,Sonora,0,Estatal,6200000595,Prosecutor agencies of common law jurisdiction ascribed to prosecutors and attorneys general of justice (specialized in thefts),2014,2,Agencies
26,Sonora,0,Estatal,6200000595,Prosecutor agencies of common law jurisdiction ascribed to prosecutors and attorneys general of justice (specialized in thefts),2015,NA,Agencies
26,Sonora,0,Estatal,6200000596,Prosecutor agencies of common law jurisdiction ascribed to prosecutors and attorneys general of justice (specialized in kidnapping),2010,NA,Agencies
26,Sonora,0,Estatal,6200000596,Prosecutor agencies of common law jurisdiction ascribed to prosecutors and attorneys general of justice (specialized in kidnapping),2011,NA,Agencies
26,Sonora,0,Estatal,6200000596,Prosecutor agencies of common law jurisdiction ascribed to prosecutors and attorneys general of justice (specialized in kidnapping),2012,NA,Agencies
26,Sonora,0,Estatal,6200000596,Prosecutor agencies of common law jurisdiction ascribed to prosecutors and attorneys general of justice (specialized in kidnapping),2013,NA,Agencies
26,Sonora,0,Estatal,6200000596,Prosecutor agencies of common law jurisdiction ascribed to prosecutors and attorneys general of justice (specialized in kidnapping),2014,NA,Agencies
26,Sonora,0,Estatal,6200000596,Prosecutor agencies of common law jurisdiction ascribed to prosecutors and attorneys general of justice (specialized in kidnapping),2015,NA,Agencies
26,Sonora,0,Estatal,6200000597,Prosecutor agencies of common law jurisdiction ascribed to prosecutors and attorneys general of justice (specialized in family violence ),2010,NA,Agencies
26,Sonora,0,Estatal,6200000597,Prosecutor agencies of common law jurisdiction ascribed to prosecutors and attorneys general of justice (specialized in family violence ),2011,NA,Agencies
26,Sonora,0,Estatal,6200000597,Prosecutor agencies of common law jurisdiction ascribed to prosecutors and attorneys general of justice (specialized in family violence ),2012,NA,Agencies
26,Sonora,0,Estatal,6200000597,Prosecutor agencies of common law jurisdiction ascribed to prosecutors and attorneys general of justice (specialized in family violence ),2013,NA,Agencies
26,Sonora,0,Estatal,6200000597,Prosecutor agencies of common law jurisdiction ascribed to prosecutors and attorneys general of justice (specialized in family violence ),2014,NA,Agencies
26,Sonora,0,Estatal,6200000597,Prosecutor agencies of common law jurisdiction ascribed to prosecutors and attorneys general of justice (specialized in family violence ),2015,NA,Agencies
26,Sonora,0,Estatal,6200000598,Prosecutor agencies of common law jurisdiction ascribed to prosecutors and attorneys general of justice (mixed or general),2010,81,Agencies
26,Sonora,0,Estatal,6200000598,Prosecutor agencies of common law jurisdiction ascribed to prosecutors and attorneys general of justice (mixed or general),2011,81,Agencies
26,Sonora,0,Estatal,6200000598,Prosecutor agencies of common law jurisdiction ascribed to prosecutors and attorneys general of justice (mixed or general),2012,81,Agencies
26,Sonora,0,Estatal,6200000598,Prosecutor agencies of common law jurisdiction ascribed to prosecutors and attorneys general of justice (mixed or general),2013,80,Agencies
26,Sonora,0,Estatal,6200000598,Prosecutor agencies of common law jurisdiction ascribed to prosecutors and attorneys general of justice (mixed or general),2014,80,Agencies
26,Sonora,0,Estatal,6200000598,Prosecutor agencies of common law jurisdiction ascribed to prosecutors and attorneys general of justice (mixed or general),2015,85,Agencies
26,Sonora,0,Estatal,6200000600,Prosecutor agencies of common law jurisdiction ascribed to prosecutors and attorneys general of justice (other type),2010,NA,Agencies
26,Sonora,0,Estatal,6200000600,Prosecutor agencies of common law jurisdiction ascribed to prosecutors and attorneys general of justice (other type),2011,-,Agencies
26,Sonora,0,Estatal,6200000600,Prosecutor agencies of common law jurisdiction ascribed to prosecutors and attorneys general of justice (other type),2012,NA,Agencies
26,Sonora,0,Estatal,6200000600,Prosecutor agencies of common law jurisdiction ascribed to prosecutors and attorneys general of justice (other type),2013,NA,Agencies
26,Sonora,0,Estatal,6200000600,Prosecutor agencies of common law jurisdiction ascribed to prosecutors and attorneys general of justice (other type),2014,NA,Agencies
26,Sonora,0,Estatal,6200000600,Prosecutor agencies of common law jurisdiction ascribed to prosecutors and attorneys general of justice (other type),2015,NA,Agencies
26,Sonora,0,Estatal,6200000601,Personnel at public prosecutor's office of the common law jurisdiction agencies of general justice prosecutor and attorney's offices,2010,668,People
26,Sonora,0,Estatal,6200000601,Personnel at public prosecutor's office of the common law jurisdiction agencies of general justice prosecutor and attorney's offices,2011,623,People
26,Sonora,0,Estatal,6200000601,Personnel at public prosecutor's office of the common law jurisdiction agencies of general justice prosecutor and attorney's offices,2012,630,People
26,Sonora,0,Estatal,6200000601,Personnel at public prosecutor's office of the common law jurisdiction agencies of general justice prosecutor and attorney's offices,2013,640,People
26,Sonora,0,Estatal,6200000601,Personnel at public prosecutor's office of the common law jurisdiction agencies of general justice prosecutor and attorney's offices,2014,620,People
26,Sonora,0,Estatal,6200000601,Personnel at public prosecutor's office of the common law jurisdiction agencies of general justice prosecutor and attorney's offices,2015,483,People
26,Sonora,0,Estatal,6200000602,Personnel at public prosecutor's office of the common law jurisdiction agencies of general justice prosecutor and attorney's offices (prosecutor's office agents),2010,89,People
26,Sonora,0,Estatal,6200000602,Personnel at public prosecutor's office of the common law jurisdiction agencies of general justice prosecutor and attorney's offices (prosecutor's office agents),2011,80,People
26,Sonora,0,Estatal,6200000602,Personnel at public prosecutor's office of the common law jurisdiction agencies of general justice prosecutor and attorney's offices (prosecutor's office agents),2012,79,People
26,Sonora,0,Estatal,6200000602,Personnel at public prosecutor's office of the common law jurisdiction agencies of general justice prosecutor and attorney's offices (prosecutor's office agents),2013,82,People
26,Sonora,0,Estatal,6200000602,Personnel at public prosecutor's office of the common law jurisdiction agencies of general justice prosecutor and attorney's offices (prosecutor's office agents),2014,80,People
26,Sonora,0,Estatal,6200000602,Personnel at public prosecutor's office of the common law jurisdiction agencies of general justice prosecutor and attorney's offices (prosecutor's office agents),2015,67,People
26,Sonora,0,Estatal,6200000603,Personnel at public prosecutor's office of the common law jurisdiction agencies of general justice prosecutor and attorney's offices (unspecified),2010,0,People
26,Sonora,0,Estatal,6200000603,Personnel at public prosecutor's office of the common law jurisdiction agencies of general justice prosecutor and attorney's offices (unspecified),2011,0,People
26,Sonora,0,Estatal,6200000603,Personnel at public prosecutor's office of the common law jurisdiction agencies of general justice prosecutor and attorney's offices (unspecified),2012,0,People
26,Sonora,0,Estatal,6200000603,Personnel at public prosecutor's office of the common law jurisdiction agencies of general justice prosecutor and attorney's offices (unspecified),2013,0,People
26,Sonora,0,Estatal,6200000603,Personnel at public prosecutor's office of the common law jurisdiction agencies of general justice prosecutor and attorney's offices (unspecified),2014,0,People
26,Sonora,0,Estatal,6200000603,Personnel at public prosecutor's office of the common law jurisdiction agencies of general justice prosecutor and attorney's offices (unspecified),2015,0,People
26,Sonora,0,Estatal,6200000604,Personnel at public prosecutor's office of the common law jurisdiction agencies of general justice prosecutor and attorney's offices (other personnel type),2010,0,People
26,Sonora,0,Estatal,6200000604,Personnel at public prosecutor's office of the common law jurisdiction agencies of general justice prosecutor and attorney's offices (other personnel type),2011,0,People
26,Sonora,0,Estatal,6200000604,Personnel at public prosecutor's office of the common law jurisdiction agencies of general justice prosecutor and attorney's offices (other personnel type),2012,0,People
26,Sonora,0,Estatal,6200000604,Personnel at public prosecutor's office of the common law jurisdiction agencies of general justice prosecutor and attorney's offices (other personnel type),2013,0,People
26,Sonora,0,Estatal,6200000604,Personnel at public prosecutor's office of the common law jurisdiction agencies of general justice prosecutor and attorney's offices (other personnel type),2014,0,People
26,Sonora,0,Estatal,6200000604,Personnel at public prosecutor's office of the common law jurisdiction agencies of general justice prosecutor and attorney's offices (other personnel type),2015,0,People
26,Sonora,0,Estatal,6200000605,Personnel at public prosecutor's office of the common law jurisdiction agencies of general justice prosecutor and attorney's offices (experts),2010,0,People
26,Sonora,0,Estatal,6200000605,Personnel at public prosecutor's office of the common law jurisdiction agencies of general justice prosecutor and attorney's offices (experts),2011,0,People
26,Sonora,0,Estatal,6200000605,Personnel at public prosecutor's office of the common law jurisdiction agencies of general justice prosecutor and attorney's offices (experts),2012,0,People
26,Sonora,0,Estatal,6200000605,Personnel at public prosecutor's office of the common law jurisdiction agencies of general justice prosecutor and attorney's offices (experts),2013,4,People
26,Sonora,0,Estatal,6200000605,Personnel at public prosecutor's office of the common law jurisdiction agencies of general justice prosecutor and attorney's offices (experts),2014,0,People
26,Sonora,0,Estatal,6200000605,Personnel at public prosecutor's office of the common law jurisdiction agencies of general justice prosecutor and attorney's offices (experts),2015,0,People
26,Sonora,0,Estatal,6200000606,Personnel at public prosecutor's office of the common law jurisdiction agencies of general justice prosecutor and attorney's offices (support personnel),2010,352,People
26,Sonora,0,Estatal,6200000606,Personnel at public prosecutor's office of the common law jurisdiction agencies of general justice prosecutor and attorney's offices (support personnel),2011,212,People
26,Sonora,0,Estatal,6200000606,Personnel at public prosecutor's office of the common law jurisdiction agencies of general justice prosecutor and attorney's offices (support personnel),2012,210,People
26,Sonora,0,Estatal,6200000606,Personnel at public prosecutor's office of the common law jurisdiction agencies of general justice prosecutor and attorney's offices (support personnel),2013,198,People
26,Sonora,0,Estatal,6200000606,Personnel at public prosecutor's office of the common law jurisdiction agencies of general justice prosecutor and attorney's offices (support personnel),2014,186,People
26,Sonora,0,Estatal,6200000606,Personnel at public prosecutor's office of the common law jurisdiction agencies of general justice prosecutor and attorney's offices (support personnel),2015,156,People
26,Sonora,0,Estatal,6200000607,Personnel at public prosecutor's office of the common law jurisdiction agencies of general justice prosecutor and attorney's offices (ministerial police),2010,0,People
26,Sonora,0,Estatal,6200000607,Personnel at public prosecutor's office of the common law jurisdiction agencies of general justice prosecutor and attorney's offices (ministerial police),2011,0,People
26,Sonora,0,Estatal,6200000607,Personnel at public prosecutor's office of the common law jurisdiction agencies of general justice prosecutor and attorney's offices (ministerial police),2012,0,People
26,Sonora,0,Estatal,6200000607,Personnel at public prosecutor's office of the common law jurisdiction agencies of general justice prosecutor and attorney's offices (ministerial police),2013,0,People
26,Sonora,0,Estatal,6200000607,Personnel at public prosecutor's office of the common law jurisdiction agencies of general justice prosecutor and attorney's offices (ministerial police),2014,0,People
26,Sonora,0,Estatal,6200000607,Personnel at public prosecutor's office of the common law jurisdiction agencies of general justice prosecutor and attorney's offices (ministerial police),2015,0,People
26,Sonora,0,Estatal,6200000608,Personnel at public prosecutor's office of the common law jurisdiction agencies of general justice prosecutor and attorney's offices (public prosecutor's office secretaries),2010,227,People
26,Sonora,0,Estatal,6200000608,Personnel at public prosecutor's office of the common law jurisdiction agencies of general justice prosecutor and attorney's offices (public prosecutor's office secretaries),2011,331,People
26,Sonora,0,Estatal,6200000608,Personnel at public prosecutor's office of the common law jurisdiction agencies of general justice prosecutor and attorney's offices (public prosecutor's office secretaries),2012,341,People
26,Sonora,0,Estatal,6200000608,Personnel at public prosecutor's office of the common law jurisdiction agencies of general justice prosecutor and attorney's offices (public prosecutor's office secretaries),2013,356,People
26,Sonora,0,Estatal,6200000608,Personnel at public prosecutor's office of the common law jurisdiction agencies of general justice prosecutor and attorney's offices (public prosecutor's office secretaries),2014,354,People
26,Sonora,0,Estatal,6200000608,Personnel at public prosecutor's office of the common law jurisdiction agencies of general justice prosecutor and attorney's offices (public prosecutor's office secretaries),2015,260,People
26,Sonora,0,Estatal,6200000651,Preliminary investigation determined by the prosecutors and attorneys general of justice,2010,21029,Preliminary investigations
26,Sonora,0,Estatal,6200000651,Preliminary investigation determined by the prosecutors and attorneys general of justice,2011,22445,Preliminary investigations
26,Sonora,0,Estatal,6200000651,Preliminary investigation determined by the prosecutors and attorneys general of justice,2012,23555,Preliminary investigations
26,Sonora,0,Estatal,6200000651,Preliminary investigation determined by the prosecutors and attorneys general of justice,2013,22227,Preliminary investigations
26,Sonora,0,Estatal,6200000651,Preliminary investigation determined by the prosecutors and attorneys general of justice,2014,19887,Preliminary investigations
26,Sonora,0,Estatal,6200000651,Preliminary investigation determined by the prosecutors and attorneys general of justice,2015,19705,Preliminary investigations
26,Sonora,0,Estatal,6200000652,Preliminary investigation determined by the prosecutors and attorneys general of justice (with exercise of criminal action),2010,10404,Preliminary investigations
26,Sonora,0,Estatal,6200000652,Preliminary investigation determined by the prosecutors and attorneys general of justice (with exercise of criminal action),2011,11599,Preliminary investigations
26,Sonora,0,Estatal,6200000652,Preliminary investigation determined by the prosecutors and attorneys general of justice (with exercise of criminal action),2012,13279,Preliminary investigations
26,Sonora,0,Estatal,6200000652,Preliminary investigation determined by the prosecutors and attorneys general of justice (with exercise of criminal action),2013,13491,Preliminary investigations
26,Sonora,0,Estatal,6200000652,Preliminary investigation determined by the prosecutors and attorneys general of justice (with exercise of criminal action),2014,11539,Preliminary investigations
26,Sonora,0,Estatal,6200000652,Preliminary investigation determined by the prosecutors and attorneys general of justice (with exercise of criminal action),2015,10107,Preliminary investigations
26,Sonora,0,Estatal,6200000653,Preliminary investigation determined by the prosecutors and attorneys general of justice (with no exercise of criminal action),2010,8646,Preliminary investigations
26,Sonora,0,Estatal,6200000653,Preliminary investigation determined by the prosecutors and attorneys general of justice (with no exercise of criminal action),2011,8357,Preliminary investigations
26,Sonora,0,Estatal,6200000653,Preliminary investigation determined by the prosecutors and attorneys general of justice (with no exercise of criminal action),2012,7619,Preliminary investigations
26,Sonora,0,Estatal,6200000653,Preliminary investigation determined by the prosecutors and attorneys general of justice (with no exercise of criminal action),2013,7099,Preliminary investigations
26,Sonora,0,Estatal,6200000653,Preliminary investigation determined by the prosecutors and attorneys general of justice (with no exercise of criminal action),2014,6780,Preliminary investigations
26,Sonora,0,Estatal,6200000653,Preliminary investigation determined by the prosecutors and attorneys general of justice (with no exercise of criminal action),2015,6640,Preliminary investigations
26,Sonora,0,Estatal,6200000654,Preliminary investigation determined by the prosecutors and attorneys general of justice (in reserve),2010,1790,Preliminary investigations
26,Sonora,0,Estatal,6200000654,Preliminary investigation determined by the prosecutors and attorneys general of justice (in reserve),2011,2272,Preliminary investigations
26,Sonora,0,Estatal,6200000654,Preliminary investigation determined by the prosecutors and attorneys general of justice (in reserve),2012,2481,Preliminary investigations
26,Sonora,0,Estatal,6200000654,Preliminary investigation determined by the prosecutors and attorneys general of justice (in reserve),2013,1481,Preliminary investigations
26,Sonora,0,Estatal,6200000654,Preliminary investigation determined by the prosecutors and attorneys general of justice (in reserve),2014,1438,Preliminary investigations
26,Sonora,0,Estatal,6200000654,Preliminary investigation determined by the prosecutors and attorneys general of justice (in reserve),2015,2856,Preliminary investigations
26,Sonora,0,Estatal,6200000655,Preliminary investigation determined by the prosecutors and attorneys general of justice (another type of determination),2010,189,Preliminary investigations
26,Sonora,0,Estatal,6200000655,Preliminary investigation determined by the prosecutors and attorneys general of justice (another type of determination),2011,217,Preliminary investigations
26,Sonora,0,Estatal,6200000655,Preliminary investigation determined by the prosecutors and attorneys general of justice (another type of determination),2012,176,Preliminary investigations
26,Sonora,0,Estatal,6200000655,Preliminary investigation determined by the prosecutors and attorneys general of justice (another type of determination),2013,156,Preliminary investigations
26,Sonora,0,Estatal,6200000655,Preliminary investigation determined by the prosecutors and attorneys general of justice (another type of determination),2014,130,Preliminary investigations
26,Sonora,0,Estatal,6200000655,Preliminary investigation determined by the prosecutors and attorneys general of justice (another type of determination),2015,102,Preliminary investigations
26,Sonora,0,Estatal,6200000656,Investigation folders determined by prosecutors and attorneys general of justice,2010,NA,Folder research
26,Sonora,0,Estatal,6200000656,Investigation folders determined by prosecutors and attorneys general of justice,2011,NA,Folder research
26,Sonora,0,Estatal,6200000656,Investigation folders determined by prosecutors and attorneys general of justice,2012,NA,Folder research
26,Sonora,0,Estatal,6200000656,Investigation folders determined by prosecutors and attorneys general of justice,2013,NA,Folder research
26,Sonora,0,Estatal,6200000656,Investigation folders determined by prosecutors and attorneys general of justice,2014,NA,Folder research
26,Sonora,0,Estatal,6200000656,Investigation folders determined by prosecutors and attorneys general of justice,2015,31,Folder research
26,Sonora,0,Estatal,6200000657,Investigation folders determined by prosecutors and attorneys general of justice (with initiation of the investigation),2010,NA,Folder research
26,Sonora,0,Estatal,6200000657,Investigation folders determined by prosecutors and attorneys general of justice (with initiation of the investigation),2011,NA,Folder research
26,Sonora,0,Estatal,6200000657,Investigation folders determined by prosecutors and attorneys general of justice (with initiation of the investigation),2012,NA,Folder research
26,Sonora,0,Estatal,6200000657,Investigation folders determined by prosecutors and attorneys general of justice (with initiation of the investigation),2013,NA,Folder research
26,Sonora,0,Estatal,6200000657,Investigation folders determined by prosecutors and attorneys general of justice (with initiation of the investigation),2014,NA,Folder research
26,Sonora,0,Estatal,6200000657,Investigation folders determined by prosecutors and attorneys general of justice (with initiation of the investigation),2015,17,Folder research
26,Sonora,0,Estatal,6200000658,Investigation folders determined by prosecutors and attorneys general of justice (with no initiation of the investigation),2010,NA,Folder research
26,Sonora,0,Estatal,6200000658,Investigation folders determined by prosecutors and attorneys general of justice (with no initiation of the investigation),2011,NA,Folder research
26,Sonora,0,Estatal,6200000658,Investigation folders determined by prosecutors and attorneys general of justice (with no initiation of the investigation),2012,NA,Folder research
26,Sonora,0,Estatal,6200000658,Investigation folders determined by prosecutors and attorneys general of justice (with no initiation of the investigation),2013,NA,Folder research
26,Sonora,0,Estatal,6200000658,Investigation folders determined by prosecutors and attorneys general of justice (with no initiation of the investigation),2014,NA,Folder research
26,Sonora,0,Estatal,6200000658,Investigation folders determined by prosecutors and attorneys general of justice (with no initiation of the investigation),2015,0,Folder research
26,Sonora,0,Estatal,6200000659,Investigation folders determined by prosecutors and attorneys general of justice (with the principle of opportunity),2010,NA,Folder research
26,Sonora,0,Estatal,6200000659,Investigation folders determined by prosecutors and attorneys general of justice (with the principle of opportunity),2011,NA,Folder research
26,Sonora,0,Estatal,6200000659,Investigation folders determined by prosecutors and attorneys general of justice (with the principle of opportunity),2012,NA,Folder research
26,Sonora,0,Estatal,6200000659,Investigation folders determined by prosecutors and attorneys general of justice (with the principle of opportunity),2013,NA,Folder research
26,Sonora,0,Estatal,6200000659,Investigation folders determined by prosecutors and attorneys general of justice (with the principle of opportunity),2014,NA,Folder research
26,Sonora,0,Estatal,6200000659,Investigation folders determined by prosecutors and attorneys general of justice (with the principle of opportunity),2015,0,Folder research
26,Sonora,0,Estatal,6200000660,Investigation folders determined by prosecutors and attorneys general of justice (with temporary file),2010,NA,Folder research
26,Sonora,0,Estatal,6200000660,Investigation folders determined by prosecutors and attorneys general of justice (with temporary file),2011,NA,Folder research
26,Sonora,0,Estatal,6200000660,Investigation folders determined by prosecutors and attorneys general of justice (with temporary file),2012,NA,Folder research
26,Sonora,0,Estatal,6200000660,Investigation folders determined by prosecutors and attorneys general of justice (with temporary file),2013,NA,Folder research
26,Sonora,0,Estatal,6200000660,Investigation folders determined by prosecutors and attorneys general of justice (with temporary file),2014,NA,Folder research
26,Sonora,0,Estatal,6200000660,Investigation folders determined by prosecutors and attorneys general of justice (with temporary file),2015,2,Folder research
26,Sonora,0,Estatal,6200000661,Investigation folders determined by prosecutors and attorneys general of justice (with further determination),2010,NA,Folder research
26,Sonora,0,Estatal,6200000661,Investigation folders determined by prosecutors and attorneys general of justice (with further determination),2011,NA,Folder research
26,Sonora,0,Estatal,6200000661,Investigation folders determined by prosecutors and attorneys general of justice (with further determination),2012,NA,Folder research
26,Sonora,0,Estatal,6200000661,Investigation folders determined by prosecutors and attorneys general of justice (with further determination),2013,NA,Folder research
26,Sonora,0,Estatal,6200000661,Investigation folders determined by prosecutors and attorneys general of justice (with further determination),2014,NA,Folder research
26,Sonora,0,Estatal,6200000661,Investigation folders determined by prosecutors and attorneys general of justice (with further determination),2015,12,Folder research
26,Sonora,0,Estatal,6200000705,Investigation folders closed by the prosecutors and attorneys general of justice,2010,NA,Folder research
26,Sonora,0,Estatal,6200000705,Investigation folders closed by the prosecutors and attorneys general of justice,2011,NA,Folder research
26,Sonora,0,Estatal,6200000705,Investigation folders closed by the prosecutors and attorneys general of justice,2012,NA,Folder research
26,Sonora,0,Estatal,6200000705,Investigation folders closed by the prosecutors and attorneys general of justice,2013,NA,Folder research
26,Sonora,0,Estatal,6200000705,Investigation folders closed by the prosecutors and attorneys general of justice,2014,NA,Folder research
26,Sonora,0,Estatal,6200000705,Investigation folders closed by the prosecutors and attorneys general of justice,2015,29,Folder research
26,Sonora,0,Estatal,6200000706,Investigation folders closed by the prosecutors and attorneys general of justice (with formulation of indictment),2010,NA,Folder research
26,Sonora,0,Estatal,6200000706,Investigation folders closed by the prosecutors and attorneys general of justice (with formulation of indictment),2011,NA,Folder research
26,Sonora,0,Estatal,6200000706,Investigation folders closed by the prosecutors and attorneys general of justice (with formulation of indictment),2012,NA,Folder research
26,Sonora,0,Estatal,6200000706,Investigation folders closed by the prosecutors and attorneys general of justice (with formulation of indictment),2013,NA,Folder research
26,Sonora,0,Estatal,6200000706,Investigation folders closed by the prosecutors and attorneys general of justice (with formulation of indictment),2014,NA,Folder research
26,Sonora,0,Estatal,6200000706,Investigation folders closed by the prosecutors and attorneys general of justice (with formulation of indictment),2015,17,Folder research
26,Sonora,0,Estatal,6200000707,Investigation folders closed by the prosecutors and attorneys general of justice (with another type of closure),2010,NA,Folder research
26,Sonora,0,Estatal,6200000707,Investigation folders closed by the prosecutors and attorneys general of justice (with another type of closure),2011,NA,Folder research
26,Sonora,0,Estatal,6200000707,Investigation folders closed by the prosecutors and attorneys general of justice (with another type of closure),2012,NA,Folder research
26,Sonora,0,Estatal,6200000707,Investigation folders closed by the prosecutors and attorneys general of justice (with another type of closure),2013,NA,Folder research
26,Sonora,0,Estatal,6200000707,Investigation folders closed by the prosecutors and attorneys general of justice (with another type of closure),2014,NA,Folder research
26,Sonora,0,Estatal,6200000707,Investigation folders closed by the prosecutors and attorneys general of justice (with another type of closure),2015,11,Folder research
26,Sonora,0,Estatal,6200000708,Investigation folders closed by the prosecutors and attorneys general of justice (with alternative output),2010,NA,Folder research
26,Sonora,0,Estatal,6200000708,Investigation folders closed by the prosecutors and attorneys general of justice (with alternative output),2011,NA,Folder research
26,Sonora,0,Estatal,6200000708,Investigation folders closed by the prosecutors and attorneys general of justice (with alternative output),2012,NA,Folder research
26,Sonora,0,Estatal,6200000708,Investigation folders closed by the prosecutors and attorneys general of justice (with alternative output),2013,NA,Folder research
26,Sonora,0,Estatal,6200000708,Investigation folders closed by the prosecutors and attorneys general of justice (with alternative output),2014,NA,Folder research
26,Sonora,0,Estatal,6200000708,Investigation folders closed by the prosecutors and attorneys general of justice (with alternative output),2015,1,Folder research
26,Sonora,0,Estatal,6200000709,Investigation folders closed by the prosecutors and attorneys general of justice (to dismiss),2010,NA,Folder research
26,Sonora,0,Estatal,6200000709,Investigation folders closed by the prosecutors and attorneys general of justice (to dismiss),2011,NA,Folder research
26,Sonora,0,Estatal,6200000709,Investigation folders closed by the prosecutors and attorneys general of justice (to dismiss),2012,NA,Folder research
26,Sonora,0,Estatal,6200000709,Investigation folders closed by the prosecutors and attorneys general of justice (to dismiss),2013,NA,Folder research
26,Sonora,0,Estatal,6200000709,Investigation folders closed by the prosecutors and attorneys general of justice (to dismiss),2014,NA,Folder research
26,Sonora,0,Estatal,6200000709,Investigation folders closed by the prosecutors and attorneys general of justice (to dismiss),2015,0,Folder research
26,Sonora,0,Estatal,6200000710,Investigation folders closed by the prosecutors and attorneys general of justice (with suspension),2010,NA,Folder research
26,Sonora,0,Estatal,6200000710,Investigation folders closed by the prosecutors and attorneys general of justice (with suspension),2011,NA,Folder research
26,Sonora,0,Estatal,6200000710,Investigation folders closed by the prosecutors and attorneys general of justice (with suspension),2012,NA,Folder research
26,Sonora,0,Estatal,6200000710,Investigation folders closed by the prosecutors and attorneys general of justice (with suspension),2013,NA,Folder research
26,Sonora,0,Estatal,6200000710,Investigation folders closed by the prosecutors and attorneys general of justice (with suspension),2014,NA,Folder research
26,Sonora,0,Estatal,6200000753,Preliminary investigation pending the prosecutors and attorneys general of justice at year-end (other),2011,-,Preliminary investigations
26,Sonora,0,Estatal,6200000753,Preliminary investigation pending the prosecutors and attorneys general of justice at year-end (other),2012,0,Preliminary investigations
26,Sonora,0,Estatal,6200000753,Preliminary investigation pending the prosecutors and attorneys general of justice at year-end (other),2013,0,Preliminary investigations
26,Sonora,0,Estatal,6200000753,Preliminary investigation pending the prosecutors and attorneys general of justice at year-end (other),2014,0,Preliminary investigations
26,Sonora,0,Estatal,6200000753,Preliminary investigation pending the prosecutors and attorneys general of justice at year-end (other),2015,0,Preliminary investigations
26,Sonora,0,Estatal,6200000755,Folders outstanding investigation in the prosecutors and attorneys general of justice at year-end,2010,NA,Folder research
26,Sonora,0,Estatal,6200000755,Folders outstanding investigation in the prosecutors and attorneys general of justice at year-end,2011,NA,Folder research
26,Sonora,0,Estatal,6200000755,Folders outstanding investigation in the prosecutors and attorneys general of justice at year-end,2012,NA,Folder research
26,Sonora,0,Estatal,6200000755,Folders outstanding investigation in the prosecutors and attorneys general of justice at year-end,2013,NA,Folder research
26,Sonora,0,Estatal,6200000755,Folders outstanding investigation in the prosecutors and attorneys general of justice at year-end,2014,NA,Folder research
26,Sonora,0,Estatal,6200000755,Folders outstanding investigation in the prosecutors and attorneys general of justice at year-end,2015,376,Folder research
26,Sonora,0,Estatal,6200000756,Folders outstanding investigation in the prosecutors and attorneys general of justice at the year-end (temporary file),2010,NA,Folder research
26,Sonora,0,Estatal,6200000756,Folders outstanding investigation in the prosecutors and attorneys general of justice at the year-end (temporary file),2011,NA,Folder research
26,Sonora,0,Estatal,6200000756,Folders outstanding investigation in the prosecutors and attorneys general of justice at the year-end (temporary file),2012,NA,Folder research
26,Sonora,0,Estatal,6200000756,Folders outstanding investigation in the prosecutors and attorneys general of justice at the year-end (temporary file),2013,NA,Folder research
26,Sonora,0,Estatal,6200000756,Folders outstanding investigation in the prosecutors and attorneys general of justice at the year-end (temporary file),2014,NA,Folder research
26,Sonora,0,Estatal,6200000756,Folders outstanding investigation in the prosecutors and attorneys general of justice at the year-end (temporary file),2015,2,Folder research
26,Sonora,0,Estatal,6200000757,Investigation folders determined by prosecutors and attorneys general of justice (the process of integration with other status),2011,NA,Folder research
26,Sonora,0,Estatal,6200000757,Investigation folders determined by prosecutors and attorneys general of justice (the process of integration with other status),2012,NA,Folder research
26,Sonora,0,Estatal,6200000757,Investigation folders determined by prosecutors and attorneys general of justice (the process of integration with other status),2013,NA,Folder research
26,Sonora,0,Estatal,6200000757,Investigation folders determined by prosecutors and attorneys general of justice (the process of integration with other status),2014,NA,Folder research
26,Sonora,0,Estatal,6200000757,Investigation folders determined by prosecutors and attorneys general of justice (the process of integration with other status),2015,37,Folder research
26,Sonora,0,Estatal,6200000758,Investigation files pending in the prosecutors and attorneys general of justice at year-end (being integrated),2010,NA,Folder research
26,Sonora,0,Estatal,6200000758,Investigation files pending in the prosecutors and attorneys general of justice at year-end (being integrated),2011,NA,Folder research
26,Sonora,0,Estatal,6200000758,Investigation files pending in the prosecutors and attorneys general of justice at year-end (being integrated),2012,NA,Folder research
26,Sonora,0,Estatal,6200000758,Investigation files pending in the prosecutors and attorneys general of justice at year-end (being integrated),2013,NA,Folder research
26,Sonora,0,Estatal,6200000758,Investigation files pending in the prosecutors and attorneys general of justice at year-end (being integrated),2014,NA,Folder research
26,Sonora,0,Estatal,6200000758,Investigation files pending in the prosecutors and attorneys general of justice at year-end (being integrated),2015,337,Folder research
26,Sonora,0,Estatal,6200000759,Investigation files pending in the prosecutors and attorneys general of justice at the year-end (suspended),2010,NA,Folder research
26,Sonora,0,Estatal,6200000759,Investigation files pending in the prosecutors and attorneys general of justice at the year-end (suspended),2011,NA,Folder research
26,Sonora,0,Estatal,6200000759,Investigation files pending in the prosecutors and attorneys general of justice at the year-end (suspended),2012,NA,Folder research
26,Sonora,0,Estatal,6200000759,Investigation files pending in the prosecutors and attorneys general of justice at the year-end (suspended),2013,NA,Folder research
26,Sonora,0,Estatal,6200000759,Investigation files pending in the prosecutors and attorneys general of justice at the year-end (suspended),2014,NA,Folder research
26,Sonora,0,Estatal,6200000759,Investigation files pending in the prosecutors and attorneys general of justice at the year-end (suspended),2015,0,Folder research
26,Sonora,0,Estatal,6200000760,Investigation files pending in the prosecutors and attorneys general of justice at year-end (not specified),2011,NA,Folder research
26,Sonora,0,Estatal,6200000760,Investigation files pending in the prosecutors and attorneys general of justice at year-end (not specified),2012,NA,Folder research
26,Sonora,0,Estatal,6200000760,Investigation files pending in the prosecutors and attorneys general of justice at year-end (not specified),2013,NA,Folder research
26,Sonora,0,Estatal,6200000760,Investigation files pending in the prosecutors and attorneys general of justice at year-end (not specified),2014,0,Folder research
26,Sonora,0,Estatal,6200000760,Investigation files pending in the prosecutors and attorneys general of justice at year-end (not specified),2015,0,Folder research
26,Sonora,0,Estatal,6200000804,Initiated preliminary inquiries and investigation conducted by public prosecutors specialized in adolescents,2010,1163,Preliminary investigations and research
26,Sonora,0,Estatal,6200000804,Initiated preliminary inquiries and investigation conducted by public prosecutors specialized in adolescents,2011,1203,Preliminary investigations and research
26,Sonora,0,Estatal,6200000804,Initiated preliminary inquiries and investigation conducted by public prosecutors specialized in adolescents,2012,1072,Preliminary investigations and research
26,Sonora,0,Estatal,6200000804,Initiated preliminary inquiries and investigation conducted by public prosecutors specialized in adolescents,2013,1136,Preliminary investigations and research
26,Sonora,0,Estatal,6200000804,Initiated preliminary inquiries and investigation conducted by public prosecutors specialized in adolescents,2014,1094,Preliminary investigations and research
26,Sonora,0,Estatal,6200000804,Initiated preliminary inquiries and investigation conducted by public prosecutors specialized in adolescents,2015,937,Preliminary investigations and research
26,Sonora,0,Estatal,6200000805,Initiated preliminary inquiries and investigation conducted by public prosecutors specialized in adolescents (without specifying the presentation or not of the alleged perpetrator),2011,0,Preliminary investigations and research
26,Sonora,0,Estatal,6200000805,Initiated preliminary inquiries and investigation conducted by public prosecutors specialized in adolescents (without specifying the presentation or not of the alleged perpetrator),2012,0,Preliminary investigations and research
26,Sonora,0,Estatal,6200000805,Initiated preliminary inquiries and investigation conducted by public prosecutors specialized in adolescents (without specifying the presentation or not of the alleged perpetrator),2013,0,Preliminary investigations and research
26,Sonora,0,Estatal,6200000805,Initiated preliminary inquiries and investigation conducted by public prosecutors specialized in adolescents (without specifying the presentation or not of the alleged perpetrator),2014,0,Preliminary investigations and research
26,Sonora,0,Estatal,6200000805,Initiated preliminary inquiries and investigation conducted by public prosecutors specialized in adolescents (without specifying the presentation or not of the alleged perpetrator),2015,0,Preliminary investigations and research
26,Sonora,0,Estatal,6200000806,Preliminary inquiries and investigation conducted by public prosecutors specialized in adolescents (with presentation of the alleged perpetrator),2011,1155,Preliminary investigations and research
26,Sonora,0,Estatal,6200000806,Preliminary inquiries and investigation conducted by public prosecutors specialized in adolescents (with presentation of the alleged perpetrator),2012,1024,Preliminary investigations and research
26,Sonora,0,Estatal,6200000806,Preliminary inquiries and investigation conducted by public prosecutors specialized in adolescents (with presentation of the alleged perpetrator),2013,1131,Preliminary investigations and research
26,Sonora,0,Estatal,6200000806,Preliminary inquiries and investigation conducted by public prosecutors specialized in adolescents (with presentation of the alleged perpetrator),2014,1080,Preliminary investigations and research
26,Sonora,0,Estatal,6200000806,Preliminary inquiries and investigation conducted by public prosecutors specialized in adolescents (with presentation of the alleged perpetrator),2015,933,Preliminary investigations and research
26,Sonora,0,Estatal,6200000807,Initiated preliminary inquiries and investigation conducted by public prosecutors specialized in adolescents (with no presentation of the alleged perpetrator),2011,48,Preliminary investigations and research
26,Sonora,0,Estatal,6200000807,Initiated preliminary inquiries and investigation conducted by public prosecutors specialized in adolescents (with no presentation of the alleged perpetrator),2012,48,Preliminary investigations and research
26,Sonora,0,Estatal,6200000807,Initiated preliminary inquiries and investigation conducted by public prosecutors specialized in adolescents (with no presentation of the alleged perpetrator),2013,5,Preliminary investigations and research
26,Sonora,0,Estatal,6200000807,Initiated preliminary inquiries and investigation conducted by public prosecutors specialized in adolescents (with no presentation of the alleged perpetrator),2014,14,Preliminary investigations and research
26,Sonora,0,Estatal,6200000807,Initiated preliminary inquiries and investigation conducted by public prosecutors specialized in adolescents (with no presentation of the alleged perpetrator),2015,4,Preliminary investigations and research
26,Sonora,0,Estatal,6200000850,Preliminary investigation determined by public prosecutors specialized in adolescents,2010,1243,Preliminary investigations and research
26,Sonora,0,Estatal,6200000850,Preliminary investigation determined by public prosecutors specialized in adolescents,2011,1144,Preliminary investigations and research
26,Sonora,0,Estatal,6200000850,Preliminary investigation determined by public prosecutors specialized in adolescents,2012,947,Preliminary investigations and research
26,Sonora,0,Estatal,6200000850,Preliminary investigation determined by public prosecutors specialized in adolescents,2013,980,Preliminary investigations and research
26,Sonora,0,Estatal,6200000850,Preliminary investigation determined by public prosecutors specialized in adolescents,2014,989,Preliminary investigations and research
26,Sonora,0,Estatal,6200000850,Preliminary investigation determined by public prosecutors specialized in adolescents,2015,847,Preliminary investigations and research
26,Sonora,0,Estatal,6200000851,Preliminary investigation determined by public prosecutors specialized in adolescents (inadmissibility),2010,324,Preliminary investigations and research
26,Sonora,0,Estatal,6200000851,Preliminary investigation determined by public prosecutors specialized in adolescents (inadmissibility),2011,219,Preliminary investigations and research
26,Sonora,0,Estatal,6200000851,Preliminary investigation determined by public prosecutors specialized in adolescents (inadmissibility),2012,105,Preliminary investigations and research
26,Sonora,0,Estatal,6200000851,Preliminary investigation determined by public prosecutors specialized in adolescents (inadmissibility),2013,179,Preliminary investigations and research
26,Sonora,0,Estatal,6200000851,Preliminary investigation determined by public prosecutors specialized in adolescents (inadmissibility),2014,227,Preliminary investigations and research
26,Sonora,0,Estatal,6200000851,Preliminary investigation determined by public prosecutors specialized in adolescents (inadmissibility),2015,251,Preliminary investigations and research
26,Sonora,0,Estatal,6200000852,Preliminary investigation determined by public prosecutors specialized in adolescents (with further determination),2010,36,Preliminary investigations and research
26,Sonora,0,Estatal,6200000852,Preliminary investigation determined by public prosecutors specialized in adolescents (with further determination),2011,11,Preliminary investigations and research
26,Sonora,0,Estatal,6200000852,Preliminary investigation determined by public prosecutors specialized in adolescents (with further determination),2012,21,Preliminary investigations and research
26,Sonora,0,Estatal,6200000852,Preliminary investigation determined by public prosecutors specialized in adolescents (with further determination),2013,9,Preliminary investigations and research
26,Sonora,0,Estatal,6200000852,Preliminary investigation determined by public prosecutors specialized in adolescents (with further determination),2014,11,Preliminary investigations and research
26,Sonora,0,Estatal,6200000852,Preliminary investigation determined by public prosecutors specialized in adolescents (with further determination),2015,5,Preliminary investigations and research
26,Sonora,0,Estatal,6200000853,Preliminary investigation determined by public prosecutors specialized in adolescents ( with source),2010,870,Preliminary investigations and research
26,Sonora,0,Estatal,6200000853,Preliminary investigation determined by public prosecutors specialized in adolescents ( with source),2011,905,Preliminary investigations and research
26,Sonora,0,Estatal,6200000853,Preliminary investigation determined by public prosecutors specialized in adolescents ( with source),2012,819,Preliminary investigations and research
26,Sonora,0,Estatal,6200000853,Preliminary investigation determined by public prosecutors specialized in adolescents ( with source),2013,791,Preliminary investigations and research
26,Sonora,0,Estatal,6200000853,Preliminary investigation determined by public prosecutors specialized in adolescents ( with source),2014,745,Preliminary investigations and research
26,Sonora,0,Estatal,6200000853,Preliminary investigation determined by public prosecutors specialized in adolescents ( with source),2015,585,Preliminary investigations and research
26,Sonora,0,Estatal,6200000854,Preliminary investigation determined by public prosecutors specialized in adolescents (in file),2010,13,Preliminary investigations and research
26,Sonora,0,Estatal,6200000854,Preliminary investigation determined by public prosecutors specialized in adolescents (in file),2011,9,Preliminary investigations and research
26,Sonora,0,Estatal,6200000854,Preliminary investigation determined by public prosecutors specialized in adolescents (in file),2012,2,Preliminary investigations and research
26,Sonora,0,Estatal,6200000854,Preliminary investigation determined by public prosecutors specialized in adolescents (in file),2013,1,Preliminary investigations and research
26,Sonora,0,Estatal,6200000854,Preliminary investigation determined by public prosecutors specialized in adolescents (in file),2014,6,Preliminary investigations and research
26,Sonora,0,Estatal,6200000854,Preliminary investigation determined by public prosecutors specialized in adolescents (in file),2015,6,Preliminary investigations and research
26,Sonora,0,Estatal,6200000898,Closed investigations by public prosecutor offices specialized in adolescents,2010,-,Research
26,Sonora,0,Estatal,6200000898,Closed investigations by public prosecutor offices specialized in adolescents,2011,-,Research
26,Sonora,0,Estatal,6200000898,Closed investigations by public prosecutor offices specialized in adolescents,2012,0,Research
26,Sonora,0,Estatal,6200000898,Closed investigations by public prosecutor offices specialized in adolescents,2013,0,Research
26,Sonora,0,Estatal,6200000898,Closed investigations by public prosecutor offices specialized in adolescents,2014,0,Research
26,Sonora,0,Estatal,6200000898,Closed investigations by public prosecutor offices specialized in adolescents,2015,0,Research
26,Sonora,0,Estatal,6200000899,Investigations closed by Public Ministries specialized in adolescents (alternative outing),2010,-,Research
26,Sonora,0,Estatal,6200000899,Investigations closed by Public Ministries specialized in adolescents (alternative outing),2011,-,Research
26,Sonora,0,Estatal,6200000899,Investigations closed by Public Ministries specialized in adolescents (alternative outing),2012,0,Research
26,Sonora,0,Estatal,6200000899,Investigations closed by Public Ministries specialized in adolescents (alternative outing),2013,0,Research
26,Sonora,0,Estatal,6200000899,Investigations closed by Public Ministries specialized in adolescents (alternative outing),2014,0,Research
26,Sonora,0,Estatal,6200000899,Investigations closed by Public Ministries specialized in adolescents (alternative outing),2015,0,Research
26,Sonora,0,Estatal,6200000900,Closed investigations by public prosecutor offices specialized in adolescents (formulation of charges),2010,-,Research
26,Sonora,0,Estatal,6200000900,Closed investigations by public prosecutor offices specialized in adolescents (formulation of charges),2011,-,Research
26,Sonora,0,Estatal,6200000900,Closed investigations by public prosecutor offices specialized in adolescents (formulation of charges),2012,0,Research
26,Sonora,0,Estatal,6200000900,Closed investigations by public prosecutor offices specialized in adolescents (formulation of charges),2013,0,Research
26,Sonora,0,Estatal,6200000900,Closed investigations by public prosecutor offices specialized in adolescents (formulation of charges),2014,0,Research
26,Sonora,0,Estatal,6200000900,Closed investigations by public prosecutor offices specialized in adolescents (formulation of charges),2015,0,Research
26,Sonora,0,Estatal,6200000901,Closed investigations by public prosecutor offices specialized in adolescents (closure type),2010,-,Research
26,Sonora,0,Estatal,6200000901,Closed investigations by public prosecutor offices specialized in adolescents (closure type),2011,-,Research
26,Sonora,0,Estatal,6200000901,Closed investigations by public prosecutor offices specialized in adolescents (closure type),2012,0,Research
26,Sonora,0,Estatal,6200000901,Closed investigations by public prosecutor offices specialized in adolescents (closure type),2013,0,Research
26,Sonora,0,Estatal,6200000901,Closed investigations by public prosecutor offices specialized in adolescents (closure type),2014,0,Research
26,Sonora,0,Estatal,6200000901,Closed investigations by public prosecutor offices specialized in adolescents (closure type),2015,0,Research
26,Sonora,0,Estatal,6200000902,Closed investigations by public prosecutor offices specialized in adolescents (dismissal),2010,-,Research
26,Sonora,0,Estatal,6200000902,Closed investigations by public prosecutor offices specialized in adolescents (dismissal),2011,-,Research
26,Sonora,0,Estatal,6200000902,Closed investigations by public prosecutor offices specialized in adolescents (dismissal),2012,0,Research
26,Sonora,0,Estatal,6200000902,Closed investigations by public prosecutor offices specialized in adolescents (dismissal),2013,0,Research
26,Sonora,0,Estatal,6200000902,Closed investigations by public prosecutor offices specialized in adolescents (dismissal),2014,0,Research
26,Sonora,0,Estatal,6200000902,Closed investigations by public prosecutor offices specialized in adolescents (dismissal),2015,0,Research
26,Sonora,0,Estatal,6200000903,Closed investigations by public prosecutor offices specialized in adolescents (suspension),2010,-,Research
26,Sonora,0,Estatal,6200000903,Closed investigations by public prosecutor offices specialized in adolescents (suspension),2011,-,Research
26,Sonora,0,Estatal,6200000903,Closed investigations by public prosecutor offices specialized in adolescents (suspension),2012,0,Research
26,Sonora,0,Estatal,6200000903,Closed investigations by public prosecutor offices specialized in adolescents (suspension),2013,0,Research
26,Sonora,0,Estatal,6200000903,Closed investigations by public prosecutor offices specialized in adolescents (suspension),2014,0,Research
26,Sonora,0,Estatal,6200009545,Rate of resolution on preliminary investigations.,2010,80.5523634413545,Certain percentage of preliminary investigations
26,Sonora,0,Estatal,6200009545,Rate of resolution on preliminary investigations.,2011,66.1664996167679,Certain percentage of preliminary investigations
26,Sonora,0,Estatal,6200009545,Rate of resolution on preliminary investigations.,2012,72.950540431726,Certain percentage of preliminary investigations
26,Sonora,0,Estatal,6200009545,Rate of resolution on preliminary investigations.,2013,71.5822356767898,Certain percentage of preliminary investigations
26,Sonora,0,Estatal,6200009548,Percentage of resolution in extortion preliminary investigations.,2010,90,Certain percentage of preliminary investigations
26,Sonora,0,Estatal,6200009548,Percentage of resolution in extortion preliminary investigations.,2011,89.2857142857143,Certain percentage of preliminary investigations
26,Sonora,0,Estatal,6200009548,Percentage of resolution in extortion preliminary investigations.,2012,89.1891891891892,Certain percentage of preliminary investigations
26,Sonora,0,Estatal,6200009548,Percentage of resolution in extortion preliminary investigations.,2013,70.5882352941177,Certain percentage of preliminary investigations
26,Sonora,0,Estatal,6200009550,Rate of resolution in preliminary investigations for kidnapping.,2010,116.666666666667,Certain percentage of preliminary investigations
26,Sonora,0,Estatal,6200009550,Rate of resolution in preliminary investigations for kidnapping.,2011,177.777777777778,Certain percentage of preliminary investigations
26,Sonora,0,Estatal,6200009550,Rate of resolution in preliminary investigations for kidnapping.,2012,83.3333333333333,Certain percentage of preliminary investigations
26,Sonora,0,Estatal,6200009550,Rate of resolution in preliminary investigations for kidnapping.,2013,109.090909090909,Certain percentage of preliminary investigations
26,Sonora,0,Estatal,6200009551,Percentage of resolution in intentional homicide in preliminary investigations.,2010,21.5596330275229,Certain percentage of preliminary investigations
26,Sonora,0,Estatal,6200009551,Percentage of resolution in intentional homicide in preliminary investigations.,2011,72.2457627118644,Certain percentage of preliminary investigations
26,Sonora,0,Estatal,6200009551,Percentage of resolution in intentional homicide in preliminary investigations.,2012,40.5189620758483,Certain percentage of preliminary investigations
26,Sonora,0,Estatal,6200009551,Percentage of resolution in intentional homicide in preliminary investigations.,2013,32,Certain percentage of preliminary investigations
26,Sonora,0,Estatal,6200009552,Percentage of resolution in violent theft preliminary investigations.,2010,33.3417022344966,Certain percentage of preliminary investigations
26,Sonora,0,Estatal,6200009552,Percentage of resolution in violent theft preliminary investigations.,2011,NC,Certain percentage of preliminary investigations
26,Sonora,0,Estatal,6200009552,Percentage of resolution in violent theft preliminary investigations.,2012,NC,Certain percentage of preliminary investigations
26,Sonora,0,Estatal,6200009552,Percentage of resolution in violent theft preliminary investigations.,2013,71.5283373623422,Certain percentage of preliminary investigations
26,Sonora,0,Estatal,6200009553,Percentage of resolution in rape preliminary investigations.,2010,82.8382838283828,Certain percentage of preliminary investigations
26,Sonora,0,Estatal,6200009553,Percentage of resolution in rape preliminary investigations.,2011,77.9944289693593,Certain percentage of preliminary investigations
26,Sonora,0,Estatal,6200009553,Percentage of resolution in rape preliminary investigations.,2012,87.2881355932203,Certain percentage of preliminary investigations
26,Sonora,0,Estatal,6200009553,Percentage of resolution in rape preliminary investigations.,2013,89.776357827476,Certain percentage of preliminary investigations
26,Sonora,0,Estatal,6200009554,Percentage of resolution on investigation folders.,2010,NA,Percentage of certain research folders
26,Sonora,0,Estatal,6200009554,Percentage of resolution on investigation folders.,2011,NA,Percentage of certain research folders
26,Sonora,0,Estatal,6200009554,Percentage of resolution on investigation folders.,2012,NA,Percentage of certain research folders
26,Sonora,0,Estatal,6200009554,Percentage of resolution on investigation folders.,2013,NA,Percentage of certain research folders
26,Sonora,0,Estatal,6200009555,Percentage of resolution in kidnapping investigation folders.,2010,NA,Percentage of research folders determined
26,Sonora,0,Estatal,6200009555,Percentage of resolution in kidnapping investigation folders.,2011,NA,Percentage of research folders determined
26,Sonora,0,Estatal,6200009555,Percentage of resolution in kidnapping investigation folders.,2012,NA,Percentage of research folders determined
26,Sonora,0,Estatal,6200009555,Percentage of resolution in kidnapping investigation folders.,2013,NA,Percentage of research folders determined
26,Sonora,0,Estatal,6200009557,Percentage of resolution in extortion investigations folders.,2010,NA,Percentage of research folders determined
26,Sonora,0,Estatal,6200009557,Percentage of resolution in extortion investigations folders.,2011,NA,Percentage of research folders determined
26,Sonora,0,Estatal,6200009557,Percentage of resolution in extortion investigations folders.,2012,NA,Percentage of research folders determined
26,Sonora,0,Estatal,6200009557,Percentage of resolution in extortion investigations folders.,2013,NA,Percentage of research folders determined
26,Sonora,0,Estatal,6200009558,Percentage of resolution in investigation folders for violent robbery.,2010,NA,Percentage of research folders determined
26,Sonora,0,Estatal,6200009558,Percentage of resolution in investigation folders for violent robbery.,2011,NA,Percentage of research folders determined
26,Sonora,0,Estatal,6200009558,Percentage of resolution in investigation folders for violent robbery.,2012,NA,Percentage of research folders determined
26,Sonora,0,Estatal,6200009558,Percentage of resolution in investigation folders for violent robbery.,2013,NA,Percentage of research folders determined
26,Sonora,0,Estatal,6200009559,Percentage of resolution in investigation folders for rape.,2010,NA,Percentage of research folders determined
26,Sonora,0,Estatal,6200009559,Percentage of resolution in investigation folders for rape.,2011,NA,Percentage of research folders determined
26,Sonora,0,Estatal,6200009559,Percentage of resolution in investigation folders for rape.,2012,NA,Percentage of research folders determined
26,Sonora,0,Estatal,6200009559,Percentage of resolution in investigation folders for rape.,2013,NA,Percentage of research folders determined
26,Sonora,0,Estatal,6200009560,Percentage of resolution in investigation folders for intentional homicide.,2010,NA,Percentage of research folders determined
26,Sonora,0,Estatal,6200009560,Percentage of resolution in investigation folders for intentional homicide.,2011,NA,Percentage of research folders determined
26,Sonora,0,Estatal,6200009560,Percentage of resolution in investigation folders for intentional homicide.,2012,NA,Percentage of research folders determined
26,Sonora,0,Estatal,6200009560,Percentage of resolution in investigation folders for intentional homicide.,2013,NA,Percentage of research folders determined
26,Sonora,0,Estatal,6200009562,Percentage of resolution on investigations.,2010,106.878761822872,Percentage of specific investigations
26,Sonora,0,Estatal,6200009562,Percentage of resolution on investigations.,2011,95.0955943474647,Percentage of specific investigations
26,Sonora,0,Estatal,6200009562,Percentage of resolution on investigations.,2012,88.339552238806,Percentage of specific investigations
26,Sonora,0,Estatal,6200009562,Percentage of resolution on investigations.,2013,86.2676056338028,Percentage of specific investigations
26,Sonora,0,Estatal,6200009563,Percentage of resolution in kidnapping investigations.,2010,NC,Percentage of specific investigations
26,Sonora,0,Estatal,6200009563,Percentage of resolution in kidnapping investigations.,2011,100,Percentage of specific investigations
26,Sonora,0,Estatal,6200009563,Percentage of resolution in kidnapping investigations.,2012,100,Percentage of specific investigations
26,Sonora,0,Estatal,6200009563,Percentage of resolution in kidnapping investigations.,2013,0,Percentage of specific investigations
26,Sonora,0,Estatal,6200009564,Percentage of resolution in rape investigations.,2010,NC,Percentage of specific investigations
26,Sonora,0,Estatal,6200009564,Percentage of resolution in rape investigations.,2011,79.5454545454545,Percentage of specific investigations
26,Sonora,0,Estatal,6200009564,Percentage of resolution in rape investigations.,2012,84.4444444444444,Percentage of specific investigations
26,Sonora,0,Estatal,6200009564,Percentage of resolution in rape investigations.,2013,79.4117647058823,Percentage of specific investigations
26,Sonora,0,Estatal,6200009565,Rate of resolution for intentional homicide investigations.,2010,NC,Percentage of specific investigations
26,Sonora,0,Estatal,6200009565,Rate of resolution for intentional homicide investigations.,2011,90,Percentage of specific investigations
26,Sonora,0,Estatal,6200009565,Rate of resolution for intentional homicide investigations.,2012,100,Percentage of specific investigations
26,Sonora,0,Estatal,6200009565,Rate of resolution for intentional homicide investigations.,2013,92.3076923076923,Percentage of specific investigations
26,Sonora,0,Estatal,6200009566,Percentage of resolution in violent theft investigations.,2010,NC,Percentage of specific investigations
26,Sonora,0,Estatal,6200009566,Percentage of resolution in violent theft investigations.,2011,NC,Percentage of specific investigations
26,Sonora,0,Estatal,6200009566,Percentage of resolution in violent theft investigations.,2012,NC,Percentage of specific investigations
26,Sonora,0,Estatal,6200009566,Percentage of resolution in violent theft investigations.,2013,94.2622950819672,Percentage of specific investigations
26,Sonora,0,Estatal,6200009567,Percentage of resolution on investigations for extortion.,2010,NC,Percentage of specific investigations
26,Sonora,0,Estatal,6200009567,Percentage of resolution on investigations for extortion.,2011,100,Percentage of specific investigations
26,Sonora,0,Estatal,6200009567,Percentage of resolution on investigations for extortion.,2012,0,Percentage of specific investigations
26,Sonora,0,Estatal,6200009567,Percentage of resolution on investigations for extortion.,2013,0,Percentage of specific investigations
26,Sonora,0,Estatal,6200029617,Preliminary investigation pending the prosecutors and attorneys general of justice at year-end,2010,9951,Preliminary investigations
26,Sonora,0,Estatal,6200029617,Preliminary investigation pending the prosecutors and attorneys general of justice at year-end,2011,18010,Preliminary investigations
26,Sonora,0,Estatal,6200029617,Preliminary investigation pending the prosecutors and attorneys general of justice at year-end,2012,15029,Preliminary investigations
26,Sonora,0,Estatal,6200029617,Preliminary investigation pending the prosecutors and attorneys general of justice at year-end,2013,14127,Preliminary investigations
26,Sonora,0,Estatal,6200029617,Preliminary investigation pending the prosecutors and attorneys general of justice at year-end,2014,13987,Preliminary investigations
26,Sonora,0,Estatal,6200029617,Preliminary investigation pending the prosecutors and attorneys general of justice at year-end,2015,13105,Preliminary investigations
26,Sonora,0,Estatal,6200030778,Preliminary investigation determined by public prosecutors specialized in adolescents (unspecified),2010,0,Preliminary investigations and research
26,Sonora,0,Estatal,6200030778,Preliminary investigation determined by public prosecutors specialized in adolescents (unspecified),2011,0,Preliminary investigations and research
26,Sonora,0,Estatal,6200030778,Preliminary investigation determined by public prosecutors specialized in adolescents (unspecified),2012,0,Preliminary investigations and research
26,Sonora,0,Estatal,6200030778,Preliminary investigation determined by public prosecutors specialized in adolescents (unspecified),2013,0,Preliminary investigations and research
26,Sonora,0,Estatal,6200030778,Preliminary investigation determined by public prosecutors specialized in adolescents (unspecified),2014,0,Preliminary investigations and research
26,Sonora,0,Estatal,6200030778,Preliminary investigation determined by public prosecutors specialized in adolescents (unspecified),2015,0,Preliminary investigations and research
26,Sonora,0,Estatal,6200030829,Preliminary investigation pending the prosecutors and attorneys general of justice at year-end (unspecified),2011,0,Preliminary investigations
26,Sonora,0,Estatal,6200030829,Preliminary investigation pending the prosecutors and attorneys general of justice at year-end (unspecified),2012,0,Preliminary investigations
26,Sonora,0,Estatal,6200030829,Preliminary investigation pending the prosecutors and attorneys general of justice at year-end (unspecified),2013,0,Preliminary investigations
26,Sonora,0,Estatal,6200030829,Preliminary investigation pending the prosecutors and attorneys general of justice at year-end (unspecified),2014,0,Preliminary investigations
26,Sonora,0,Estatal,6200030829,Preliminary investigation pending the prosecutors and attorneys general of justice at year-end (unspecified),2015,0,Preliminary investigations
26,Sonora,0,Estatal,6200030921,Prosecutor agencies of common law jurisdiction ascribed to prosecutors and attorneys general of justice (not specified),2010,0,Agencies
26,Sonora,0,Estatal,6200030921,Prosecutor agencies of common law jurisdiction ascribed to prosecutors and attorneys general of justice (not specified),2011,0,Agencies
26,Sonora,0,Estatal,6200030921,Prosecutor agencies of common law jurisdiction ascribed to prosecutors and attorneys general of justice (not specified),2012,0,Agencies
26,Sonora,0,Estatal,6200030921,Prosecutor agencies of common law jurisdiction ascribed to prosecutors and attorneys general of justice (not specified),2013,0,Agencies
26,Sonora,0,Estatal,6200030921,Prosecutor agencies of common law jurisdiction ascribed to prosecutors and attorneys general of justice (not specified),2014,0,Agencies
26,Sonora,0,Estatal,6200030921,Prosecutor agencies of common law jurisdiction ascribed to prosecutors and attorneys general of justice (not specified),2015,NA,Agencies
26,Sonora,0,Estatal,6203873820,Personnel in the agencies of the Public Prosecutor's Office of prosecutors and attorney's general of justice offices (except support staff).,2011,411,People
26,Sonora,0,Estatal,6203873820,Personnel in the agencies of the Public Prosecutor's Office of prosecutors and attorney's general of justice offices (except support staff).,2012,420,People
26,Sonora,0,Estatal,6203873820,Personnel in the agencies of the Public Prosecutor's Office of prosecutors and attorney's general of justice offices (except support staff).,2013,442,People
26,Sonora,0,Estatal,6203873820,Personnel in the agencies of the Public Prosecutor's Office of prosecutors and attorney's general of justice offices (except support staff).,2014,434,People

