﻿id_indicador,nombre,año,notas
6207048973,Vehículos de motor registrados en circulación,2019,"Para los años 2018 y 2019 la información tiene el carácter de cifras revisadas, derivado de la actualización realizada por los Gobiernos de los Estados de Baja California, Chiapas y Ciudad de México durante el año 2020 y para el 2021 los Gobiernos que actualizaron cifras fueron de Baja California, Baja California Sur, México, Puebla y Tabasco."
6207048973,Vehículos de motor registrados en circulación,2018,"Para los años 2018 y 2019 la información tiene el carácter de cifras revisadas, derivado de la actualización realizada por los Gobiernos de los Estados de Baja California, Chiapas y Ciudad de México durante el año 2020 y para el 2021 los Gobiernos que actualizaron cifras fueron de Baja California, Baja California Sur, México, Puebla y Tabasco."
6207048973,Vehículos de motor registrados en circulación,2017,"A partir del 2017 se dio una reestructuración en el gobierno del estado de Morelos, al entrar en vigor las adiciones a la Ley Orgánica de la Administración Pública del Estado de Morelos y la Ley del Transporte Estatal con la cuales se transfiere a la Secretaría de Hacienda parcialmente las atribuciones de la Secretaría de Movilidad y Transporte en relación al control vehicular, razón por la cual actualizaron las cifras del año 2016."
6207048973,Vehículos de motor registrados en circulación,2016,El municipio de Tlajomulco de Zúñiga incluye la localidad de Cajititlan.
6207048973,Vehículos de motor registrados en circulación,2015,"A partir de 2010, la fuente informante incluye las unidades vehiculares que prestan el Servicio Público Federal."

