﻿id_indicador,nombre,nota
1007000012,Conflictos de trabajo,"Los conflictos de trabajo comprenden individuales y colectivos, aunque estos últimos no necesariamente existen en todas las entidades y/o años."
1007000012,Conflictos de trabajo,El desglose por municipio se refiere al lugar donde se ubica el establecimiento.
1007000013,Conflictos de trabajo solucionados,Incluye solución de eventos iniciados en años anteriores.
1007000013,Conflictos de trabajo solucionados,El desglose por municipio se refiere al lugar donde se ubica el establecimiento.
1007000014,Huelgas estalladas,El desglose por municipio se refiere al lugar donde se ubica el establecimiento.
1007000015,Huelgas solucionadas,Incluye solución de eventos iniciados en años anteriores.
1007000015,Huelgas solucionadas,El desglose por municipio se refiere al lugar donde se ubica el establecimiento.

