﻿cve_entidad,desc_entidad,cve_municipio,desc_municipio,id_indicador,indicador,año,valor,unidad_medida
26,Sonora,0,Estatal,6200028376,Prevalence rate of corruption while making a personal process per hundred thousand population,2013,5075.48377444744,Rate
26,Sonora,0,Estatal,6200028376,Prevalence rate of corruption while making a personal process per hundred thousand population,2015,14096.70765862,Rate
26,Sonora,0,Estatal,6200028376,Prevalence rate of corruption while making a personal process per hundred thousand population,2017,15157.7854901729,Rate
26,Sonora,0,Estatal,6200028376,Prevalence rate of corruption while making a personal process per hundred thousand population,2019,12562.1058892389,Rate
26,Sonora,0,Estatal,6200028377,Population rate per hundred thousand population who were told about by an acquaintance about corruption acts in the processes they carried out during 2013,2013,32049.1924062907,Rate
26,Sonora,0,Estatal,6200028377,Population rate per hundred thousand population who were told about by an acquaintance about corruption acts in the processes they carried out during 2013,2015,52643.8374701171,Rate
26,Sonora,0,Estatal,6200028377,Population rate per hundred thousand population who were told about by an acquaintance about corruption acts in the processes they carried out during 2013,2017,59195.7361472887,Rate
26,Sonora,0,Estatal,6200028377,Population rate per hundred thousand population who were told about by an acquaintance about corruption acts in the processes they carried out during 2013,2019,37547.7573688886,Rate
26,Sonora,0,Estatal,6200028378,Population rate per hundred thousand population who believe or have heard there is corruption in the processes carried out during 2013,2013,45257.8686815171,Rate
26,Sonora,0,Estatal,6200028378,Population rate per hundred thousand population who believe or have heard there is corruption in the processes carried out during 2013,2015,68937.113778299,Rate
26,Sonora,0,Estatal,6200028378,Population rate per hundred thousand population who believe or have heard there is corruption in the processes carried out during 2013,2017,79468.553901255,Rate
26,Sonora,0,Estatal,6200028378,Population rate per hundred thousand population who believe or have heard there is corruption in the processes carried out during 2013,2019,51157.7314373713,Rate
26,Sonora,0,Estatal,6200028379,Percentage of processes made through call centers,2013,2.18829852409461,Percentage
26,Sonora,0,Estatal,6200028379,Percentage of processes made through call centers,2015,7.11325046622798,Percentage
26,Sonora,0,Estatal,6200028379,Percentage of processes made through call centers,2017,4.22719226621915,Percentage
26,Sonora,0,Estatal,6200028379,Percentage of processes made through call centers,2019,3.38475145997331,Percentage
26,Sonora,0,Estatal,6200028380,Percentage of banking operations carried out personally in ATMs,2013,31.2365871704764,Percentage
26,Sonora,0,Estatal,6200028380,Percentage of banking operations carried out personally in ATMs,2015,27.6515406056283,Percentage
26,Sonora,0,Estatal,6200028380,Percentage of banking operations carried out personally in ATMs,2017,31.3421530033809,Percentage
26,Sonora,0,Estatal,6200028380,Percentage of banking operations carried out personally in ATMs,2019,35.0498175024185,Percentage
26,Sonora,0,Estatal,6200028381,Percentage of processes carried out personally in government offices,2013,58.5266276636698,Percentage
26,Sonora,0,Estatal,6200028381,Percentage of processes carried out personally in government offices,2015,57.8810046057064,Percentage
26,Sonora,0,Estatal,6200028381,Percentage of processes carried out personally in government offices,2017,54.182352436951,Percentage
26,Sonora,0,Estatal,6200028381,Percentage of processes carried out personally in government offices,2019,52.163161806009,Percentage
26,Sonora,0,Estatal,6200028382,"Percentage of processes carried out personally in banks, supermarkets, stores or pharmacies",2013,7.22711969999713,Percentage
26,Sonora,0,Estatal,6200028382,"Percentage of processes carried out personally in banks, supermarkets, stores or pharmacies",2015,4.90286031654683,Percentage
26,Sonora,0,Estatal,6200028382,"Percentage of processes carried out personally in banks, supermarkets, stores or pharmacies",2017,6.0347693163347,Percentage
26,Sonora,0,Estatal,6200028382,"Percentage of processes carried out personally in banks, supermarkets, stores or pharmacies",2019,4.76726953176201,Percentage
26,Sonora,0,Estatal,6200028383,Percentage of processes made through the internet,2013,0.599881881420959,Percentage
26,Sonora,0,Estatal,6200028383,Percentage of processes made through the internet,2015,2.05282462074285,Percentage
26,Sonora,0,Estatal,6200028383,Percentage of processes made through the internet,2017,2.63877990089265,Percentage
26,Sonora,0,Estatal,6200028383,Percentage of processes made through the internet,2019,3.93432846511659,Percentage
26,Sonora,0,Estatal,6200028384,"Porcentaje de satisfacción general al realizar trámites, pagos y servicios generales",2013,86.1014710191265,Percentage
26,Sonora,0,Estatal,6200028384,"Porcentaje de satisfacción general al realizar trámites, pagos y servicios generales",2015,77.0876982132534,Percentage
26,Sonora,0,Estatal,6200028384,"Porcentaje de satisfacción general al realizar trámites, pagos y servicios generales",2017,82.9737097690237,Percentage
26,Sonora,0,Estatal,6200028385,Porcentaje de satisfacción general al utilizar servicios básicos y bajo demanda,2013,55.8363608445552,Percentage
26,Sonora,0,Estatal,6200028385,Porcentaje de satisfacción general al utilizar servicios básicos y bajo demanda,2015,45.802094831849,Percentage
26,Sonora,0,Estatal,6200028385,Porcentaje de satisfacción general al utilizar servicios básicos y bajo demanda,2017,47.69278941114095,Percentage
26,Sonora,0,Estatal,6200028386,Percentage of satisfaction with the services provided by the Federal Government,2013,76.6079999493768,Percentage
26,Sonora,0,Estatal,6200028386,Percentage of satisfaction with the services provided by the Federal Government,2015,65.0593482667525,Percentage
26,Sonora,0,Estatal,6200028386,Percentage of satisfaction with the services provided by the Federal Government,2017,65.18277226104566,Percentage
26,Sonora,0,Estatal,6200028387,Percentage of satisfaction with the services provided by the State,2013,48.5459959156313,Percentage
26,Sonora,0,Estatal,6200028387,Percentage of satisfaction with the services provided by the State,2015,39.5337963811686,Percentage
26,Sonora,0,Estatal,6200028387,Percentage of satisfaction with the services provided by the State,2017,40.48458616106609,Percentage
26,Sonora,0,Estatal,6200028388,Percentage of satisfaction with the services provided by the Municipality or Delegation,2013,51.2440080610738,Percentage
26,Sonora,0,Estatal,6200028388,Percentage of satisfaction with the services provided by the Municipality or Delegation,2015,40.6662951591874,Percentage
26,Sonora,0,Estatal,6200028388,Percentage of satisfaction with the services provided by the Municipality or Delegation,2017,42.6174849188536,Percentage
26,Sonora,0,Estatal,6200028389,Percentage of users who found barriers while carrying out the procedure,2013,80.4490631430701,Percentage
26,Sonora,0,Estatal,6200028389,Percentage of users who found barriers while carrying out the procedure,2015,89.8053499165812,Percentage
26,Sonora,0,Estatal,6200028389,Percentage of users who found barriers while carrying out the procedure,2017,82.4015140308379,Percentage
26,Sonora,0,Estatal,6200028389,Percentage of users who found barriers while carrying out the procedure,2019,86.4801555629242,Percentage
26,Sonora,0,Estatal,6200028390,Percentage of users who found information discrepancies while carrying out the process,2013,51.6636122465988,Percentage
26,Sonora,0,Estatal,6200028390,Percentage of users who found information discrepancies while carrying out the process,2015,21.489418656398,Percentage
26,Sonora,0,Estatal,6200028390,Percentage of users who found information discrepancies while carrying out the process,2017,49.8539278101958,Percentage
26,Sonora,0,Estatal,6200028390,Percentage of users who found information discrepancies while carrying out the process,2019,29.7812687976032,Percentage
26,Sonora,0,Estatal,6200028391,Percentage of users who faced problems with ICTs and other causes while carrying out the process,2013,3.39362664443795,Percentage
26,Sonora,0,Estatal,6200028391,Percentage of users who faced problems with ICTs and other causes while carrying out the process,2015,5.26034738623995,Percentage
26,Sonora,0,Estatal,6200028391,Percentage of users who faced problems with ICTs and other causes while carrying out the process,2017,1.7873054835214,Percentage
26,Sonora,0,Estatal,6200028391,Percentage of users who faced problems with ICTs and other causes while carrying out the process,2019,2.64941855524433,Percentage
26,Sonora,0,Estatal,6200028392,Percentage of processes in which the user faced some kind of problem,2013,50.1814872795181,Percentage
26,Sonora,0,Estatal,6200028392,Percentage of processes in which the user faced some kind of problem,2015,47.0426184351166,Percentage
26,Sonora,0,Estatal,6200028392,Percentage of processes in which the user faced some kind of problem,2017,51.1836416565657,Percentage
26,Sonora,0,Estatal,6200028392,Percentage of processes in which the user faced some kind of problem,2019,44.0441734122593,Percentage
26,Sonora,0,Estatal,6200028393,Percentage of processes in which the user did not face any problems,2013,49.8185127204819,Percentage
26,Sonora,0,Estatal,6200028393,Percentage of processes in which the user did not face any problems,2015,52.9573815648834,Percentage
26,Sonora,0,Estatal,6200028393,Percentage of processes in which the user did not face any problems,2017,48.8163583434343,Percentage
26,Sonora,0,Estatal,6200028393,Percentage of processes in which the user did not face any problems,2019,55.9558265877407,Percentage
26,Sonora,0,Estatal,6200032262,Percentage of the population aged 18 years and over who is satisfied with the public parks and gardens service.,2013,54.78353704,Percentage
26,Sonora,0,Estatal,6200032262,Percentage of the population aged 18 years and over who is satisfied with the public parks and gardens service.,2015,40.4561738537679,Percentage
26,Sonora,0,Estatal,6200032262,Percentage of the population aged 18 years and over who is satisfied with the public parks and gardens service.,2017,33.5907288156948,Percentage
26,Sonora,0,Estatal,6200032262,Percentage of the population aged 18 years and over who is satisfied with the public parks and gardens service.,2019,36.905117012605,Percentage
26,Sonora,0,Estatal,6200032263,Percentage of the population aged 18 years and over who is satisfied with the public university education service,2013,78.66107276,Percentage
26,Sonora,0,Estatal,6200032263,Percentage of the population aged 18 years and over who is satisfied with the public university education service,2015,78.8843621640162,Percentage
26,Sonora,0,Estatal,6200032263,Percentage of the population aged 18 years and over who is satisfied with the public university education service,2017,82.75342557990776,Percentage
26,Sonora,0,Estatal,6200032263,Percentage of the population aged 18 years and over who is satisfied with the public university education service,2019,87.5109238734096,Percentage
26,Sonora,0,Estatal,6200032264,Percentage of the population aged 18 and over who is satisfied with the Social Security Institute for Social Workers (ISSSTE) health service,2013,69.05600948,Percentage
26,Sonora,0,Estatal,6200032264,Percentage of the population aged 18 and over who is satisfied with the Social Security Institute for Social Workers (ISSSTE) health service,2015,54.2398915119143,Percentage
26,Sonora,0,Estatal,6200032264,Percentage of the population aged 18 and over who is satisfied with the Social Security Institute for Social Workers (ISSSTE) health service,2017,54.24161635971767,Percentage
26,Sonora,0,Estatal,6200032264,Percentage of the population aged 18 and over who is satisfied with the Social Security Institute for Social Workers (ISSSTE) health service,2019,54.1084997349355,Percentage
26,Sonora,0,Estatal,6200032265,Percentage of the population aged 18 years and over who is satisfied with the compulsory education service,2013,72.64760274,Percentage
26,Sonora,0,Estatal,6200032265,Percentage of the population aged 18 years and over who is satisfied with the compulsory education service,2015,71.7781091199847,Percentage
26,Sonora,0,Estatal,6200032265,Percentage of the population aged 18 years and over who is satisfied with the compulsory education service,2017,76.34607641666797,Percentage
26,Sonora,0,Estatal,6200032265,Percentage of the population aged 18 years and over who is satisfied with the compulsory education service,2019,79.0954838125328,Percentage
26,Sonora,0,Estatal,6200032267,Percentage of the population aged 18 years and over who is satisfied with state health or Seguro Popular services,2013,69.26027263,Percentage
26,Sonora,0,Estatal,6200032267,Percentage of the population aged 18 years and over who is satisfied with state health or Seguro Popular services,2015,58.1253346351296,Percentage
26,Sonora,0,Estatal,6200032267,Percentage of the population aged 18 years and over who is satisfied with state health or Seguro Popular services,2017,60.91056448845822,Percentage
26,Sonora,0,Estatal,6200032267,Percentage of the population aged 18 years and over who is satisfied with state health or Seguro Popular services,2019,64.8127328550614,Percentage
26,Sonora,0,Estatal,6200032268,Percentage of the population aged 18 years and over who is satisfied with the streets and avenues service.,2013,24.89361252,Percentage
26,Sonora,0,Estatal,6200032268,Percentage of the population aged 18 years and over who is satisfied with the streets and avenues service.,2015,19.9948668475099,Percentage
26,Sonora,0,Estatal,6200032268,Percentage of the population aged 18 years and over who is satisfied with the streets and avenues service.,2017,26.7419992904233,Percentage
26,Sonora,0,Estatal,6200032268,Percentage of the population aged 18 years and over who is satisfied with the streets and avenues service.,2019,17.7900063792839,Percentage
26,Sonora,0,Estatal,6200032269,Percentage of the population aged 18 years and over satisfied with the Mexican Social Security Institute (IMSS) health service.,2013,63.32135739,Percentage
26,Sonora,0,Estatal,6200032269,Percentage of the population aged 18 years and over satisfied with the Mexican Social Security Institute (IMSS) health service.,2015,43.2616951493181,Percentage
26,Sonora,0,Estatal,6200032269,Percentage of the population aged 18 years and over satisfied with the Mexican Social Security Institute (IMSS) health service.,2017,50.50206770562878,Percentage
26,Sonora,0,Estatal,6200032269,Percentage of the population aged 18 years and over satisfied with the Mexican Social Security Institute (IMSS) health service.,2019,54.0249159499206,Percentage
26,Sonora,0,Estatal,6200032270,"Percentage of population aged 18 years and over who consulted government websites to find information about its internal organization, actions, public resources or programs",2013,20.19304556,Percentage
26,Sonora,0,Estatal,6200032270,"Percentage of population aged 18 years and over who consulted government websites to find information about its internal organization, actions, public resources or programs",2015,14.0305892974596,Percentage
26,Sonora,0,Estatal,6200032270,"Percentage of population aged 18 years and over who consulted government websites to find information about its internal organization, actions, public resources or programs",2017,13.9812124486658,Percentage
26,Sonora,0,Estatal,6200032270,"Percentage of population aged 18 years and over who consulted government websites to find information about its internal organization, actions, public resources or programs",2019,14.1771462155489,Percentage
26,Sonora,0,Estatal,6200032271,"Percentage of population aged 18 years and over who used social networks to complaint, report or comment in government accounts",2013,6.55906553,Percentage
26,Sonora,0,Estatal,6200032271,"Percentage of population aged 18 years and over who used social networks to complaint, report or comment in government accounts",2015,6.24239208207102,Percentage
26,Sonora,0,Estatal,6200032271,"Percentage of population aged 18 years and over who used social networks to complaint, report or comment in government accounts",2017,3.10389579270465,Percentage
26,Sonora,0,Estatal,6200032271,"Percentage of population aged 18 years and over who used social networks to complaint, report or comment in government accounts",2019,5.44697810960555,Percentage
26,Sonora,0,Estatal,6200032272,Percentage of population aged 18 years and over with at least one interaction with the government through internet,2013,29.6672339097997,Percentage
26,Sonora,0,Estatal,6200032272,Percentage of population aged 18 years and over with at least one interaction with the government through internet,2015,27.9604961827336,Percentage
26,Sonora,0,Estatal,6200032272,Percentage of population aged 18 years and over with at least one interaction with the government through internet,2017,25.5483953749201,Percentage
26,Sonora,0,Estatal,6200032272,Percentage of population aged 18 years and over with at least one interaction with the government through internet,2019,26.8702967548347,Percentage
26,Sonora,0,Estatal,6200032273,Percentage of the population aged 18 years and over who is satisfied with the public lighting service.,2013,41.52690041,Percentage
26,Sonora,0,Estatal,6200032273,Percentage of the population aged 18 years and over who is satisfied with the public lighting service.,2015,32.1568070801193,Percentage
26,Sonora,0,Estatal,6200032273,Percentage of the population aged 18 years and over who is satisfied with the public lighting service.,2017,30.9209270256754,Percentage
26,Sonora,0,Estatal,6200032273,Percentage of the population aged 18 years and over who is satisfied with the public lighting service.,2019,40.0259453744285,Percentage
26,Sonora,0,Estatal,6200032274,"Percentage of population aged 18 years and over who used webpages for procedures, payments or services",2013,2.23302013464905,Percentage
26,Sonora,0,Estatal,6200032274,"Percentage of population aged 18 years and over who used webpages for procedures, payments or services",2015,3.51868525274999,Percentage
26,Sonora,0,Estatal,6200032274,"Percentage of population aged 18 years and over who used webpages for procedures, payments or services",2017,7.56209376152193,Percentage
26,Sonora,0,Estatal,6200032274,"Percentage of population aged 18 years and over who used webpages for procedures, payments or services",2019,8.18187456437761,Percentage
26,Sonora,0,Estatal,6200032275,Percentage of the population aged 18 years and over who is satisfied with the waste collection service.,2013,81.61128926,Percentage
26,Sonora,0,Estatal,6200032275,Percentage of the population aged 18 years and over who is satisfied with the waste collection service.,2015,68.4382919971512,Percentage
26,Sonora,0,Estatal,6200032275,Percentage of the population aged 18 years and over who is satisfied with the waste collection service.,2017,74.0048340881282,Percentage
26,Sonora,0,Estatal,6200032275,Percentage of the population aged 18 years and over who is satisfied with the waste collection service.,2019,75.3610497466007,Percentage
26,Sonora,0,Estatal,6200032276,Percentage of satisfaction with police service,2013,40.28615078,Percentage
26,Sonora,0,Estatal,6200032276,Percentage of satisfaction with police service,2015,30.3611115008199,Percentage
26,Sonora,0,Estatal,6200032276,Percentage of satisfaction with police service,2017,26.6650125335368,Percentage
26,Sonora,0,Estatal,6200032276,Percentage of satisfaction with police service,2019,25.3120976030432,Percentage
26,Sonora,0,Estatal,6200032277,Percentage of the population aged 18 years and over who is satisfied with the potable water service.,2013,62.07032508,Percentage
26,Sonora,0,Estatal,6200032277,Percentage of the population aged 18 years and over who is satisfied with the potable water service.,2015,52.6930482095449,Percentage
26,Sonora,0,Estatal,6200032277,Percentage of the population aged 18 years and over who is satisfied with the potable water service.,2017,58.0262172371494,Percentage
26,Sonora,0,Estatal,6200032277,Percentage of the population aged 18 years and over who is satisfied with the potable water service.,2019,58.4043373223547,Percentage
26,Sonora,0,Estatal,6200032278,Percentage of the population aged 18 years and over who is satisfied with the electrical energy service,2013,83.17575379,Percentage
26,Sonora,0,Estatal,6200032278,Percentage of the population aged 18 years and over who is satisfied with the electrical energy service,2015,78.1933228844979,Percentage
26,Sonora,0,Estatal,6200032278,Percentage of the population aged 18 years and over who is satisfied with the electrical energy service,2017,77.81195174077683,Percentage
26,Sonora,0,Estatal,6200032278,Percentage of the population aged 18 years and over who is satisfied with the electrical energy service,2019,77.5804569482793,Percentage
26,Sonora,0,Estatal,6204409470,Percentage of satisfaction with the drainage and sewerage service,2015,44.8213341079827,Percentage
26,Sonora,0,Estatal,6204409470,Percentage of satisfaction with the drainage and sewerage service,2017,50.2429797894304,Percentage
26,Sonora,0,Estatal,6204409472,Percentage of satisfaction with the service of highways and roads without fee,2015,30.265545735811,Percentage
26,Sonora,0,Estatal,6204409472,Percentage of satisfaction with the service of highways and roads without fee,2017,35.6253898614006,Percentage
26,Sonora,0,Estatal,6204409473,Percentage of satisfaction with the service of highways with toll booths,2015,58.3816278089736,Percentage
26,Sonora,0,Estatal,6204409473,Percentage of satisfaction with the service of highways with toll booths,2017,52.272144007993695,Percentage
26,Sonora,0,Estatal,6204409474,Percentage of satisfaction with the mass automotive transit service,2015,31.4492147383042,Percentage
26,Sonora,0,Estatal,6204409474,Percentage of satisfaction with the mass automotive transit service,2017,35.107872408616295,Percentage
26,Sonora,0,Estatal,6204409475,Percentage of the population aged 18 and over who continued or completed a process or made any payment for a service on government websites,2015,8.11343441737481,Percentage
26,Sonora,0,Estatal,6204409475,Percentage of the population aged 18 and over who continued or completed a process or made any payment for a service on government websites,2017,7.00788186706799,Percentage
26,Sonora,0,Estatal,6204409475,Percentage of the population aged 18 and over who continued or completed a process or made any payment for a service on government websites,2019,8.5662559510449,Percentage
26,Sonora,0,Estatal,6204409476,"Percentage of the population aged 18 and over who carried out the filling and sent some format on websites to start, continue or conclude procedures",2015,16.3463673042944,Percentage
26,Sonora,0,Estatal,6204409476,"Percentage of the population aged 18 and over who carried out the filling and sent some format on websites to start, continue or conclude procedures",2017,15.2400541380768,Percentage
26,Sonora,0,Estatal,6204409476,"Percentage of the population aged 18 and over who carried out the filling and sent some format on websites to start, continue or conclude procedures",2019,13.9929296270482,Percentage
26,Sonora,0,Estatal,6207020182,Rate of corruption incidence in population aged 18 and over,2013,9457.82841150552,"Cases per 100,000 inhabitants"
26,Sonora,0,Estatal,6207020182,Rate of corruption incidence in population aged 18 and over,2015,33255.5593371851,"Cases per 100,000 inhabitants"
26,Sonora,0,Estatal,6207020182,Rate of corruption incidence in population aged 18 and over,2017,61652.4279244613,"Cases per 100,000 inhabitants"
26,Sonora,0,Estatal,6207020183,Population aged 18 years and over who is user of the Mexican Social Security Institute (IMSS) health service,2013,607607,People
26,Sonora,0,Estatal,6207020183,Population aged 18 years and over who is user of the Mexican Social Security Institute (IMSS) health service,2015,463440,People
26,Sonora,0,Estatal,6207020183,Population aged 18 years and over who is user of the Mexican Social Security Institute (IMSS) health service,2017,479517,People
26,Sonora,0,Estatal,6207020184,Percentage of population aged 18 years and over who is victim of corruption,2013,5.07548377444744,Percentage
26,Sonora,0,Estatal,6207020184,Percentage of population aged 18 years and over who is victim of corruption,2015,14.09670765862,Percentage
26,Sonora,0,Estatal,6207020184,Percentage of population aged 18 years and over who is victim of corruption,2017,15.1577854901729,Percentage
26,Sonora,0,Estatal,6207020185,Population aged 18 years and over who is user of the Social Security Institute for Social Workers (ISSSTE) health service,2013,64132,People
26,Sonora,0,Estatal,6207020185,Population aged 18 years and over who is user of the Social Security Institute for Social Workers (ISSSTE) health service,2015,72266,People
26,Sonora,0,Estatal,6207020185,Population aged 18 years and over who is user of the Social Security Institute for Social Workers (ISSSTE) health service,2017,97899,People
26,Sonora,0,Estatal,6207020186,Population aged 18 years and over who is user of the electrical energy service,2013,1230807,People
26,Sonora,0,Estatal,6207020186,Population aged 18 years and over who is user of the electrical energy service,2015,1098049,People
26,Sonora,0,Estatal,6207020186,Population aged 18 years and over who is user of the electrical energy service,2017,1248839,People
26,Sonora,0,Estatal,6207020187,Population aged 18 years and over who is user of the compulsory education service,2013,474229,People
26,Sonora,0,Estatal,6207020187,Population aged 18 years and over who is user of the compulsory education service,2015,397709,People
26,Sonora,0,Estatal,6207020187,Population aged 18 years and over who is user of the compulsory education service,2017,382482,People
26,Sonora,0,Estatal,6207020188,Population aged 18 years and over who is satisfied with the potable water service,2013,791869,People
26,Sonora,0,Estatal,6207020188,Population aged 18 years and over who is satisfied with the potable water service,2015,638498,People
26,Sonora,0,Estatal,6207020188,Population aged 18 years and over who is satisfied with the potable water service,2017,750702,People
26,Sonora,0,Estatal,6207020189,"Population aged 18 years and over living in urban areas of 100,000 inhabitants and more",2013,1275761,People
26,Sonora,0,Estatal,6207020189,"Population aged 18 years and over living in urban areas of 100,000 inhabitants and more",2015,1211731,People
26,Sonora,0,Estatal,6207020189,"Population aged 18 years and over living in urban areas of 100,000 inhabitants and more",2017,1293729,People
26,Sonora,0,Estatal,6207020190,Population aged 18 years and over who is satisfied with the street and avenues service,2013,317583,People
26,Sonora,0,Estatal,6207020190,Population aged 18 years and over who is satisfied with the street and avenues service,2015,242284,People
26,Sonora,0,Estatal,6207020190,Population aged 18 years and over who is satisfied with the street and avenues service,2017,345969,People
26,Sonora,0,Estatal,6207020191,Population aged 18 years and over who is satisfied with the public lighting service,2013,529784,People
26,Sonora,0,Estatal,6207020191,Population aged 18 years and over who is satisfied with the public lighting service,2015,389654,People
26,Sonora,0,Estatal,6207020191,Population aged 18 years and over who is satisfied with the public lighting service,2017,400033,People
26,Sonora,0,Estatal,6207020192,Population aged 18 years and over who is user of state health or Seguro Popular services,2013,284713,People
26,Sonora,0,Estatal,6207020192,Population aged 18 years and over who is user of state health or Seguro Popular services,2015,254008,People
26,Sonora,0,Estatal,6207020192,Population aged 18 years and over who is user of state health or Seguro Popular services,2017,169038,People
26,Sonora,0,Estatal,6207020193,Population aged 18 years and over who is user of the public university education service,2013,138484,People
26,Sonora,0,Estatal,6207020193,Population aged 18 years and over who is user of the public university education service,2015,119537,People
26,Sonora,0,Estatal,6207020193,Population aged 18 years and over who is user of the public university education service,2017,118812,People
26,Sonora,0,Estatal,6207020194,Population aged 18 years and over who is satisfied with the waste collection service,2013,1041165,People
26,Sonora,0,Estatal,6207020194,Population aged 18 years and over who is satisfied with the waste collection service,2015,829288,People
26,Sonora,0,Estatal,6207020194,Population aged 18 years and over who is satisfied with the waste collection service,2017,957422,People
26,Sonora,0,Estatal,6207020195,Population aged 18 years and over who is satisfied with the public parks and gardens service,2013,698907,People
26,Sonora,0,Estatal,6207020195,Population aged 18 years and over who is satisfied with the public parks and gardens service,2015,490220,People
26,Sonora,0,Estatal,6207020195,Population aged 18 years and over who is satisfied with the public parks and gardens service,2017,434573,People
26,Sonora,0,Estatal,6207020196,Population aged 18 years and over who is user of the Mexican Social Security Institute (IMSS) health service that is satisfied with it,2013,384745,People
26,Sonora,0,Estatal,6207020196,Population aged 18 years and over who is user of the Mexican Social Security Institute (IMSS) health service that is satisfied with it,2015,200492,People
26,Sonora,0,Estatal,6207020196,Population aged 18 years and over who is user of the Mexican Social Security Institute (IMSS) health service that is satisfied with it,2017,242166,People
26,Sonora,0,Estatal,6207020197,Population aged 18 years and over who is user of the Social Security Institute for Social Workers (ISSSTE) health service that is satisfied with it,2013,44287,People
26,Sonora,0,Estatal,6207020197,Population aged 18 years and over who is user of the Social Security Institute for Social Workers (ISSSTE) health service that is satisfied with it,2015,39197,People
26,Sonora,0,Estatal,6207020197,Population aged 18 years and over who is user of the Social Security Institute for Social Workers (ISSSTE) health service that is satisfied with it,2017,53102,People
26,Sonora,0,Estatal,6207020198,Population aged 18 years and over who is user of the electrical energy service that is satisfied with it,2013,1023733,People
26,Sonora,0,Estatal,6207020198,Population aged 18 years and over who is user of the electrical energy service that is satisfied with it,2015,858601,People
26,Sonora,0,Estatal,6207020198,Population aged 18 years and over who is user of the electrical energy service that is satisfied with it,2017,971746,People
26,Sonora,0,Estatal,6207020199,Population aged 18 years and over who is user of the compulsory education service that is satisfied with it,2013,344516,People
26,Sonora,0,Estatal,6207020199,Population aged 18 years and over who is user of the compulsory education service that is satisfied with it,2015,285468,People
26,Sonora,0,Estatal,6207020199,Population aged 18 years and over who is user of the compulsory education service that is satisfied with it,2017,292010,People
26,Sonora,0,Estatal,6207020200,Population aged 18 years and over who is user of the public university education service that is satisfied with it,2013,108933,People
26,Sonora,0,Estatal,6207020200,Population aged 18 years and over who is user of the public university education service that is satisfied with it,2015,94296,People
26,Sonora,0,Estatal,6207020200,Population aged 18 years and over who is user of the public university education service that is satisfied with it,2017,98321,People
26,Sonora,0,Estatal,6207020201,Population aged 18 years and over who is user of the state health or Seguro Popular services that is satisfied with them,2013,197193,People
26,Sonora,0,Estatal,6207020201,Population aged 18 years and over who is user of the state health or Seguro Popular services that is satisfied with them,2015,147643,People
26,Sonora,0,Estatal,6207020201,Population aged 18 years and over who is user of the state health or Seguro Popular services that is satisfied with them,2017,102962,People
26,Sonora,0,Estatal,6207020202,"Population aged 18 years and over who personally performed at least one process, payment or service request with a public server.",2013,888999,People
26,Sonora,0,Estatal,6207020202,"Population aged 18 years and over who personally performed at least one process, payment or service request with a public server.",2015,975476,People
26,Sonora,0,Estatal,6207020202,"Population aged 18 years and over who personally performed at least one process, payment or service request with a public server.",2017,1081088,People
26,Sonora,0,Estatal,6207020203,"Population aged 18 years and over who is victim of corruption in at least one procedure, payment or request for some service personally",2013,45121,People
26,Sonora,0,Estatal,6207020203,"Population aged 18 years and over who is victim of corruption in at least one procedure, payment or request for some service personally",2015,137510,People
26,Sonora,0,Estatal,6207020203,"Population aged 18 years and over who is victim of corruption in at least one procedure, payment or request for some service personally",2017,163869,People
26,Sonora,0,Estatal,6207020204,"Procedures, payments or requests for services performed personally with a public server in which there was corruption",2013,84080,Processes
26,Sonora,0,Estatal,6207020204,"Procedures, payments or requests for services performed personally with a public server in which there was corruption",2015,324400,Processes
26,Sonora,0,Estatal,6207020204,"Procedures, payments or requests for services performed personally with a public server in which there was corruption",2017,666517,Processes
26,Sonora,0,Estatal,6207068399,Population aged 18 years and satisfied with the drainage and sewage service.,2015,543114,People
26,Sonora,0,Estatal,6207068399,Population aged 18 years and satisfied with the drainage and sewage service.,2017,650008,People
26,Sonora,0,Estatal,6207068400,Percentage of population aged 18 years and over satisfied with the drainage and sewage service,2015,44.8213341079827,Percentage
26,Sonora,0,Estatal,6207068400,Percentage of population aged 18 years and over satisfied with the drainage and sewage service,2017,50.2429797894304,Percentage
26,Sonora,0,Estatal,6207068475,"Percentage of the population aged 18 years and over that requested online some form or application to start, continue or finish some procedure",2015,16.3463673042944,Percentage
26,Sonora,0,Estatal,6207068475,"Percentage of the population aged 18 years and over that requested online some form or application to start, continue or finish some procedure",2017,15.2400541380768,Percentage
26,Sonora,0,Estatal,6207068476,Percentage of the population aged 18 years and over that made payments for procedures or services in the portal of  a public institution or government office,2015,8.11343441737481,Percentage
26,Sonora,0,Estatal,6207068476,Percentage of the population aged 18 years and over that made payments for procedures or services in the portal of  a public institution or government office,2017,7.00788186706799,Percentage

