﻿id_indicador,nombre,año,notas
6200001599,Regidores,2014,El total corresponde a la suma de las cifras proporcionadas por los gobiernos municipales o delegacionales que contaron con datos o elementos para responder sobre el tema.
6200001599,Regidores,2008,"Esta Entidad cuenta con 2 gobiernos municipales que al momento de la aplicación del cuestionario, no proporcionaron información para esta sección de la Encuesta."
6200001603,Síndicos,2014,El total corresponde a la suma de las cifras proporcionadas por los gobiernos municipales o delegacionales que contaron con datos o elementos para responder sobre el tema.
6200001603,Síndicos,2008,"De los 2 440 municipios y 16 delegaciones del Distrito Federal que conforman el territorio nacional, 48 no proporcionaron información para esta sección; 16 No les aplicó el tema; el total corresponde a la suma de las cifras proporcionadas por los gobiernos municipales o delegacionales del Distrito Federal que contaron con datos o elementos para responder sobre el tema."
6200001604,Auditorías realizadas a las administraciones públicas municipales,2014,El total corresponde a la suma de las cifras proporcionadas por los gobiernos municipales o delegacionales que contaron con datos o elementos para responder sobre el tema.
6200001617,Instituciones de las administraciones públicas municipales,2008,"Esta Entidad cuenta con 1 gobierno municipal que al momento de la aplicación del cuestionario, no tuvo datos o elementos para responder sobre este tema."
6200001618,Instituciones de las administraciones públicas municipales consideradas en la administración central,2008,"Esta Entidad cuenta con 2 gobiernos municipales que al momento de la aplicación del cuestionario, no tuvieron datos o elementos para responder sobre este tema."
6200001619,Instituciones de las administraciones públicas municipales consideradas en la administración paramunicipal,2008,"Esta Entidad cuenta con 1 gobierno municipal que al momento de la aplicación del cuestionario, no tuvo datos o elementos para responder sobre este tema."
6200001661,Intervenciones registradas por la policía municipal,2008,"Esta Entidad cuenta con 18 gobiernos municipales que al momento de la aplicación del cuestionario, no tuvieron datos o elementos para responder sobre este tema."
6200001666,Personal destinado a funciones de seguridad pública municipal,2014,El total corresponde a la suma de las cifras proporcionadas por los gobiernos municipales o delegacionales que contaron con datos o elementos para responder sobre el tema.
6200001666,Personal destinado a funciones de seguridad pública municipal,2008,"Esta Entidad cuenta con 2 gobiernos municipales que al momento de la aplicación del cuestionario, no tuvieron datos o elementos para responder sobre este tema."
6200001667,Personal destinado a funciones de seguridad pública municipal (hombre),2008,"De los 2 440 municipios y 16 delegaciones del Distrito Federal que conforman el territorio nacional, 42 no tuvieron elementos para responder sobre este tema; 49 no proporcionaron información para esta sección; 16 No les aplicó el tema; el total corresponde a la suma de las cifras proporcionadas por los gobiernos municipales o delegacionales del Distrito Federal que contaron con datos o elementos para responder sobre el tema."
6200001668,Personal destinado a funciones de seguridad pública municipal (mujer),2008,"De los 2 440 municipios y 16 delegaciones del Distrito Federal que conforman el territorio nacional, 57 no tuvieron elementos para responder sobre este tema; 49 no proporcionaron información para esta sección; 16 No les aplicó el tema; el total corresponde a la suma de las cifras proporcionadas por los gobiernos municipales o delegacionales del Distrito Federal que contaron con datos o elementos para responder sobre el tema."
6200001685,Personal destinado a funciones de justicia municipal,2014,El total corresponde a la suma de las cifras proporcionadas por los gobiernos municipales o delegacionales que contaron con datos o elementos para responder sobre el tema.
6200001685,Personal destinado a funciones de justicia municipal,2008,"Esta Entidad cuenta con 3 gobiernos municipales que al momento de la aplicación del cuestionario, no tuvieron datos o elementos para responder sobre este tema."
6200001686,Personal destinado a funciones de justicia municipal (hombre),2008,"Esta Entidad cuenta con 1 gobierno municipal que al momento de la aplicación del cuestionario, no tuvo datos o elementos para responder sobre este tema."
6200001687,Personal destinado a funciones de justicia municipal (mujer),2008,"Esta Entidad cuenta con 3 gobiernos municipales que al momento de la aplicación del cuestionario, no tuvieron datos o elementos para responder sobre este tema."
6200001689,Celdas para ejecutar arrestos dictados por el juez cívico u oficial calificador,2008,"Esta Entidad cuenta con 19 gobiernos municipales que al momento de la aplicación del cuestionario, no tuvieron datos o elementos para responder sobre este tema y 2 que no proporcionaron información para esta sección de la Encuesta."
6200001691,Celdas para ejecutar arrestos dictados por el juez cívico u oficial calificador ( superficie en metros cuadrados),2008,"De los 2 440 municipios y 16 delegaciones del Distrito Federal que conforman el territorio nacional, 88 No tuvieron elementos para reponder sobre el tema; 45 no proporcionaron información para esta sección; 16 No les aplicó el tema; el total corresponde a la suma de las cifras proporcionadas por los gobiernos municipales o delegacionales del Distrito Federal que contaron con datos o elementos para responder sobre el tema."
6200001693,Personal destinado a funciones de justicia municipal (jueces cívicos u oficiales calificadores),2008,"De los 2 440 municipios y 16 delegaciones del Distrito Federal que conforman el territorio nacional, 129 No tuvieron elementos para reponder sobre el tema; 49 no proporcionaron información para esta sección; 16 No les aplicó el tema; el total corresponde a la suma de las cifras proporcionadas por los gobiernos municipales o delegacionales del Distrito Federal que contaron con datos o elementos para responder sobre el tema."
6200001694,Personal destinado a funciones de justicia municipal (personal administrativo de apoyo),2008,"De los 2 440 municipios y 16 delegaciones del Distrito Federal que conforman el territorio nacional, 150 No tuvieron elementos para reponder sobre el tema; 49 no proporcionaron información para esta sección; 16 No les aplicó el tema; el total corresponde a la suma de las cifras proporcionadas por los gobiernos municipales o delegacionales del Distrito Federal que contaron con datos o elementos para responder sobre el tema."
6200001695,Personal destinado a funciones de justicia municipal (personal médico),2008,"De los 2 440 municipios y 16 delegaciones del Distrito Federal que conforman el territorio nacional, 167 no tuvieron elementos para responder sobre este tema; 49 no proporcionaron información para esta sección; 16 No les aplicó el tema; el total corresponde a la suma de las cifras proporcionadas por los gobiernos municipales o delegacionales del Distrito Federal que contaron con datos o elementos para responder sobre el tema."
6200001696,Personal destinado a funciones de justicia municipal (policías),2008,"De los 2 440 municipios y 16 delegaciones del Distrito Federal que conforman el territorio nacional, 162 No tuvieron elementos para reponder sobre el tema; 49 no proporcionaron información para esta sección; 16 No les aplicó el tema; el total corresponde a la suma de las cifras proporcionadas por los gobiernos municipales o delegacionales del Distrito Federal que contaron con datos o elementos para responder sobre el tema.."
6200001697,Personal destinado a funciones de justicia municipal (secretarios),2008,"De los 2 440 municipios y 16 delegaciones del Distrito Federal que conforman el territorio nacional, 151 No tuvieron elementos para reponder sobre el tema; 49 no proporcionaron información para esta sección; 16 No les aplicó el tema; el total corresponde a la suma de las cifras proporcionadas por los gobiernos municipales o delegacionales del Distrito Federal que contaron con datos o elementos para responder sobre el tema."
6200089265,"Cantidad de tomas de agua en operación sin macromedidor, para abastecimiento público",2014,Información agrupada para los municipios de Monclova y Frontera
6200089265,"Cantidad de tomas de agua en operación sin macromedidor, para abastecimiento público",2012,Información agrupada para los municipios de Monclova y Frontera
6200089265,"Cantidad de tomas de agua en operación sin macromedidor, para abastecimiento público",2010,"Información agrupada para los municipios de Guadalajara, Tonalá, Tlaquepaque y Zapopan"
6200089270,"Cantidad de tomas de agua en operación con macromedidor sin funcionar, para abastecimiento público",2014,Información agrupada para los municipios de Monclova y Frontera
6200089270,"Cantidad de tomas de agua en operación con macromedidor sin funcionar, para abastecimiento público",2012,Información agrupada para los municipios de Monclova y Frontera
6200089270,"Cantidad de tomas de agua en operación con macromedidor sin funcionar, para abastecimiento público",2010,"Información agrupada para los municipios de Guadalajara, Tonalá, Tlaquepaque y Zapopan"
6200089271,"Cantidad de tomas de agua en operación con macromedidor funcionando, para abastecimiento público",2014,Información agrupada para los municipios de Monclova y Frontera
6200089271,"Cantidad de tomas de agua en operación con macromedidor funcionando, para abastecimiento público",2012,Información agrupada para los municipios de Monclova y Frontera
6200089271,"Cantidad de tomas de agua en operación con macromedidor funcionando, para abastecimiento público",2010,Información agrupada para los municipios de Monclova y Frontera
6200089278,Cantidad de puntos de descarga de aguas residuales municipales sin tratamiento con salida a un río o arroyo,2014,Información agrupada para los municipios de Monclova y Frontera
6200089278,Cantidad de puntos de descarga de aguas residuales municipales sin tratamiento con salida a un río o arroyo,2012,Información agrupada para los municipios de Monclova y Frontera
6200089278,Cantidad de puntos de descarga de aguas residuales municipales sin tratamiento con salida a un río o arroyo,2010,"Información agrupada para los municipios de Guadalajara, Tonalá, Tlaquepaque y Zapopan"
6200089279,Cantidad de puntos de descarga de aguas residuales municipales sin tratamiento con salida al cuerpo de una presa,2014,Información agrupada para los municipios de Monclova y Frontera
6200089279,Cantidad de puntos de descarga de aguas residuales municipales sin tratamiento con salida al cuerpo de una presa,2012,Información agrupada para los municipios de Monclova y Frontera
6200089279,Cantidad de puntos de descarga de aguas residuales municipales sin tratamiento con salida al cuerpo de una presa,2010,"Información agrupada para los municipios de Guadalajara, Tonalá, Tlaquepaque y Zapopan"
6200089280,Cantidad de puntos de descarga de aguas residuales municipales sin tratamiento con salida al mar,2014,Información agrupada para los municipios de Monclova y Frontera
6200089280,Cantidad de puntos de descarga de aguas residuales municipales sin tratamiento con salida al mar,2012,Información agrupada para los municipios de Monclova y Frontera
6200089280,Cantidad de puntos de descarga de aguas residuales municipales sin tratamiento con salida al mar,2010,"Información agrupada para los municipios de Guadalajara, Tonalá, Tlaquepaque y Zapopan"
6200089281,Cantidad de puntos de descarga de aguas residuales municipales sin tratamiento con salida a un lago o laguna,2014,Información agrupada para los municipios de Monclova y Frontera
6200089281,Cantidad de puntos de descarga de aguas residuales municipales sin tratamiento con salida a un lago o laguna,2012,Información agrupada para los municipios de Monclova y Frontera
6200089281,Cantidad de puntos de descarga de aguas residuales municipales sin tratamiento con salida a un lago o laguna,2010,"Información agrupada para los municipios de Guadalajara, Tonalá, Tlaquepaque y Zapopan"
6200089283,Cantidad de puntos de descarga de aguas residuales municipales sin tratamiento con salida a un canal,2014,Información agrupada para los municipios de Monclova y Frontera
6200089283,Cantidad de puntos de descarga de aguas residuales municipales sin tratamiento con salida a un canal,2012,Información agrupada para los municipios de Monclova y Frontera
6200089283,Cantidad de puntos de descarga de aguas residuales municipales sin tratamiento con salida a un canal,2010,"Información agrupada para los municipios de Guadalajara, Tonalá, Tlaquepaque y Zapopan"
6200089284,Cantidad de puntos de descarga de aguas residuales municipales sin tratamiento con salida al suelo o barranca,2014,Información agrupada para los municipios de Monclova y Frontera
6200089284,Cantidad de puntos de descarga de aguas residuales municipales sin tratamiento con salida al suelo o barranca,2012,Información agrupada para los municipios de Monclova y Frontera
6200089284,Cantidad de puntos de descarga de aguas residuales municipales sin tratamiento con salida al suelo o barranca,2010,"Información agrupada para los municipios de Guadalajara, Tonalá, Tlaquepaque y Zapopan"
6200093527,Cantidad de puntos de descarga de aguas residuales municipales sin tratamiento,2014,"Información agrupada para los municipios de Guadalajara, Tonalá, Tlaquepaque y Zapopan"
6200093527,Cantidad de puntos de descarga de aguas residuales municipales sin tratamiento,2012,Información agrupada para los municipios de Monclova y Frontera
6200093527,Cantidad de puntos de descarga de aguas residuales municipales sin tratamiento,2010,"Información agrupada para los municipios de Guadalajara, Tonalá, Tlaquepaque y Zapopan"
6200093528,Cantidad de tomas de agua en operación para abastecimiento público,2014,Información agrupada para los municipios de Monclova y Frontera
6200093528,Cantidad de tomas de agua en operación para abastecimiento público,2012,Información agrupada para los municipios de Monclova y Frontera
6200093528,Cantidad de tomas de agua en operación para abastecimiento público,2010,"Información agrupada para los municipios de Guadalajara, Tonalá, Tlaquepaque y Zapopan"
6200101795,Cantidad promedio diaria de residuos sólidos urbanos recolectados,2012,El dato proporcionado por el informante es menor a 100 kilogramos diarios
6200101795,Cantidad promedio diaria de residuos sólidos urbanos recolectados,2010,El dato proporcionado por el informante es menor a 100 kilogramos diarios

