﻿cve_entidad,desc_entidad,cve_municipio,desc_municipio,id_indicador,indicador,año,valor,unidad_medida
26,Sonora,0,Estatal,6200028376,Tasa de prevalencia de corrupción al realizar un trámite personal por cada cien mil habitantes,2013,5075.48377444744,Tasa
26,Sonora,0,Estatal,6200028376,Tasa de prevalencia de corrupción al realizar un trámite personal por cada cien mil habitantes,2015,14096.70765862,Tasa
26,Sonora,0,Estatal,6200028376,Tasa de prevalencia de corrupción al realizar un trámite personal por cada cien mil habitantes,2017,15157.7854901729,Tasa
26,Sonora,0,Estatal,6200028376,Tasa de prevalencia de corrupción al realizar un trámite personal por cada cien mil habitantes,2019,12562.1058892389,Tasa
26,Sonora,0,Estatal,6200028377,Tasa de población por cada cien mil habitantes a la que algún conocido le refirió actos de corrupción en los trámites que realizó,2013,32049.1924062907,Tasa
26,Sonora,0,Estatal,6200028377,Tasa de población por cada cien mil habitantes a la que algún conocido le refirió actos de corrupción en los trámites que realizó,2015,52643.8374701171,Tasa
26,Sonora,0,Estatal,6200028377,Tasa de población por cada cien mil habitantes a la que algún conocido le refirió actos de corrupción en los trámites que realizó,2017,59195.7361472887,Tasa
26,Sonora,0,Estatal,6200028377,Tasa de población por cada cien mil habitantes a la que algún conocido le refirió actos de corrupción en los trámites que realizó,2019,37547.7573688886,Tasa
26,Sonora,0,Estatal,6200028378,Tasa de población por cada cien mil habitantes que cree o ha escuchado existe corrupción en los trámites que realizó,2013,45257.8686815171,Tasa
26,Sonora,0,Estatal,6200028378,Tasa de población por cada cien mil habitantes que cree o ha escuchado existe corrupción en los trámites que realizó,2015,68937.113778299,Tasa
26,Sonora,0,Estatal,6200028378,Tasa de población por cada cien mil habitantes que cree o ha escuchado existe corrupción en los trámites que realizó,2017,79468.553901255,Tasa
26,Sonora,0,Estatal,6200028378,Tasa de población por cada cien mil habitantes que cree o ha escuchado existe corrupción en los trámites que realizó,2019,51157.7314373713,Tasa
26,Sonora,0,Estatal,6200028379,Porcentaje de trámites realizados personalmente a través de líneas de atención telefónica,2013,2.18829852409461,Porcentaje
26,Sonora,0,Estatal,6200028379,Porcentaje de trámites realizados personalmente a través de líneas de atención telefónica,2015,7.11325046622798,Porcentaje
26,Sonora,0,Estatal,6200028379,Porcentaje de trámites realizados personalmente a través de líneas de atención telefónica,2017,4.22719226621915,Porcentaje
26,Sonora,0,Estatal,6200028379,Porcentaje de trámites realizados personalmente a través de líneas de atención telefónica,2019,3.38475145997331,Porcentaje
26,Sonora,0,Estatal,6200028380,Porcentaje de trámites realizados personalmente en cajero automático o kiosco inteligente,2013,31.2365871704764,Porcentaje
26,Sonora,0,Estatal,6200028380,Porcentaje de trámites realizados personalmente en cajero automático o kiosco inteligente,2015,27.6515406056283,Porcentaje
26,Sonora,0,Estatal,6200028380,Porcentaje de trámites realizados personalmente en cajero automático o kiosco inteligente,2017,31.3421530033809,Porcentaje
26,Sonora,0,Estatal,6200028380,Porcentaje de trámites realizados personalmente en cajero automático o kiosco inteligente,2019,35.0498175024185,Porcentaje
26,Sonora,0,Estatal,6200028381,Porcentaje de trámites realizados personalmente en instalaciones de gobierno,2013,58.5266276636698,Porcentaje
26,Sonora,0,Estatal,6200028381,Porcentaje de trámites realizados personalmente en instalaciones de gobierno,2015,57.8810046057064,Porcentaje
26,Sonora,0,Estatal,6200028381,Porcentaje de trámites realizados personalmente en instalaciones de gobierno,2017,54.182352436951,Porcentaje
26,Sonora,0,Estatal,6200028381,Porcentaje de trámites realizados personalmente en instalaciones de gobierno,2019,52.163161806009,Porcentaje
26,Sonora,0,Estatal,6200028382,"Porcentaje de trámites realizados personalmente en bancos, supermercados, tiendas o farmacias",2013,7.22711969999713,Porcentaje
26,Sonora,0,Estatal,6200028382,"Porcentaje de trámites realizados personalmente en bancos, supermercados, tiendas o farmacias",2015,4.90286031654683,Porcentaje
26,Sonora,0,Estatal,6200028382,"Porcentaje de trámites realizados personalmente en bancos, supermercados, tiendas o farmacias",2017,6.0347693163347,Porcentaje
26,Sonora,0,Estatal,6200028382,"Porcentaje de trámites realizados personalmente en bancos, supermercados, tiendas o farmacias",2019,4.76726953176201,Porcentaje
26,Sonora,0,Estatal,6200028383,Porcentaje de trámites realizados personalmente a través de internet,2013,0.599881881420959,Porcentaje
26,Sonora,0,Estatal,6200028383,Porcentaje de trámites realizados personalmente a través de internet,2015,2.05282462074285,Porcentaje
26,Sonora,0,Estatal,6200028383,Porcentaje de trámites realizados personalmente a través de internet,2017,2.63877990089265,Porcentaje
26,Sonora,0,Estatal,6200028383,Porcentaje de trámites realizados personalmente a través de internet,2019,3.93432846511659,Porcentaje
26,Sonora,0,Estatal,6200028384,"Porcentaje de satisfacción general al realizar trámites, pagos y servicios generales",2013,86.1014710191265,Porcentaje
26,Sonora,0,Estatal,6200028384,"Porcentaje de satisfacción general al realizar trámites, pagos y servicios generales",2015,77.0876982132534,Porcentaje
26,Sonora,0,Estatal,6200028384,"Porcentaje de satisfacción general al realizar trámites, pagos y servicios generales",2017,82.9737097690237,Porcentaje
26,Sonora,0,Estatal,6200028385,Porcentaje de satisfacción general al utilizar servicios básicos y bajo demanda,2013,55.8363608445552,Porcentaje
26,Sonora,0,Estatal,6200028385,Porcentaje de satisfacción general al utilizar servicios básicos y bajo demanda,2015,45.802094831849,Porcentaje
26,Sonora,0,Estatal,6200028385,Porcentaje de satisfacción general al utilizar servicios básicos y bajo demanda,2017,47.69278941114095,Porcentaje
26,Sonora,0,Estatal,6200028386,Porcentaje de satisfacción con los servicios provistos por el Gobierno Federal,2013,76.6079999493768,Porcentaje
26,Sonora,0,Estatal,6200028386,Porcentaje de satisfacción con los servicios provistos por el Gobierno Federal,2015,65.0593482667525,Porcentaje
26,Sonora,0,Estatal,6200028386,Porcentaje de satisfacción con los servicios provistos por el Gobierno Federal,2017,65.18277226104566,Porcentaje
26,Sonora,0,Estatal,6200028387,Porcentaje de satisfacción con los servicios provistos por la Entidad Federativa,2013,48.5459959156313,Porcentaje
26,Sonora,0,Estatal,6200028387,Porcentaje de satisfacción con los servicios provistos por la Entidad Federativa,2015,39.5337963811686,Porcentaje
26,Sonora,0,Estatal,6200028387,Porcentaje de satisfacción con los servicios provistos por la Entidad Federativa,2017,40.48458616106609,Porcentaje
26,Sonora,0,Estatal,6200028388,Porcentaje de satisfacción con los servicios provistos por el Municipio o Delegación,2013,51.2440080610738,Porcentaje
26,Sonora,0,Estatal,6200028388,Porcentaje de satisfacción con los servicios provistos por el Municipio o Delegación,2015,40.6662951591874,Porcentaje
26,Sonora,0,Estatal,6200028388,Porcentaje de satisfacción con los servicios provistos por el Municipio o Delegación,2017,42.6174849188536,Porcentaje
26,Sonora,0,Estatal,6200028389,Porcentaje de usuarios que enfrentaron barreras al realizar el trámite,2013,80.4490631430701,Porcentaje
26,Sonora,0,Estatal,6200028389,Porcentaje de usuarios que enfrentaron barreras al realizar el trámite,2015,89.8053499165812,Porcentaje
26,Sonora,0,Estatal,6200028389,Porcentaje de usuarios que enfrentaron barreras al realizar el trámite,2017,82.4015140308379,Porcentaje
26,Sonora,0,Estatal,6200028389,Porcentaje de usuarios que enfrentaron barreras al realizar el trámite,2019,86.4801555629242,Porcentaje
26,Sonora,0,Estatal,6200028390,Porcentaje de usuarios que enfrentaron asimetrías de información al realizar el trámite,2013,51.6636122465988,Porcentaje
26,Sonora,0,Estatal,6200028390,Porcentaje de usuarios que enfrentaron asimetrías de información al realizar el trámite,2015,21.489418656398,Porcentaje
26,Sonora,0,Estatal,6200028390,Porcentaje de usuarios que enfrentaron asimetrías de información al realizar el trámite,2017,49.8539278101958,Porcentaje
26,Sonora,0,Estatal,6200028390,Porcentaje de usuarios que enfrentaron asimetrías de información al realizar el trámite,2019,29.7812687976032,Porcentaje
26,Sonora,0,Estatal,6200028391,Porcentaje de usuarios que enfrentaron problemas con las TICs y otra causas al realizar el trámite,2013,3.39362664443795,Porcentaje
26,Sonora,0,Estatal,6200028391,Porcentaje de usuarios que enfrentaron problemas con las TICs y otra causas al realizar el trámite,2015,5.26034738623995,Porcentaje
26,Sonora,0,Estatal,6200028391,Porcentaje de usuarios que enfrentaron problemas con las TICs y otra causas al realizar el trámite,2017,1.7873054835214,Porcentaje
26,Sonora,0,Estatal,6200028391,Porcentaje de usuarios que enfrentaron problemas con las TICs y otra causas al realizar el trámite,2019,2.64941855524433,Porcentaje
26,Sonora,0,Estatal,6200028392,Porcentaje de trámites en los que el usuario si enfrentó algún problema,2013,50.1814872795181,Porcentaje
26,Sonora,0,Estatal,6200028392,Porcentaje de trámites en los que el usuario si enfrentó algún problema,2015,47.0426184351166,Porcentaje
26,Sonora,0,Estatal,6200028392,Porcentaje de trámites en los que el usuario si enfrentó algún problema,2017,51.1836416565657,Porcentaje
26,Sonora,0,Estatal,6200028392,Porcentaje de trámites en los que el usuario si enfrentó algún problema,2019,44.0441734122593,Porcentaje
26,Sonora,0,Estatal,6200028393,Porcentaje de trámites en los que el usuario no enfrentó algún problema,2013,49.8185127204819,Porcentaje
26,Sonora,0,Estatal,6200028393,Porcentaje de trámites en los que el usuario no enfrentó algún problema,2015,52.9573815648834,Porcentaje
26,Sonora,0,Estatal,6200028393,Porcentaje de trámites en los que el usuario no enfrentó algún problema,2017,48.8163583434343,Porcentaje
26,Sonora,0,Estatal,6200028393,Porcentaje de trámites en los que el usuario no enfrentó algún problema,2019,55.9558265877407,Porcentaje
26,Sonora,0,Estatal,6200032262,Porcentaje de la población de 18 años y más satisfecha con el servicio de parques y jardines públicos,2013,54.78353704,Porcentaje
26,Sonora,0,Estatal,6200032262,Porcentaje de la población de 18 años y más satisfecha con el servicio de parques y jardines públicos,2015,40.4561738537679,Porcentaje
26,Sonora,0,Estatal,6200032262,Porcentaje de la población de 18 años y más satisfecha con el servicio de parques y jardines públicos,2017,33.5907288156948,Porcentaje
26,Sonora,0,Estatal,6200032262,Porcentaje de la población de 18 años y más satisfecha con el servicio de parques y jardines públicos,2019,36.905117012605,Porcentaje
26,Sonora,0,Estatal,6200032263,Porcentaje de la población de 18 años y más satisfecha con el servicio de educación pública universitaria,2013,78.66107276,Porcentaje
26,Sonora,0,Estatal,6200032263,Porcentaje de la población de 18 años y más satisfecha con el servicio de educación pública universitaria,2015,78.8843621640162,Porcentaje
26,Sonora,0,Estatal,6200032263,Porcentaje de la población de 18 años y más satisfecha con el servicio de educación pública universitaria,2017,82.75342557990776,Porcentaje
26,Sonora,0,Estatal,6200032263,Porcentaje de la población de 18 años y más satisfecha con el servicio de educación pública universitaria,2019,87.5109238734096,Porcentaje
26,Sonora,0,Estatal,6200032264,Porcentaje de la población de 18 años y más satisfecha con el servicio de salud del ISSSTE,2013,69.05600948,Porcentaje
26,Sonora,0,Estatal,6200032264,Porcentaje de la población de 18 años y más satisfecha con el servicio de salud del ISSSTE,2015,54.2398915119143,Porcentaje
26,Sonora,0,Estatal,6200032264,Porcentaje de la población de 18 años y más satisfecha con el servicio de salud del ISSSTE,2017,54.24161635971767,Porcentaje
26,Sonora,0,Estatal,6200032264,Porcentaje de la población de 18 años y más satisfecha con el servicio de salud del ISSSTE,2019,54.1084997349355,Porcentaje
26,Sonora,0,Estatal,6200032265,Porcentaje de la población de 18 años y más satisfecha con el servicio de educación obligatoria,2013,72.64760274,Porcentaje
26,Sonora,0,Estatal,6200032265,Porcentaje de la población de 18 años y más satisfecha con el servicio de educación obligatoria,2015,71.7781091199847,Porcentaje
26,Sonora,0,Estatal,6200032265,Porcentaje de la población de 18 años y más satisfecha con el servicio de educación obligatoria,2017,76.34607641666797,Porcentaje
26,Sonora,0,Estatal,6200032265,Porcentaje de la población de 18 años y más satisfecha con el servicio de educación obligatoria,2019,79.0954838125328,Porcentaje
26,Sonora,0,Estatal,6200032267,Porcentaje de la población de 18 años y más satisfecha con los servicios de salud estatal o Seguro Popular,2013,69.26027263,Porcentaje
26,Sonora,0,Estatal,6200032267,Porcentaje de la población de 18 años y más satisfecha con los servicios de salud estatal o Seguro Popular,2015,58.1253346351296,Porcentaje
26,Sonora,0,Estatal,6200032267,Porcentaje de la población de 18 años y más satisfecha con los servicios de salud estatal o Seguro Popular,2017,60.91056448845822,Porcentaje
26,Sonora,0,Estatal,6200032267,Porcentaje de la población de 18 años y más satisfecha con los servicios de salud estatal o Seguro Popular,2019,64.8127328550614,Porcentaje
26,Sonora,0,Estatal,6200032268,Porcentaje de la población de 18 años y más satisfecha con el servicio de calles y avenidas,2013,24.89361252,Porcentaje
26,Sonora,0,Estatal,6200032268,Porcentaje de la población de 18 años y más satisfecha con el servicio de calles y avenidas,2015,19.9948668475099,Porcentaje
26,Sonora,0,Estatal,6200032268,Porcentaje de la población de 18 años y más satisfecha con el servicio de calles y avenidas,2017,26.7419992904233,Porcentaje
26,Sonora,0,Estatal,6200032268,Porcentaje de la población de 18 años y más satisfecha con el servicio de calles y avenidas,2019,17.7900063792839,Porcentaje
26,Sonora,0,Estatal,6200032269,Porcentaje de la población de 18 años y más satisfecha con el servicio de salud del IMSS,2013,63.32135739,Porcentaje
26,Sonora,0,Estatal,6200032269,Porcentaje de la población de 18 años y más satisfecha con el servicio de salud del IMSS,2015,43.2616951493181,Porcentaje
26,Sonora,0,Estatal,6200032269,Porcentaje de la población de 18 años y más satisfecha con el servicio de salud del IMSS,2017,50.50206770562878,Porcentaje
26,Sonora,0,Estatal,6200032269,Porcentaje de la población de 18 años y más satisfecha con el servicio de salud del IMSS,2019,54.0249159499206,Porcentaje
26,Sonora,0,Estatal,6200032270,"Porcentaje de la población de 18 años y más que consultó páginas de internet del gobierno para conocer información sobre su organización interna, acciones, recursos públicos o programas",2013,20.19304556,Porcentaje
26,Sonora,0,Estatal,6200032270,"Porcentaje de la población de 18 años y más que consultó páginas de internet del gobierno para conocer información sobre su organización interna, acciones, recursos públicos o programas",2015,14.0305892974596,Porcentaje
26,Sonora,0,Estatal,6200032270,"Porcentaje de la población de 18 años y más que consultó páginas de internet del gobierno para conocer información sobre su organización interna, acciones, recursos públicos o programas",2017,13.9812124486658,Porcentaje
26,Sonora,0,Estatal,6200032270,"Porcentaje de la población de 18 años y más que consultó páginas de internet del gobierno para conocer información sobre su organización interna, acciones, recursos públicos o programas",2019,14.1771462155489,Porcentaje
26,Sonora,0,Estatal,6200032271,"Porcentaje de la población de 18 años y más que utilizó redes sociales para  presentar en las cuentas del gobierno una queja, denuncia o comentarios",2013,6.55906553,Porcentaje
26,Sonora,0,Estatal,6200032271,"Porcentaje de la población de 18 años y más que utilizó redes sociales para  presentar en las cuentas del gobierno una queja, denuncia o comentarios",2015,6.24239208207102,Porcentaje
26,Sonora,0,Estatal,6200032271,"Porcentaje de la población de 18 años y más que utilizó redes sociales para  presentar en las cuentas del gobierno una queja, denuncia o comentarios",2017,3.10389579270465,Porcentaje
26,Sonora,0,Estatal,6200032271,"Porcentaje de la población de 18 años y más que utilizó redes sociales para  presentar en las cuentas del gobierno una queja, denuncia o comentarios",2019,5.44697810960555,Porcentaje
26,Sonora,0,Estatal,6200032272,Porcentaje de la población de 18 años y más con al menos una interacción con el gobierno a través de internet,2013,29.6672339097997,Porcentaje
26,Sonora,0,Estatal,6200032272,Porcentaje de la población de 18 años y más con al menos una interacción con el gobierno a través de internet,2015,27.9604961827336,Porcentaje
26,Sonora,0,Estatal,6200032272,Porcentaje de la población de 18 años y más con al menos una interacción con el gobierno a través de internet,2017,25.5483953749201,Porcentaje
26,Sonora,0,Estatal,6200032272,Porcentaje de la población de 18 años y más con al menos una interacción con el gobierno a través de internet,2019,26.8702967548347,Porcentaje
26,Sonora,0,Estatal,6200032273,Porcentaje de la población de 18 años y más satisfecha con el servicio de alumbrado público,2013,41.52690041,Porcentaje
26,Sonora,0,Estatal,6200032273,Porcentaje de la población de 18 años y más satisfecha con el servicio de alumbrado público,2015,32.1568070801193,Porcentaje
26,Sonora,0,Estatal,6200032273,Porcentaje de la población de 18 años y más satisfecha con el servicio de alumbrado público,2017,30.9209270256754,Porcentaje
26,Sonora,0,Estatal,6200032273,Porcentaje de la población de 18 años y más satisfecha con el servicio de alumbrado público,2019,40.0259453744285,Porcentaje
26,Sonora,0,Estatal,6200032274,"Porcentaje de la población de 18 años y más que utilizó páginas de internet para realizar trámites, pagos o servicios por medio de Internet",2013,2.23302013464905,Porcentaje
26,Sonora,0,Estatal,6200032274,"Porcentaje de la población de 18 años y más que utilizó páginas de internet para realizar trámites, pagos o servicios por medio de Internet",2015,3.51868525274999,Porcentaje
26,Sonora,0,Estatal,6200032274,"Porcentaje de la población de 18 años y más que utilizó páginas de internet para realizar trámites, pagos o servicios por medio de Internet",2017,7.56209376152193,Porcentaje
26,Sonora,0,Estatal,6200032274,"Porcentaje de la población de 18 años y más que utilizó páginas de internet para realizar trámites, pagos o servicios por medio de Internet",2019,8.18187456437761,Porcentaje
26,Sonora,0,Estatal,6200032275,Porcentaje de la población de 18 años y más satisfecha con el servicio de recolección de basura,2013,81.61128926,Porcentaje
26,Sonora,0,Estatal,6200032275,Porcentaje de la población de 18 años y más satisfecha con el servicio de recolección de basura,2015,68.4382919971512,Porcentaje
26,Sonora,0,Estatal,6200032275,Porcentaje de la población de 18 años y más satisfecha con el servicio de recolección de basura,2017,74.0048340881282,Porcentaje
26,Sonora,0,Estatal,6200032275,Porcentaje de la población de 18 años y más satisfecha con el servicio de recolección de basura,2019,75.3610497466007,Porcentaje
26,Sonora,0,Estatal,6200032276,Porcentaje de satisfacción con el servicio de la policía,2013,40.28615078,Porcentaje
26,Sonora,0,Estatal,6200032276,Porcentaje de satisfacción con el servicio de la policía,2015,30.3611115008199,Porcentaje
26,Sonora,0,Estatal,6200032276,Porcentaje de satisfacción con el servicio de la policía,2017,26.6650125335368,Porcentaje
26,Sonora,0,Estatal,6200032276,Porcentaje de satisfacción con el servicio de la policía,2019,25.3120976030432,Porcentaje
26,Sonora,0,Estatal,6200032277,Porcentaje de la población de 18 años y más satisfecha con el servicio de agua potable,2013,62.07032508,Porcentaje
26,Sonora,0,Estatal,6200032277,Porcentaje de la población de 18 años y más satisfecha con el servicio de agua potable,2015,52.6930482095449,Porcentaje
26,Sonora,0,Estatal,6200032277,Porcentaje de la población de 18 años y más satisfecha con el servicio de agua potable,2017,58.0262172371494,Porcentaje
26,Sonora,0,Estatal,6200032277,Porcentaje de la población de 18 años y más satisfecha con el servicio de agua potable,2019,58.4043373223547,Porcentaje
26,Sonora,0,Estatal,6200032278,Porcentaje de la población de 18 años y más satisfecha con el servicio de energía eléctrica,2013,83.17575379,Porcentaje
26,Sonora,0,Estatal,6200032278,Porcentaje de la población de 18 años y más satisfecha con el servicio de energía eléctrica,2015,78.1933228844979,Porcentaje
26,Sonora,0,Estatal,6200032278,Porcentaje de la población de 18 años y más satisfecha con el servicio de energía eléctrica,2017,77.81195174077683,Porcentaje
26,Sonora,0,Estatal,6200032278,Porcentaje de la población de 18 años y más satisfecha con el servicio de energía eléctrica,2019,77.5804569482793,Porcentaje
26,Sonora,0,Estatal,6204409470,Porcentaje de satisfacción con el servicio de drenaje y alcantarillado,2015,44.8213341079827,Porcentaje
26,Sonora,0,Estatal,6204409470,Porcentaje de satisfacción con el servicio de drenaje y alcantarillado,2017,50.2429797894304,Porcentaje
26,Sonora,0,Estatal,6204409472,Porcentaje de satisfacción con el servicio de carreteras y caminos sin cuota,2015,30.265545735811,Porcentaje
26,Sonora,0,Estatal,6204409472,Porcentaje de satisfacción con el servicio de carreteras y caminos sin cuota,2017,35.6253898614006,Porcentaje
26,Sonora,0,Estatal,6204409473,Porcentaje de satisfacción con el servicio de autopistas con casetas de cuota,2015,58.3816278089736,Porcentaje
26,Sonora,0,Estatal,6204409473,Porcentaje de satisfacción con el servicio de autopistas con casetas de cuota,2017,52.272144007993695,Porcentaje
26,Sonora,0,Estatal,6204409474,Porcentaje de satisfacción con el servicio de transporte público masivo automotor,2015,31.4492147383042,Porcentaje
26,Sonora,0,Estatal,6204409474,Porcentaje de satisfacción con el servicio de transporte público masivo automotor,2017,35.107872408616295,Porcentaje
26,Sonora,0,Estatal,6204409475,Porcentaje de la población de 18 años y más que continuó o terminó un trámite o realizó algún pago por un servicio en páginas de internet del gobierno,2015,8.11343441737481,Porcentaje
26,Sonora,0,Estatal,6204409475,Porcentaje de la población de 18 años y más que continuó o terminó un trámite o realizó algún pago por un servicio en páginas de internet del gobierno,2017,7.00788186706799,Porcentaje
26,Sonora,0,Estatal,6204409475,Porcentaje de la población de 18 años y más que continuó o terminó un trámite o realizó algún pago por un servicio en páginas de internet del gobierno,2019,8.5662559510449,Porcentaje
26,Sonora,0,Estatal,6204409476,"Porcentaje de la población de 18 años y más que realizó el llenado y enviado  de algún formato en páginas de internet para iniciar, continuar o concluir trámites",2015,16.3463673042944,Porcentaje
26,Sonora,0,Estatal,6204409476,"Porcentaje de la población de 18 años y más que realizó el llenado y enviado  de algún formato en páginas de internet para iniciar, continuar o concluir trámites",2017,15.2400541380768,Porcentaje
26,Sonora,0,Estatal,6204409476,"Porcentaje de la población de 18 años y más que realizó el llenado y enviado  de algún formato en páginas de internet para iniciar, continuar o concluir trámites",2019,13.9929296270482,Porcentaje
26,Sonora,0,Estatal,6207020182,Tasa de incidencia de corrupción en población de 18 años y más,2013,9457.82841150552,Casos por cada 100 mil habitantes
26,Sonora,0,Estatal,6207020182,Tasa de incidencia de corrupción en población de 18 años y más,2015,33255.5593371851,Casos por cada 100 mil habitantes
26,Sonora,0,Estatal,6207020182,Tasa de incidencia de corrupción en población de 18 años y más,2017,61652.4279244613,Casos por cada 100 mil habitantes
26,Sonora,0,Estatal,6207020183,Población de 18 años y más usuaria del servicio de salud del IMSS,2013,607607,Personas
26,Sonora,0,Estatal,6207020183,Población de 18 años y más usuaria del servicio de salud del IMSS,2015,463440,Personas
26,Sonora,0,Estatal,6207020183,Población de 18 años y más usuaria del servicio de salud del IMSS,2017,479517,Personas
26,Sonora,0,Estatal,6207020184,Porcentaje de la población de 18 años y más víctima de corrupción,2013,5.07548377444744,Porcentaje
26,Sonora,0,Estatal,6207020184,Porcentaje de la población de 18 años y más víctima de corrupción,2015,14.09670765862,Porcentaje
26,Sonora,0,Estatal,6207020184,Porcentaje de la población de 18 años y más víctima de corrupción,2017,15.1577854901729,Porcentaje
26,Sonora,0,Estatal,6207020185,Población de 18 años y más usuaria del servicio de salud del ISSSTE,2013,64132,Personas
26,Sonora,0,Estatal,6207020185,Población de 18 años y más usuaria del servicio de salud del ISSSTE,2015,72266,Personas
26,Sonora,0,Estatal,6207020185,Población de 18 años y más usuaria del servicio de salud del ISSSTE,2017,97899,Personas
26,Sonora,0,Estatal,6207020186,Población de 18 años y más usuaria del servicio de energía eléctrica,2013,1230807,Personas
26,Sonora,0,Estatal,6207020186,Población de 18 años y más usuaria del servicio de energía eléctrica,2015,1098049,Personas
26,Sonora,0,Estatal,6207020186,Población de 18 años y más usuaria del servicio de energía eléctrica,2017,1248839,Personas
26,Sonora,0,Estatal,6207020187,Población de 18 años y más usuaria del servicio de educación obligatoria,2013,474229,Personas
26,Sonora,0,Estatal,6207020187,Población de 18 años y más usuaria del servicio de educación obligatoria,2015,397709,Personas
26,Sonora,0,Estatal,6207020187,Población de 18 años y más usuaria del servicio de educación obligatoria,2017,382482,Personas
26,Sonora,0,Estatal,6207020188,Población de 18 años y más que está satisfecha con el servicio de agua potable,2013,791869,Personas
26,Sonora,0,Estatal,6207020188,Población de 18 años y más que está satisfecha con el servicio de agua potable,2015,638498,Personas
26,Sonora,0,Estatal,6207020188,Población de 18 años y más que está satisfecha con el servicio de agua potable,2017,750702,Personas
26,Sonora,0,Estatal,6207020189,Población de 18 años y más que habita en áreas urbanas de cien mil habitantes y más,2013,1275761,Personas
26,Sonora,0,Estatal,6207020189,Población de 18 años y más que habita en áreas urbanas de cien mil habitantes y más,2015,1211731,Personas
26,Sonora,0,Estatal,6207020189,Población de 18 años y más que habita en áreas urbanas de cien mil habitantes y más,2017,1293729,Personas
26,Sonora,0,Estatal,6207020190,Población de 18 años y más que está satisfecha con el servicio de calles y avenidas,2013,317583,Personas
26,Sonora,0,Estatal,6207020190,Población de 18 años y más que está satisfecha con el servicio de calles y avenidas,2015,242284,Personas
26,Sonora,0,Estatal,6207020190,Población de 18 años y más que está satisfecha con el servicio de calles y avenidas,2017,345969,Personas
26,Sonora,0,Estatal,6207020191,Población de 18 años y más que está satisfecha con el servicio de alumbrado público,2013,529784,Personas
26,Sonora,0,Estatal,6207020191,Población de 18 años y más que está satisfecha con el servicio de alumbrado público,2015,389654,Personas
26,Sonora,0,Estatal,6207020191,Población de 18 años y más que está satisfecha con el servicio de alumbrado público,2017,400033,Personas
26,Sonora,0,Estatal,6207020192,Población de 18 años y más usuaria de los servicios de salud estatal o Seguro Popular,2013,284713,Personas
26,Sonora,0,Estatal,6207020192,Población de 18 años y más usuaria de los servicios de salud estatal o Seguro Popular,2015,254008,Personas
26,Sonora,0,Estatal,6207020192,Población de 18 años y más usuaria de los servicios de salud estatal o Seguro Popular,2017,169038,Personas
26,Sonora,0,Estatal,6207020193,Población de 18 años y más usuaria del servicio de educación pública universitaria,2013,138484,Personas
26,Sonora,0,Estatal,6207020193,Población de 18 años y más usuaria del servicio de educación pública universitaria,2015,119537,Personas
26,Sonora,0,Estatal,6207020193,Población de 18 años y más usuaria del servicio de educación pública universitaria,2017,118812,Personas
26,Sonora,0,Estatal,6207020194,Población de 18 años y más que está satisfecha con el servicio de recolección de basura,2013,1041165,Personas
26,Sonora,0,Estatal,6207020194,Población de 18 años y más que está satisfecha con el servicio de recolección de basura,2015,829288,Personas
26,Sonora,0,Estatal,6207020194,Población de 18 años y más que está satisfecha con el servicio de recolección de basura,2017,957422,Personas
26,Sonora,0,Estatal,6207020195,Población de 18 años y más que está satisfecha con el servicio de parques y jardines públicos,2013,698907,Personas
26,Sonora,0,Estatal,6207020195,Población de 18 años y más que está satisfecha con el servicio de parques y jardines públicos,2015,490220,Personas
26,Sonora,0,Estatal,6207020195,Población de 18 años y más que está satisfecha con el servicio de parques y jardines públicos,2017,434573,Personas
26,Sonora,0,Estatal,6207020196,Población de 18 años y más usuaria del servicio de salud del IMSS que está satisfecha con el servicio,2013,384745,Personas
26,Sonora,0,Estatal,6207020196,Población de 18 años y más usuaria del servicio de salud del IMSS que está satisfecha con el servicio,2015,200492,Personas
26,Sonora,0,Estatal,6207020196,Población de 18 años y más usuaria del servicio de salud del IMSS que está satisfecha con el servicio,2017,242166,Personas
26,Sonora,0,Estatal,6207020197,Población de 18 años y más usuaria del servicio de salud del ISSSTE que está satisfecha con el servicio,2013,44287,Personas
26,Sonora,0,Estatal,6207020197,Población de 18 años y más usuaria del servicio de salud del ISSSTE que está satisfecha con el servicio,2015,39197,Personas
26,Sonora,0,Estatal,6207020197,Población de 18 años y más usuaria del servicio de salud del ISSSTE que está satisfecha con el servicio,2017,53102,Personas
26,Sonora,0,Estatal,6207020198,Población de 18 años y más usuaria del servicio de energía eléctrica que está satisfecha con el servicio,2013,1023733,Personas
26,Sonora,0,Estatal,6207020198,Población de 18 años y más usuaria del servicio de energía eléctrica que está satisfecha con el servicio,2015,858601,Personas
26,Sonora,0,Estatal,6207020198,Población de 18 años y más usuaria del servicio de energía eléctrica que está satisfecha con el servicio,2017,971746,Personas
26,Sonora,0,Estatal,6207020199,Población de 18 años y más usuaria del servicio de educación obligatoria que está satisfecha con el servicio,2013,344516,Personas
26,Sonora,0,Estatal,6207020199,Población de 18 años y más usuaria del servicio de educación obligatoria que está satisfecha con el servicio,2015,285468,Personas
26,Sonora,0,Estatal,6207020199,Población de 18 años y más usuaria del servicio de educación obligatoria que está satisfecha con el servicio,2017,292010,Personas
26,Sonora,0,Estatal,6207020200,Población de 18 años y más usuaria del servicio de educación pública universitaria que está satisfecha con el servicio,2013,108933,Personas
26,Sonora,0,Estatal,6207020200,Población de 18 años y más usuaria del servicio de educación pública universitaria que está satisfecha con el servicio,2015,94296,Personas
26,Sonora,0,Estatal,6207020200,Población de 18 años y más usuaria del servicio de educación pública universitaria que está satisfecha con el servicio,2017,98321,Personas
26,Sonora,0,Estatal,6207020201,Población de 18 años y más usuaria de los servicios de salud estatal o Seguro Popular que está satisfecha con los servicios,2013,197193,Personas
26,Sonora,0,Estatal,6207020201,Población de 18 años y más usuaria de los servicios de salud estatal o Seguro Popular que está satisfecha con los servicios,2015,147643,Personas
26,Sonora,0,Estatal,6207020201,Población de 18 años y más usuaria de los servicios de salud estatal o Seguro Popular que está satisfecha con los servicios,2017,102962,Personas
26,Sonora,0,Estatal,6207020202,"Población de 18 años y más que realizó personalmente al menos un trámite, pago o solicitud de servicios con un servidor público",2013,888999,Personas
26,Sonora,0,Estatal,6207020202,"Población de 18 años y más que realizó personalmente al menos un trámite, pago o solicitud de servicios con un servidor público",2015,975476,Personas
26,Sonora,0,Estatal,6207020202,"Población de 18 años y más que realizó personalmente al menos un trámite, pago o solicitud de servicios con un servidor público",2017,1081088,Personas
26,Sonora,0,Estatal,6207020203,"Población de 18 años y más víctima de corrupción en al menos un trámite, pago o solicitud de servicio realizado personalmente",2013,45121,Personas
26,Sonora,0,Estatal,6207020203,"Población de 18 años y más víctima de corrupción en al menos un trámite, pago o solicitud de servicio realizado personalmente",2015,137510,Personas
26,Sonora,0,Estatal,6207020203,"Población de 18 años y más víctima de corrupción en al menos un trámite, pago o solicitud de servicio realizado personalmente",2017,163869,Personas
26,Sonora,0,Estatal,6207020204,"Trámites, pagos o solicitudes de servicios realizados personalmente con un servidor público en los que existió corrupción",2013,84080,Trámites
26,Sonora,0,Estatal,6207020204,"Trámites, pagos o solicitudes de servicios realizados personalmente con un servidor público en los que existió corrupción",2015,324400,Trámites
26,Sonora,0,Estatal,6207020204,"Trámites, pagos o solicitudes de servicios realizados personalmente con un servidor público en los que existió corrupción",2017,666517,Trámites
26,Sonora,0,Estatal,6207068399,Población de 18 años y más que está satisfecha con el servicio de drenaje y alcantarillado,2015,543114,Personas
26,Sonora,0,Estatal,6207068399,Población de 18 años y más que está satisfecha con el servicio de drenaje y alcantarillado,2017,650008,Personas
26,Sonora,0,Estatal,6207068400,Porcentaje de la población de 18 años y más satisfecha con el servicio de drenaje y alcantarillado,2015,44.8213341079827,Porcentaje
26,Sonora,0,Estatal,6207068400,Porcentaje de la población de 18 años y más satisfecha con el servicio de drenaje y alcantarillado,2017,50.2429797894304,Porcentaje
26,Sonora,0,Estatal,6207068475,"Porcentaje de población de 18 años y más que requisitó en línea algún formato o solicitud para iniciar, continuar o terminar algún trámite",2015,16.3463673042944,Porcentaje
26,Sonora,0,Estatal,6207068475,"Porcentaje de población de 18 años y más que requisitó en línea algún formato o solicitud para iniciar, continuar o terminar algún trámite",2017,15.2400541380768,Porcentaje
26,Sonora,0,Estatal,6207068476,Porcentaje de población de 18 años y más que realizó pagos por trámites o servicios en el portal de alguna institución pública u oficina de gobierno,2015,8.11343441737481,Porcentaje
26,Sonora,0,Estatal,6207068476,Porcentaje de población de 18 años y más que realizó pagos por trámites o servicios en el portal de alguna institución pública u oficina de gobierno,2017,7.00788186706799,Porcentaje

