﻿cve_entidad,desc_entidad,cve_municipio,desc_municipio,id_indicador,indicador,año,valor,unidad_medida
26,Sonora,0,Estatal,6200000995,Vehicles in the institutions of state government,2010,1960,Vehicles
26,Sonora,0,Estatal,6200000995,Vehicles in the institutions of state government,2011,1695,Vehicles
26,Sonora,0,Estatal,6200000995,Vehicles in the institutions of state government,2012,1697,Vehicles
26,Sonora,0,Estatal,6200000995,Vehicles in the institutions of state government,2013,1723,Vehicles
26,Sonora,0,Estatal,6200000995,Vehicles in the institutions of state government,2014,1806,Vehicles
26,Sonora,0,Estatal,6200000995,Vehicles in the institutions of state government,2015,1746,Vehicles
26,Sonora,0,Estatal,6200000996,Vehicles in the institutions of state government (cars),2010,866,Vehicles
26,Sonora,0,Estatal,6200000996,Vehicles in the institutions of state government (cars),2011,779,Vehicles
26,Sonora,0,Estatal,6200000996,Vehicles in the institutions of state government (cars),2012,598,Vehicles
26,Sonora,0,Estatal,6200000996,Vehicles in the institutions of state government (cars),2013,876,Vehicles
26,Sonora,0,Estatal,6200000996,Vehicles in the institutions of state government (cars),2014,774,Vehicles
26,Sonora,0,Estatal,6200000996,Vehicles in the institutions of state government (cars),2015,714,Vehicles
26,Sonora,0,Estatal,6200000997,Vehicles in the institutions of state government (trucks and vans),2010,997,Vehicles
26,Sonora,0,Estatal,6200000997,Vehicles in the institutions of state government (trucks and vans),2011,876,Vehicles
26,Sonora,0,Estatal,6200000997,Vehicles in the institutions of state government (trucks and vans),2012,1077,Vehicles
26,Sonora,0,Estatal,6200000997,Vehicles in the institutions of state government (trucks and vans),2013,820,Vehicles
26,Sonora,0,Estatal,6200000997,Vehicles in the institutions of state government (trucks and vans),2014,1032,Vehicles
26,Sonora,0,Estatal,6200000997,Vehicles in the institutions of state government (trucks and vans),2015,1032,Vehicles
26,Sonora,0,Estatal,6200000998,Vehicles in the institutions of state government (motorcycles),2010,0,Vehicles
26,Sonora,0,Estatal,6200000998,Vehicles in the institutions of state government (motorcycles),2011,-,Vehicles
26,Sonora,0,Estatal,6200000998,Vehicles in the institutions of state government (motorcycles),2012,4,Vehicles
26,Sonora,0,Estatal,6200000998,Vehicles in the institutions of state government (motorcycles),2013,27,Vehicles
26,Sonora,0,Estatal,6200000998,Vehicles in the institutions of state government (motorcycles),2014,0,Vehicles
26,Sonora,0,Estatal,6200000998,Vehicles in the institutions of state government (motorcycles),2015,-,Vehicles
26,Sonora,0,Estatal,6200000999,Vehicles in the institutions of state government (unspecified),2010,NA,Vehicles
26,Sonora,0,Estatal,6200000999,Vehicles in the institutions of state government (unspecified),2011,0,Vehicles
26,Sonora,0,Estatal,6200000999,Vehicles in the institutions of state government (unspecified),2012,0,Vehicles
26,Sonora,0,Estatal,6200000999,Vehicles in the institutions of state government (unspecified),2013,0,Vehicles
26,Sonora,0,Estatal,6200000999,Vehicles in the institutions of state government (unspecified),2014,0,Vehicles
26,Sonora,0,Estatal,6200000999,Vehicles in the institutions of state government (unspecified),2015,0,Vehicles
26,Sonora,0,Estatal,6200001000,Vehicles in the institutions of state government (other),2010,97,Vehicles
26,Sonora,0,Estatal,6200001000,Vehicles in the institutions of state government (other),2011,40,Vehicles
26,Sonora,0,Estatal,6200001000,Vehicles in the institutions of state government (other),2012,18,Vehicles
26,Sonora,0,Estatal,6200001000,Vehicles in the institutions of state government (other),2013,0,Vehicles
26,Sonora,0,Estatal,6200001000,Vehicles in the institutions of state government (other),2014,0,Vehicles
26,Sonora,0,Estatal,6200001000,Vehicles in the institutions of state government (other),2015,-,Vehicles
26,Sonora,0,Estatal,6200001001,Audits conducted to state government administrations,2010,637,Audits
26,Sonora,0,Estatal,6200001001,Audits conducted to state government administrations,2011,516,Audits
26,Sonora,0,Estatal,6200001001,Audits conducted to state government administrations,2012,180,Audits
26,Sonora,0,Estatal,6200001001,Audits conducted to state government administrations,2013,225,Audits
26,Sonora,0,Estatal,6200001001,Audits conducted to state government administrations,2014,828,Audits
26,Sonora,0,Estatal,6200001001,Audits conducted to state government administrations,2015,510,Audits
26,Sonora,0,Estatal,6200001002,Audits to state government (by the State Supervisory Body),2010,175,Audits
26,Sonora,0,Estatal,6200001002,Audits to state government (by the State Supervisory Body),2011,110,Audits
26,Sonora,0,Estatal,6200001002,Audits to state government (by the State Supervisory Body),2012,87,Audits
26,Sonora,0,Estatal,6200001002,Audits to state government (by the State Supervisory Body),2013,90,Audits
26,Sonora,0,Estatal,6200001002,Audits to state government (by the State Supervisory Body),2014,252,Audits
26,Sonora,0,Estatal,6200001002,Audits to state government (by the State Supervisory Body),2015,90,Audits
26,Sonora,0,Estatal,6200001003,Audits to state government (by the Superior Audit Office),2010,7,Audits
26,Sonora,0,Estatal,6200001003,Audits to state government (by the Superior Audit Office),2011,6,Audits
26,Sonora,0,Estatal,6200001003,Audits to state government (by the Superior Audit Office),2012,10,Audits
26,Sonora,0,Estatal,6200001003,Audits to state government (by the Superior Audit Office),2013,9,Audits
26,Sonora,0,Estatal,6200001003,Audits to state government (by the Superior Audit Office),2014,9,Audits
26,Sonora,0,Estatal,6200001003,Audits to state government (by the Superior Audit Office),2015,35,Audits
26,Sonora,0,Estatal,6200001004,Audits to state government (by the Comptroller Ministry or homologous state),2010,455,Audits
26,Sonora,0,Estatal,6200001004,Audits to state government (by the Comptroller Ministry or homologous state),2011,400,Audits
26,Sonora,0,Estatal,6200001004,Audits to state government (by the Comptroller Ministry or homologous state),2012,46,Audits
26,Sonora,0,Estatal,6200001004,Audits to state government (by the Comptroller Ministry or homologous state),2013,113,Audits
26,Sonora,0,Estatal,6200001004,Audits to state government (by the Comptroller Ministry or homologous state),2014,463,Audits
26,Sonora,0,Estatal,6200001004,Audits to state government (by the Comptroller Ministry or homologous state),2015,42,Audits
26,Sonora,0,Estatal,6200001005,Audits to state government (by the Ministry of Public Administration),2010,NA,Audits
26,Sonora,0,Estatal,6200001005,Audits to state government (by the Ministry of Public Administration),2011,NA,Audits
26,Sonora,0,Estatal,6200001005,Audits to state government (by the Ministry of Public Administration),2012,5,Audits
26,Sonora,0,Estatal,6200001005,Audits to state government (by the Ministry of Public Administration),2013,13,Audits
26,Sonora,0,Estatal,6200001005,Audits to state government (by the Ministry of Public Administration),2014,70,Audits
26,Sonora,0,Estatal,6200001005,Audits to state government (by the Ministry of Public Administration),2015,59,Audits
26,Sonora,0,Estatal,6200001006,Audits to state government (by another authority of the state),2010,NA,Audits
26,Sonora,0,Estatal,6200001006,Audits to state government (by another authority of the state),2011,NA,Audits
26,Sonora,0,Estatal,6200001006,Audits to state government (by another authority of the state),2012,32,Audits
26,Sonora,0,Estatal,6200001006,Audits to state government (by another authority of the state),2013,NA,Audits
26,Sonora,0,Estatal,6200001006,Audits to state government (by another authority of the state),2014,33,Audits
26,Sonora,0,Estatal,6200001006,Audits to state government (by another authority of the state),2015,284,Audits
26,Sonora,0,Estatal,6200001007,Audits to state government (by another authority of the federal government),2010,NA,Audits
26,Sonora,0,Estatal,6200001007,Audits to state government (by another authority of the federal government),2011,NA,Audits
26,Sonora,0,Estatal,6200001007,Audits to state government (by another authority of the federal government),2012,NA,Audits
26,Sonora,0,Estatal,6200001007,Audits to state government (by another authority of the federal government),2013,NA,Audits
26,Sonora,0,Estatal,6200001007,Audits to state government (by another authority of the federal government),2014,1,Audits
26,Sonora,0,Estatal,6200001007,Audits to state government (by another authority of the federal government),2015,-,Audits
26,Sonora,0,Estatal,6200001008,Audits to state government (by another authority),2010,NA,Audits
26,Sonora,0,Estatal,6200001008,Audits to state government (by another authority),2011,NA,Audits
26,Sonora,0,Estatal,6200001008,Audits to state government (by another authority),2012,NA,Audits
26,Sonora,0,Estatal,6200001008,Audits to state government (by another authority),2013,NA,Audits
26,Sonora,0,Estatal,6200001008,Audits to state government (by another authority),2014,-,Audits
26,Sonora,0,Estatal,6200001008,Audits to state government (by another authority),2015,-,Audits
26,Sonora,0,Estatal,6200001009,Fines applied to public servers of state government,2010,375,Sanctions
26,Sonora,0,Estatal,6200001009,Fines applied to public servers of state government,2011,300,Sanctions
26,Sonora,0,Estatal,6200001009,Fines applied to public servers of state government,2012,157,Sanctions
26,Sonora,0,Estatal,6200001009,Fines applied to public servers of state government,2013,782,Sanctions
26,Sonora,0,Estatal,6200001009,Fines applied to public servers of state government,2014,39,Sanctions
26,Sonora,0,Estatal,6200001010,Fines applied to public servers of the state government for crimes committed on the occasion of public service,2010,NA,Sanctions
26,Sonora,0,Estatal,6200001010,Fines applied to public servers of the state government for crimes committed on the occasion of public service,2011,41,Sanctions
26,Sonora,0,Estatal,6200001010,Fines applied to public servers of the state government for crimes committed on the occasion of public service,2012,8,Sanctions
26,Sonora,0,Estatal,6200001010,Fines applied to public servers of the state government for crimes committed on the occasion of public service,2013,NA,Sanctions
26,Sonora,0,Estatal,6200001010,Fines applied to public servers of the state government for crimes committed on the occasion of public service,2014,11,Sanctions
26,Sonora,0,Estatal,6200001011,Fines applied to public servers of the state government for offenses committed on the occasion of public service,2010,375,Sanctions
26,Sonora,0,Estatal,6200001011,Fines applied to public servers of the state government for offenses committed on the occasion of public service,2011,221,Sanctions
26,Sonora,0,Estatal,6200001011,Fines applied to public servers of the state government for offenses committed on the occasion of public service,2012,149,Sanctions
26,Sonora,0,Estatal,6200001011,Fines applied to public servers of the state government for offenses committed on the occasion of public service,2013,526,Sanctions
26,Sonora,0,Estatal,6200001011,Fines applied to public servers of the state government for offenses committed on the occasion of public service,2014,28,Sanctions
26,Sonora,0,Estatal,6200001011,Fines applied to public servers of the state government for offenses committed on the occasion of public service,2015,857,Sanctions
26,Sonora,0,Estatal,6200001012,Fines applied to public servers of state government by other acts committed on the occasion of public service,2010,NA,Sanctions
26,Sonora,0,Estatal,6200001012,Fines applied to public servers of state government by other acts committed on the occasion of public service,2011,38,Sanctions
26,Sonora,0,Estatal,6200001012,Fines applied to public servers of state government by other acts committed on the occasion of public service,2012,NA,Sanctions
26,Sonora,0,Estatal,6200001012,Fines applied to public servers of state government by other acts committed on the occasion of public service,2013,256,Sanctions
26,Sonora,0,Estatal,6200001013,State prisons,2009,25,Centers
26,Sonora,0,Estatal,6200001013,State prisons,2010,15,Centers
26,Sonora,0,Estatal,6200001013,State prisons,2011,15,Centers
26,Sonora,0,Estatal,6200001013,State prisons,2012,13,Centers
26,Sonora,0,Estatal,6200001013,State prisons,2013,13,Centers
26,Sonora,0,Estatal,6200001013,State prisons,2014,13,Centers
26,Sonora,0,Estatal,6200001013,State prisons,2015,13,Centers
26,Sonora,0,Estatal,6200001052,Adolescents admitted in state detention centers,2009,1037,People
26,Sonora,0,Estatal,6200001052,Adolescents admitted in state detention centers,2010,467,People
26,Sonora,0,Estatal,6200001052,Adolescents admitted in state detention centers,2011,1176,People
26,Sonora,0,Estatal,6200001052,Adolescents admitted in state detention centers,2012,1046,People
26,Sonora,0,Estatal,6200001052,Adolescents admitted in state detention centers,2013,828,People
26,Sonora,0,Estatal,6200001052,Adolescents admitted in state detention centers,2014,679,People
26,Sonora,0,Estatal,6200001052,Adolescents admitted in state detention centers,2015,642,People
26,Sonora,0,Estatal,6200001053,Adolescents admitted in state detention centers (men),2009,1013,People
26,Sonora,0,Estatal,6200001053,Adolescents admitted in state detention centers (men),2010,450,People
26,Sonora,0,Estatal,6200001053,Adolescents admitted in state detention centers (men),2011,1161,People
26,Sonora,0,Estatal,6200001053,Adolescents admitted in state detention centers (men),2012,1018,People
26,Sonora,0,Estatal,6200001053,Adolescents admitted in state detention centers (men),2013,796,People
26,Sonora,0,Estatal,6200001053,Adolescents admitted in state detention centers (men),2014,655,People
26,Sonora,0,Estatal,6200001053,Adolescents admitted in state detention centers (men),2015,583,People
26,Sonora,0,Estatal,6200001054,Adolescents admitted in state detention centers (women),2009,24,People
26,Sonora,0,Estatal,6200001054,Adolescents admitted in state detention centers (women),2010,17,People
26,Sonora,0,Estatal,6200001054,Adolescents admitted in state detention centers (women),2011,15,People
26,Sonora,0,Estatal,6200001054,Adolescents admitted in state detention centers (women),2012,28,People
26,Sonora,0,Estatal,6200001054,Adolescents admitted in state detention centers (women),2013,32,People
26,Sonora,0,Estatal,6200001054,Adolescents admitted in state detention centers (women),2014,24,People
26,Sonora,0,Estatal,6200001054,Adolescents admitted in state detention centers (women),2015,59,People
26,Sonora,0,Estatal,6200001055,Personnel at private security companies registered in the state governments,2010,2606,People
26,Sonora,0,Estatal,6200001055,Personnel at private security companies registered in the state governments,2011,4757,People
26,Sonora,0,Estatal,6200001055,Personnel at private security companies registered in the state governments,2012,4858,People
26,Sonora,0,Estatal,6200001055,Personnel at private security companies registered in the state governments,2013,4752,People
26,Sonora,0,Estatal,6200001055,Personnel at private security companies registered in the state governments,2014,5967,People
26,Sonora,0,Estatal,6200001055,Personnel at private security companies registered in the state governments,2015,3609,People
26,Sonora,0,Estatal,6200001056,Personnel at private security companies registered in the state governments (administrative),2010,270,People
26,Sonora,0,Estatal,6200001056,Personnel at private security companies registered in the state governments (administrative),2011,437,People
26,Sonora,0,Estatal,6200001056,Personnel at private security companies registered in the state governments (administrative),2012,583,People
26,Sonora,0,Estatal,6200001056,Personnel at private security companies registered in the state governments (administrative),2013,569,People
26,Sonora,0,Estatal,6200001056,Personnel at private security companies registered in the state governments (administrative),2014,668,People
26,Sonora,0,Estatal,6200001056,Personnel at private security companies registered in the state governments (administrative),2015,1462,People
26,Sonora,0,Estatal,6200001057,Personnel at private security companies registered in the state governments (other type),2010,-,People
26,Sonora,0,Estatal,6200001057,Personnel at private security companies registered in the state governments (other type),2011,0,People
26,Sonora,0,Estatal,6200001057,Personnel at private security companies registered in the state governments (other type),2012,0,People
26,Sonora,0,Estatal,6200001057,Personnel at private security companies registered in the state governments (other type),2013,0,People
26,Sonora,0,Estatal,6200001057,Personnel at private security companies registered in the state governments (other type),2014,0,People
26,Sonora,0,Estatal,6200001057,Personnel at private security companies registered in the state governments (other type),2015,0,People
26,Sonora,0,Estatal,6200001058,Personnel at private security companies registered in the state governments (executive),2010,99,People
26,Sonora,0,Estatal,6200001058,Personnel at private security companies registered in the state governments (executive),2011,119,People
26,Sonora,0,Estatal,6200001058,Personnel at private security companies registered in the state governments (executive),2012,0,People
26,Sonora,0,Estatal,6200001058,Personnel at private security companies registered in the state governments (executive),2013,0,People
26,Sonora,0,Estatal,6200001058,Personnel at private security companies registered in the state governments (executive),2014,136,People
26,Sonora,0,Estatal,6200001058,Personnel at private security companies registered in the state governments (executive),2015,152,People
26,Sonora,0,Estatal,6200001059,Personnel at private security companies registered in the state governments (unspecified),2010,NA,People
26,Sonora,0,Estatal,6200001059,Personnel at private security companies registered in the state governments (unspecified),2011,-,People
26,Sonora,0,Estatal,6200001059,Personnel at private security companies registered in the state governments (unspecified),2012,0,People
26,Sonora,0,Estatal,6200001059,Personnel at private security companies registered in the state governments (unspecified),2013,0,People
26,Sonora,0,Estatal,6200001059,Personnel at private security companies registered in the state governments (unspecified),2014,0,People
26,Sonora,0,Estatal,6200001059,Personnel at private security companies registered in the state governments (unspecified),2015,0,People
26,Sonora,0,Estatal,6200001060,Personnel at private security companies registered in the state governments (operative),2010,2237,People
26,Sonora,0,Estatal,6200001060,Personnel at private security companies registered in the state governments (operative),2011,4201,People
26,Sonora,0,Estatal,6200001060,Personnel at private security companies registered in the state governments (operative),2012,4275,People
26,Sonora,0,Estatal,6200001060,Personnel at private security companies registered in the state governments (operative),2013,4183,People
26,Sonora,0,Estatal,6200001060,Personnel at private security companies registered in the state governments (operative),2014,5163,People
26,Sonora,0,Estatal,6200001060,Personnel at private security companies registered in the state governments (operative),2015,1995,People
26,Sonora,0,Estatal,6200001061,Teenagers in external processing,2009,707,People
26,Sonora,0,Estatal,6200001061,Teenagers in external processing,2010,1043,People
26,Sonora,0,Estatal,6200001061,Teenagers in external processing,2011,1366,People
26,Sonora,0,Estatal,6200001061,Teenagers in external processing,2012,1711,People
26,Sonora,0,Estatal,6200001061,Teenagers in external processing,2013,1761,People
26,Sonora,0,Estatal,6200001061,Teenagers in external processing,2014,NA,People
26,Sonora,0,Estatal,6200001061,Teenagers in external processing,2015,1251,People
26,Sonora,0,Estatal,6200001062,Teenagers in external processing (men),2010,981,People
26,Sonora,0,Estatal,6200001062,Teenagers in external processing (men),2011,1285,People
26,Sonora,0,Estatal,6200001062,Teenagers in external processing (men),2012,1592,People
26,Sonora,0,Estatal,6200001062,Teenagers in external processing (men),2013,1628,People
26,Sonora,0,Estatal,6200001062,Teenagers in external processing (men),2014,NA,People
26,Sonora,0,Estatal,6200001062,Teenagers in external processing (men),2015,1144,People
26,Sonora,0,Estatal,6200001063,Teenagers in external processing (women),2010,62,People
26,Sonora,0,Estatal,6200001063,Teenagers in external processing (women),2011,81,People
26,Sonora,0,Estatal,6200001063,Teenagers in external processing (women),2012,119,People
26,Sonora,0,Estatal,6200001063,Teenagers in external processing (women),2013,133,People
26,Sonora,0,Estatal,6200001063,Teenagers in external processing (women),2014,NA,People
26,Sonora,0,Estatal,6200001063,Teenagers in external processing (women),2015,107,People
26,Sonora,0,Estatal,6200001064,State treatment centers for adolescents,2009,5,Centers
26,Sonora,0,Estatal,6200001064,State treatment centers for adolescents,2010,5,Centers
26,Sonora,0,Estatal,6200001064,State treatment centers for adolescents,2011,5,Centers
26,Sonora,0,Estatal,6200001064,State treatment centers for adolescents,2012,5,Centers
26,Sonora,0,Estatal,6200001064,State treatment centers for adolescents,2013,6,Centers
26,Sonora,0,Estatal,6200001064,State treatment centers for adolescents,2014,5,Centers
26,Sonora,0,Estatal,6200001064,State treatment centers for adolescents,2015,6,Centers
26,Sonora,0,Estatal,6200001070,Personnel at state treatment centers for adolescents,2009,209,People
26,Sonora,0,Estatal,6200001070,Personnel at state treatment centers for adolescents,2010,310,People
26,Sonora,0,Estatal,6200001070,Personnel at state treatment centers for adolescents,2011,300,People
26,Sonora,0,Estatal,6200001070,Personnel at state treatment centers for adolescents,2012,219,People
26,Sonora,0,Estatal,6200001070,Personnel at state treatment centers for adolescents,2013,221,People
26,Sonora,0,Estatal,6200001070,Personnel at state treatment centers for adolescents,2014,319,People
26,Sonora,0,Estatal,6200001070,Personnel at state treatment centers for adolescents,2015,229,People
26,Sonora,0,Estatal,6200001084,Institutions of state public administrations,2009,73,Institutions
26,Sonora,0,Estatal,6200001084,Institutions of state public administrations,2010,75,Institutions
26,Sonora,0,Estatal,6200001084,Institutions of state public administrations,2011,76,Institutions
26,Sonora,0,Estatal,6200001084,Institutions of state public administrations,2012,78,Institutions
26,Sonora,0,Estatal,6200001084,Institutions of state public administrations,2013,79,Institutions
26,Sonora,0,Estatal,6200001084,Institutions of state public administrations,2014,78,Institutions
26,Sonora,0,Estatal,6200001084,Institutions of state public administrations,2015,81,Institutions
26,Sonora,0,Estatal,6200001085,Institutions of state public administrations considered in the central administration,2009,12,Institutions
26,Sonora,0,Estatal,6200001085,Institutions of state public administrations considered in the central administration,2010,13,Institutions
26,Sonora,0,Estatal,6200001085,Institutions of state public administrations considered in the central administration,2011,13,Institutions
26,Sonora,0,Estatal,6200001085,Institutions of state public administrations considered in the central administration,2012,13,Institutions
26,Sonora,0,Estatal,6200001085,Institutions of state public administrations considered in the central administration,2013,13,Institutions
26,Sonora,0,Estatal,6200001085,Institutions of state public administrations considered in the central administration,2014,13,Institutions
26,Sonora,0,Estatal,6200001085,Institutions of state public administrations considered in the central administration,2015,14,Institutions
26,Sonora,0,Estatal,6200001086,Institutions of state public administrations considered in the parastatal administration,2009,61,Institutions
26,Sonora,0,Estatal,6200001086,Institutions of state public administrations considered in the parastatal administration,2010,62,Institutions
26,Sonora,0,Estatal,6200001086,Institutions of state public administrations considered in the parastatal administration,2011,63,Institutions
26,Sonora,0,Estatal,6200001086,Institutions of state public administrations considered in the parastatal administration,2012,65,Institutions
26,Sonora,0,Estatal,6200001086,Institutions of state public administrations considered in the parastatal administration,2013,66,Institutions
26,Sonora,0,Estatal,6200001086,Institutions of state public administrations considered in the parastatal administration,2014,65,Institutions
26,Sonora,0,Estatal,6200001086,Institutions of state public administrations considered in the parastatal administration,2015,67,Institutions
26,Sonora,0,Estatal,6200001087,Personnel at institutions of state public administrations,2009,60316,People
26,Sonora,0,Estatal,6200001087,Personnel at institutions of state public administrations,2010,42792,People
26,Sonora,0,Estatal,6200001087,Personnel at institutions of state public administrations,2011,46348,People
26,Sonora,0,Estatal,6200001087,Personnel at institutions of state public administrations,2012,50283,People
26,Sonora,0,Estatal,6200001087,Personnel at institutions of state public administrations,2013,50658,People
26,Sonora,0,Estatal,6200001087,Personnel at institutions of state public administrations,2014,47887,People
26,Sonora,0,Estatal,6200001088,Personnel at institutions of state public administrations (base or union),2009,40965,People
26,Sonora,0,Estatal,6200001088,Personnel at institutions of state public administrations (base or union),2010,32565,People
26,Sonora,0,Estatal,6200001088,Personnel at institutions of state public administrations (base or union),2011,33840,People
26,Sonora,0,Estatal,6200001088,Personnel at institutions of state public administrations (base or union),2012,34222,People
26,Sonora,0,Estatal,6200001088,Personnel at institutions of state public administrations (base or union),2013,35875,People
26,Sonora,0,Estatal,6200001088,Personnel at institutions of state public administrations (base or union),2014,NA,People
26,Sonora,0,Estatal,6200001088,Personnel at institutions of state public administrations (base or union),2015,35756,People
26,Sonora,0,Estatal,6200001089,Personnel at institutions of state public administrations (trust),2009,9254,People
26,Sonora,0,Estatal,6200001089,Personnel at institutions of state public administrations (trust),2010,6485,People
26,Sonora,0,Estatal,6200001089,Personnel at institutions of state public administrations (trust),2011,7166,People
26,Sonora,0,Estatal,6200001089,Personnel at institutions of state public administrations (trust),2012,8104,People
26,Sonora,0,Estatal,6200001089,Personnel at institutions of state public administrations (trust),2013,8511,People
26,Sonora,0,Estatal,6200001089,Personnel at institutions of state public administrations (trust),2014,NA,People
26,Sonora,0,Estatal,6200001089,Personnel at institutions of state public administrations (trust),2015,8527,People
26,Sonora,0,Estatal,6200001090,Personnel at institutions of state public administrations (temporary),2009,8661,People
26,Sonora,0,Estatal,6200001090,Personnel at institutions of state public administrations (temporary),2010,2855,People
26,Sonora,0,Estatal,6200001090,Personnel at institutions of state public administrations (temporary),2011,4387,People
26,Sonora,0,Estatal,6200001090,Personnel at institutions of state public administrations (temporary),2012,6467,People
26,Sonora,0,Estatal,6200001090,Personnel at institutions of state public administrations (temporary),2013,5314,People
26,Sonora,0,Estatal,6200001090,Personnel at institutions of state public administrations (temporary),2014,-,People
26,Sonora,0,Estatal,6200001091,Personnel at institutions of state public administrations (men),2009,29920,People
26,Sonora,0,Estatal,6200001091,Personnel at institutions of state public administrations (men),2010,18937,People
26,Sonora,0,Estatal,6200001091,Personnel at institutions of state public administrations (men),2011,20660,People
26,Sonora,0,Estatal,6200001091,Personnel at institutions of state public administrations (men),2012,22340,People
26,Sonora,0,Estatal,6200001091,Personnel at institutions of state public administrations (men),2013,21261,People
26,Sonora,0,Estatal,6200001091,Personnel at institutions of state public administrations (men),2014,21228,People
26,Sonora,0,Estatal,6200001092,Personnel at institutions of state public administrations (fees),2009,1436,People
26,Sonora,0,Estatal,6200001092,Personnel at institutions of state public administrations (fees),2010,887,People
26,Sonora,0,Estatal,6200001092,Personnel at institutions of state public administrations (fees),2011,955,People
26,Sonora,0,Estatal,6200001092,Personnel at institutions of state public administrations (fees),2012,1490,People
26,Sonora,0,Estatal,6200001092,Personnel at institutions of state public administrations (fees),2013,958,People
26,Sonora,0,Estatal,6200001092,Personnel at institutions of state public administrations (fees),2014,-,People
26,Sonora,0,Estatal,6200001093,Personnel at institutions of state public administrations (women),2009,30396,People
26,Sonora,0,Estatal,6200001093,Personnel at institutions of state public administrations (women),2010,23855,People
26,Sonora,0,Estatal,6200001093,Personnel at institutions of state public administrations (women),2011,25688,People
26,Sonora,0,Estatal,6200001093,Personnel at institutions of state public administrations (women),2012,27943,People
26,Sonora,0,Estatal,6200001093,Personnel at institutions of state public administrations (women),2013,29397,People
26,Sonora,0,Estatal,6200001093,Personnel at institutions of state public administrations (women),2014,26659,People
26,Sonora,0,Estatal,6200001094,Personnel at institutions of state public administrations (other procurement regime),2009,0,People
26,Sonora,0,Estatal,6200001094,Personnel at institutions of state public administrations (other procurement regime),2010,0,People
26,Sonora,0,Estatal,6200001094,Personnel at institutions of state public administrations (other procurement regime),2011,0,People
26,Sonora,0,Estatal,6200001094,Personnel at institutions of state public administrations (other procurement regime),2012,0,People
26,Sonora,0,Estatal,6200001094,Personnel at institutions of state public administrations (other procurement regime),2013,0,People
26,Sonora,0,Estatal,6200001094,Personnel at institutions of state public administrations (other procurement regime),2014,-,People
26,Sonora,0,Estatal,6200001095,Computers in the institutions of state public administration,2009,97592,Computers
26,Sonora,0,Estatal,6200001095,Computers in the institutions of state public administration,2010,83230,Computers
26,Sonora,0,Estatal,6200001095,Computers in the institutions of state public administration,2011,76678,Computers
26,Sonora,0,Estatal,6200001095,Computers in the institutions of state public administration,2012,3265,Computers
26,Sonora,0,Estatal,6200001095,Computers in the institutions of state public administration,2013,4239,Computers
26,Sonora,0,Estatal,6200001095,Computers in the institutions of state public administration,2014,-,Computers
26,Sonora,0,Estatal,6200001096,Computers in the institutions of state public administration (desktop),2009,80690,Computers
26,Sonora,0,Estatal,6200001096,Computers in the institutions of state public administration (desktop),2010,78124,Computers
26,Sonora,0,Estatal,6200001096,Computers in the institutions of state public administration (desktop),2011,71843,Computers
26,Sonora,0,Estatal,6200001096,Computers in the institutions of state public administration (desktop),2012,-,Computers
26,Sonora,0,Estatal,6200001096,Computers in the institutions of state public administration (desktop),2013,2364,Computers
26,Sonora,0,Estatal,6200001096,Computers in the institutions of state public administration (desktop),2014,-,Computers
26,Sonora,0,Estatal,6200001097,Computers in the institutions of state public administrations (portable),2009,16902,Computers
26,Sonora,0,Estatal,6200001097,Computers in the institutions of state public administrations (portable),2010,5106,Computers
26,Sonora,0,Estatal,6200001097,Computers in the institutions of state public administrations (portable),2011,4835,Computers
26,Sonora,0,Estatal,6200001097,Computers in the institutions of state public administrations (portable),2012,-,Computers
26,Sonora,0,Estatal,6200001097,Computers in the institutions of state public administrations (portable),2013,354,Computers
26,Sonora,0,Estatal,6200001097,Computers in the institutions of state public administrations (portable),2014,-,Computers
26,Sonora,0,Estatal,6200001098,Real estate in the institutions of state government administrations,2009,3438,Real estate
26,Sonora,0,Estatal,6200001098,Real estate in the institutions of state government administrations,2010,3412,Real estate
26,Sonora,0,Estatal,6200001098,Real estate in the institutions of state government administrations,2011,3414,Real estate
26,Sonora,0,Estatal,6200001098,Real estate in the institutions of state government administrations,2012,12523,Real estate
26,Sonora,0,Estatal,6200001098,Real estate in the institutions of state government administrations,2013,13132,Real estate
26,Sonora,0,Estatal,6200001098,Real estate in the institutions of state government administrations,2014,3254,Real estate
26,Sonora,0,Estatal,6200001098,Real estate in the institutions of state government administrations,2015,11128,Real estate
26,Sonora,0,Estatal,6200001099,Real estate in the institutions of state government administrations (other),2009,0,Real estate
26,Sonora,0,Estatal,6200001099,Real estate in the institutions of state government administrations (other),2010,0,Real estate
26,Sonora,0,Estatal,6200001099,Real estate in the institutions of state government administrations (other),2011,-,Real estate
26,Sonora,0,Estatal,6200001099,Real estate in the institutions of state government administrations (other),2012,-,Real estate
26,Sonora,0,Estatal,6200001099,Real estate in the institutions of state government administrations (other),2013,0,Real estate
26,Sonora,0,Estatal,6200001099,Real estate in the institutions of state government administrations (other),2014,0,Real estate
26,Sonora,0,Estatal,6200001099,Real estate in the institutions of state government administrations (other),2015,-,Real estate
26,Sonora,0,Estatal,6200001100,Real estate in the institutions of state government administrations (proper),2009,3397,Real estate
26,Sonora,0,Estatal,6200001100,Real estate in the institutions of state government administrations (proper),2010,3371,Real estate
26,Sonora,0,Estatal,6200001100,Real estate in the institutions of state government administrations (proper),2011,3371,Real estate
26,Sonora,0,Estatal,6200001100,Real estate in the institutions of state government administrations (proper),2012,-,Real estate
26,Sonora,0,Estatal,6200001100,Real estate in the institutions of state government administrations (proper),2013,12961,Real estate
26,Sonora,0,Estatal,6200001100,Real estate in the institutions of state government administrations (proper),2014,3198,Real estate
26,Sonora,0,Estatal,6200001100,Real estate in the institutions of state government administrations (proper),2015,11128,Real estate
26,Sonora,0,Estatal,6200001101,Real estate in the institutions of state government administrations (rented),2009,41,Real estate
26,Sonora,0,Estatal,6200001101,Real estate in the institutions of state government administrations (rented),2010,41,Real estate
26,Sonora,0,Estatal,6200001101,Real estate in the institutions of state government administrations (rented),2011,43,Real estate
26,Sonora,0,Estatal,6200001101,Real estate in the institutions of state government administrations (rented),2012,-,Real estate
26,Sonora,0,Estatal,6200001101,Real estate in the institutions of state government administrations (rented),2013,171,Real estate
26,Sonora,0,Estatal,6200001101,Real estate in the institutions of state government administrations (rented),2014,56,Real estate
26,Sonora,0,Estatal,6200001101,Real estate in the institutions of state government administrations (rented),2015,-,Real estate
26,Sonora,0,Estatal,6200001136,State police registered interventions,2009,399,Interventions
26,Sonora,0,Estatal,6200001136,State police registered interventions,2010,138,Interventions
26,Sonora,0,Estatal,6200001136,State police registered interventions,2011,649,Interventions
26,Sonora,0,Estatal,6200001136,State police registered interventions,2012,1732,Interventions
26,Sonora,0,Estatal,6200001136,State police registered interventions,2013,2871,Interventions
26,Sonora,0,Estatal,6200001136,State police registered interventions,2014,1833,Interventions
26,Sonora,0,Estatal,6200001136,State police registered interventions,2015,1365,Interventions
26,Sonora,0,Estatal,6200001141,Personnel assigned to state public safety functions,2009,3032,People
26,Sonora,0,Estatal,6200001141,Personnel assigned to state public safety functions,2010,2739,People
26,Sonora,0,Estatal,6200001141,Personnel assigned to state public safety functions,2011,5501,People
26,Sonora,0,Estatal,6200001141,Personnel assigned to state public safety functions,2012,936,People
26,Sonora,0,Estatal,6200001141,Personnel assigned to state public safety functions,2013,921,People
26,Sonora,0,Estatal,6200001141,Personnel assigned to state public safety functions,2014,891,People
26,Sonora,0,Estatal,6200001141,Personnel assigned to state public safety functions,2015,819,People
26,Sonora,0,Estatal,6200001142,Personnel assigned to state public safety functions (men),2009,2142,People
26,Sonora,0,Estatal,6200001142,Personnel assigned to state public safety functions (men),2010,1917,People
26,Sonora,0,Estatal,6200001142,Personnel assigned to state public safety functions (men),2011,3729,People
26,Sonora,0,Estatal,6200001142,Personnel assigned to state public safety functions (men),2012,730,People
26,Sonora,0,Estatal,6200001142,Personnel assigned to state public safety functions (men),2013,748,People
26,Sonora,0,Estatal,6200001142,Personnel assigned to state public safety functions (men),2014,730,People
26,Sonora,0,Estatal,6200001142,Personnel assigned to state public safety functions (men),2015,688,People
26,Sonora,0,Estatal,6200001143,Personnel assigned to state public safety functions (women),2009,890,People
26,Sonora,0,Estatal,6200001143,Personnel assigned to state public safety functions (women),2010,822,People
26,Sonora,0,Estatal,6200001143,Personnel assigned to state public safety functions (women),2011,1772,People
26,Sonora,0,Estatal,6200001143,Personnel assigned to state public safety functions (women),2012,206,People
26,Sonora,0,Estatal,6200001143,Personnel assigned to state public safety functions (women),2013,173,People
26,Sonora,0,Estatal,6200001143,Personnel assigned to state public safety functions (women),2014,161,People
26,Sonora,0,Estatal,6200001143,Personnel assigned to state public safety functions (women),2015,131,People
26,Sonora,0,Estatal,6200001144,Personnel assigned to state public safety functions (intermediate hierarchy level),2009,0,People
26,Sonora,0,Estatal,6200001144,Personnel assigned to state public safety functions (intermediate hierarchy level),2010,38,People
26,Sonora,0,Estatal,6200001144,Personnel assigned to state public safety functions (intermediate hierarchy level),2011,370,People
26,Sonora,0,Estatal,6200001144,Personnel assigned to state public safety functions (intermediate hierarchy level),2012,19,People
26,Sonora,0,Estatal,6200001144,Personnel assigned to state public safety functions (intermediate hierarchy level),2013,457,People
26,Sonora,0,Estatal,6200001144,Personnel assigned to state public safety functions (intermediate hierarchy level),2014,483,People
26,Sonora,0,Estatal,6200001144,Personnel assigned to state public safety functions (intermediate hierarchy level),2015,61,People
26,Sonora,0,Estatal,6200001145,Personnel assigned to state public safety functions (hierarchy operative level),2009,1837,People
26,Sonora,0,Estatal,6200001145,Personnel assigned to state public safety functions (hierarchy operative level),2010,10,People
26,Sonora,0,Estatal,6200001145,Personnel assigned to state public safety functions (hierarchy operative level),2011,3433,People
26,Sonora,0,Estatal,6200001145,Personnel assigned to state public safety functions (hierarchy operative level),2012,3,People
26,Sonora,0,Estatal,6200001145,Personnel assigned to state public safety functions (hierarchy operative level),2013,427,People
26,Sonora,0,Estatal,6200001145,Personnel assigned to state public safety functions (hierarchy operative level),2014,29,People
26,Sonora,0,Estatal,6200001145,Personnel assigned to state public safety functions (hierarchy operative level),2015,757,People
26,Sonora,0,Estatal,6200001146,Personnel assigned to state public safety functions (administrative personnel),2009,1195,People
26,Sonora,0,Estatal,6200001146,Personnel assigned to state public safety functions (administrative personnel),2010,2304,People
26,Sonora,0,Estatal,6200001146,Personnel assigned to state public safety functions (administrative personnel),2011,1649,People
26,Sonora,0,Estatal,6200001146,Personnel assigned to state public safety functions (administrative personnel),2012,31,People
26,Sonora,0,Estatal,6200001146,Personnel assigned to state public safety functions (administrative personnel),2013,-,People
26,Sonora,0,Estatal,6200001146,Personnel assigned to state public safety functions (administrative personnel),2014,33,People
26,Sonora,0,Estatal,6200001146,Personnel assigned to state public safety functions (administrative personnel),2015,0,People
26,Sonora,0,Estatal,6200001147,Personnel assigned to state public safety functions (first hierarchical level),2009,0,People
26,Sonora,0,Estatal,6200001147,Personnel assigned to state public safety functions (first hierarchical level),2010,387,People
26,Sonora,0,Estatal,6200001147,Personnel assigned to state public safety functions (first hierarchical level),2011,49,People
26,Sonora,0,Estatal,6200001147,Personnel assigned to state public safety functions (first hierarchical level),2012,883,People
26,Sonora,0,Estatal,6200001147,Personnel assigned to state public safety functions (first hierarchical level),2013,37,People
26,Sonora,0,Estatal,6200001147,Personnel assigned to state public safety functions (first hierarchical level),2014,346,People
26,Sonora,0,Estatal,6200001147,Personnel assigned to state public safety functions (first hierarchical level),2015,1,People
26,Sonora,0,Estatal,6200001148,Private security companies registered in state governments,2009,80,Businesses
26,Sonora,0,Estatal,6200001148,Private security companies registered in state governments,2010,99,Businesses
26,Sonora,0,Estatal,6200001148,Private security companies registered in state governments,2011,119,Businesses
26,Sonora,0,Estatal,6200001148,Private security companies registered in state governments,2012,130,Businesses
26,Sonora,0,Estatal,6200001148,Private security companies registered in state governments,2013,130,Businesses
26,Sonora,0,Estatal,6200001148,Private security companies registered in state governments,2014,136,Businesses
26,Sonora,0,Estatal,6200001148,Private security companies registered in state governments,2015,152,Businesses
26,Sonora,0,Estatal,6200001149,Admitted people to state penitentiary centers,2009,13349,People
26,Sonora,0,Estatal,6200001149,Admitted people to state penitentiary centers,2010,12619,People
26,Sonora,0,Estatal,6200001149,Admitted people to state penitentiary centers,2011,13185,People
26,Sonora,0,Estatal,6200001149,Admitted people to state penitentiary centers,2012,15271,People
26,Sonora,0,Estatal,6200001149,Admitted people to state penitentiary centers,2013,14035,People
26,Sonora,0,Estatal,6200001149,Admitted people to state penitentiary centers,2014,10920,People
26,Sonora,0,Estatal,6200001149,Admitted people to state penitentiary centers,2015,10156,People
26,Sonora,0,Estatal,6200001150,People admitted to state prisons for alleged offenses under state jurisdiction.,2009,10087,People
26,Sonora,0,Estatal,6200001150,People admitted to state prisons for alleged offenses under state jurisdiction.,2010,9790,People
26,Sonora,0,Estatal,6200001150,People admitted to state prisons for alleged offenses under state jurisdiction.,2011,9853,People
26,Sonora,0,Estatal,6200001150,People admitted to state prisons for alleged offenses under state jurisdiction.,2012,12633,People
26,Sonora,0,Estatal,6200001150,People admitted to state prisons for alleged offenses under state jurisdiction.,2013,13244,People
26,Sonora,0,Estatal,6200001150,People admitted to state prisons for alleged offenses under state jurisdiction.,2015,9659,People
26,Sonora,0,Estatal,6200001151,People admitted to state penitentiary centers for alleged crimes of federal jurisdiction,2009,3262,People
26,Sonora,0,Estatal,6200001151,People admitted to state penitentiary centers for alleged crimes of federal jurisdiction,2010,2829,People
26,Sonora,0,Estatal,6200001151,People admitted to state penitentiary centers for alleged crimes of federal jurisdiction,2011,3332,People
26,Sonora,0,Estatal,6200001151,People admitted to state penitentiary centers for alleged crimes of federal jurisdiction,2012,2638,People
26,Sonora,0,Estatal,6200001151,People admitted to state penitentiary centers for alleged crimes of federal jurisdiction,2013,791,People
26,Sonora,0,Estatal,6200001151,People admitted to state penitentiary centers for alleged crimes of federal jurisdiction,2015,495,People
26,Sonora,0,Estatal,6200001152,Released from state penitentiary centers,2009,11637,People
26,Sonora,0,Estatal,6200001152,Released from state penitentiary centers,2010,12321,People
26,Sonora,0,Estatal,6200001152,Released from state penitentiary centers,2011,13364,People
26,Sonora,0,Estatal,6200001152,Released from state penitentiary centers,2012,14890,People
26,Sonora,0,Estatal,6200001152,Released from state penitentiary centers,2013,14161,People
26,Sonora,0,Estatal,6200001152,Released from state penitentiary centers,2014,11761,People
26,Sonora,0,Estatal,6200001152,Released from state penitentiary centers,2015,10883,People
26,Sonora,0,Estatal,6200001153,People released from state penitentiaries for alleged crimes of common law.,2009,8545,People
26,Sonora,0,Estatal,6200001153,People released from state penitentiaries for alleged crimes of common law.,2010,8817,People
26,Sonora,0,Estatal,6200001153,People released from state penitentiaries for alleged crimes of common law.,2011,9874,People
26,Sonora,0,Estatal,6200001153,People released from state penitentiaries for alleged crimes of common law.,2012,11778,People
26,Sonora,0,Estatal,6200001153,People released from state penitentiaries for alleged crimes of common law.,2013,12817,People
26,Sonora,0,Estatal,6200001153,People released from state penitentiaries for alleged crimes of common law.,2015,10078,People
26,Sonora,0,Estatal,6200001154,People released from state penitentiary centers for alleged crimes of federal jurisdiction,2009,3092,People
26,Sonora,0,Estatal,6200001154,People released from state penitentiary centers for alleged crimes of federal jurisdiction,2010,3504,People
26,Sonora,0,Estatal,6200001154,People released from state penitentiary centers for alleged crimes of federal jurisdiction,2011,3490,People
26,Sonora,0,Estatal,6200001154,People released from state penitentiary centers for alleged crimes of federal jurisdiction,2012,3112,People
26,Sonora,0,Estatal,6200001154,People released from state penitentiary centers for alleged crimes of federal jurisdiction,2013,1344,People
26,Sonora,0,Estatal,6200001154,People released from state penitentiary centers for alleged crimes of federal jurisdiction,2015,805,People
26,Sonora,0,Estatal,6200001155,Prisoners in state penitentiary centers at year-end,2009,13757,People
26,Sonora,0,Estatal,6200001155,Prisoners in state penitentiary centers at year-end,2010,8703,People
26,Sonora,0,Estatal,6200001155,Prisoners in state penitentiary centers at year-end,2011,11660,People
26,Sonora,0,Estatal,6200001155,Prisoners in state penitentiary centers at year-end,2012,12084,People
26,Sonora,0,Estatal,6200001155,Prisoners in state penitentiary centers at year-end,2013,12128,People
26,Sonora,0,Estatal,6200001155,Prisoners in state penitentiary centers at year-end,2014,11373,People
26,Sonora,0,Estatal,6200001155,Prisoners in state penitentiary centers at year-end,2015,10688,People
26,Sonora,0,Estatal,6200001156,Inmates in state prisons at the end of the year for alleged crimes of common law.,2009,9519,People
26,Sonora,0,Estatal,6200001156,Inmates in state prisons at the end of the year for alleged crimes of common law.,2010,6465,People
26,Sonora,0,Estatal,6200001156,Inmates in state prisons at the end of the year for alleged crimes of common law.,2011,8075,People
26,Sonora,0,Estatal,6200001156,Inmates in state prisons at the end of the year for alleged crimes of common law.,2012,10008,People
26,Sonora,0,Estatal,6200001156,Inmates in state prisons at the end of the year for alleged crimes of common law.,2013,10436,People
26,Sonora,0,Estatal,6200001156,Inmates in state prisons at the end of the year for alleged crimes of common law.,2015,9980,People
26,Sonora,0,Estatal,6200001157,Inmates in state penitentiary centers at the end of the year for alleged crimes of federal jurisdiction,2009,4238,People
26,Sonora,0,Estatal,6200001157,Inmates in state penitentiary centers at the end of the year for alleged crimes of federal jurisdiction,2010,2238,People
26,Sonora,0,Estatal,6200001157,Inmates in state penitentiary centers at the end of the year for alleged crimes of federal jurisdiction,2011,3585,People
26,Sonora,0,Estatal,6200001157,Inmates in state penitentiary centers at the end of the year for alleged crimes of federal jurisdiction,2012,2076,People
26,Sonora,0,Estatal,6200001157,Inmates in state penitentiary centers at the end of the year for alleged crimes of federal jurisdiction,2013,1692,People
26,Sonora,0,Estatal,6200001157,Inmates in state penitentiary centers at the end of the year for alleged crimes of federal jurisdiction,2015,704,People
26,Sonora,0,Estatal,6200001158,Personnel at state penitentiary centers,2009,2613,People
26,Sonora,0,Estatal,6200001158,Personnel at state penitentiary centers,2010,1452,People
26,Sonora,0,Estatal,6200001158,Personnel at state penitentiary centers,2011,1438,People
26,Sonora,0,Estatal,6200001158,Personnel at state penitentiary centers,2012,1379,People
26,Sonora,0,Estatal,6200001158,Personnel at state penitentiary centers,2013,1375,People
26,Sonora,0,Estatal,6200001158,Personnel at state penitentiary centers,2014,1355,People
26,Sonora,0,Estatal,6200001158,Personnel at state penitentiary centers,2015,1285,People
26,Sonora,0,Estatal,6200001159,Personnel at state penitentiary centers (custodians and/or vigilants of hierarchy intermediate level),2009,80,People
26,Sonora,0,Estatal,6200001159,Personnel at state penitentiary centers (custodians and/or vigilants of hierarchy intermediate level),2010,174,People
26,Sonora,0,Estatal,6200001159,Personnel at state penitentiary centers (custodians and/or vigilants of hierarchy intermediate level),2011,160,People
26,Sonora,0,Estatal,6200001159,Personnel at state penitentiary centers (custodians and/or vigilants of hierarchy intermediate level),2012,138,People
26,Sonora,0,Estatal,6200001159,Personnel at state penitentiary centers (custodians and/or vigilants of hierarchy intermediate level),2013,131,People
26,Sonora,0,Estatal,6200001159,Personnel at state penitentiary centers (custodians and/or vigilants of hierarchy intermediate level),2014,112,People
26,Sonora,0,Estatal,6200001159,Personnel at state penitentiary centers (custodians and/or vigilants of hierarchy intermediate level),2015,36,People
26,Sonora,0,Estatal,6200001160,Personnel at state penitentiary centers (custodians and/or vigilants of hierarchy operative level),2009,893,People
26,Sonora,0,Estatal,6200001160,Personnel at state penitentiary centers (custodians and/or vigilants of hierarchy operative level),2010,674,People
26,Sonora,0,Estatal,6200001160,Personnel at state penitentiary centers (custodians and/or vigilants of hierarchy operative level),2011,743,People
26,Sonora,0,Estatal,6200001160,Personnel at state penitentiary centers (custodians and/or vigilants of hierarchy operative level),2012,716,People
26,Sonora,0,Estatal,6200001160,Personnel at state penitentiary centers (custodians and/or vigilants of hierarchy operative level),2013,722,People
26,Sonora,0,Estatal,6200001160,Personnel at state penitentiary centers (custodians and/or vigilants of hierarchy operative level),2014,704,People
26,Sonora,0,Estatal,6200001160,Personnel at state penitentiary centers (custodians and/or vigilants of hierarchy operative level),2015,716,People
26,Sonora,0,Estatal,6200001161,Personnel at state penitentiary centers (custodians and/or vigilants of first hierarchical level),2009,26,People
26,Sonora,0,Estatal,6200001161,Personnel at state penitentiary centers (custodians and/or vigilants of first hierarchical level),2010,17,People
26,Sonora,0,Estatal,6200001161,Personnel at state penitentiary centers (custodians and/or vigilants of first hierarchical level),2011,20,People
26,Sonora,0,Estatal,6200001161,Personnel at state penitentiary centers (custodians and/or vigilants of first hierarchical level),2012,13,People
26,Sonora,0,Estatal,6200001161,Personnel at state penitentiary centers (custodians and/or vigilants of first hierarchical level),2013,13,People
26,Sonora,0,Estatal,6200001161,Personnel at state penitentiary centers (custodians and/or vigilants of first hierarchical level),2014,13,People
26,Sonora,0,Estatal,6200001161,Personnel at state penitentiary centers (custodians and/or vigilants of first hierarchical level),2015,17,People
26,Sonora,0,Estatal,6200001162,"Personnel at state penitentiary centers (executive, administrative and/or operative)",2009,1614,People
26,Sonora,0,Estatal,6200001162,"Personnel at state penitentiary centers (executive, administrative and/or operative)",2010,520,People
26,Sonora,0,Estatal,6200001162,"Personnel at state penitentiary centers (executive, administrative and/or operative)",2011,434,People
26,Sonora,0,Estatal,6200001162,"Personnel at state penitentiary centers (executive, administrative and/or operative)",2012,352,People
26,Sonora,0,Estatal,6200001162,"Personnel at state penitentiary centers (executive, administrative and/or operative)",2013,447,People
26,Sonora,0,Estatal,6200001162,"Personnel at state penitentiary centers (executive, administrative and/or operative)",2014,469,People
26,Sonora,0,Estatal,6200001162,"Personnel at state penitentiary centers (executive, administrative and/or operative)",2015,95,People
26,Sonora,0,Estatal,6200001163,Personnel at state penitentiary centers (men),2009,2046,People
26,Sonora,0,Estatal,6200001163,Personnel at state penitentiary centers (men),2010,1074,People
26,Sonora,0,Estatal,6200001163,Personnel at state penitentiary centers (men),2011,1063,People
26,Sonora,0,Estatal,6200001163,Personnel at state penitentiary centers (men),2012,1008,People
26,Sonora,0,Estatal,6200001163,Personnel at state penitentiary centers (men),2013,997,People
26,Sonora,0,Estatal,6200001163,Personnel at state penitentiary centers (men),2014,973,People
26,Sonora,0,Estatal,6200001163,Personnel at state penitentiary centers (men),2015,912,People
26,Sonora,0,Estatal,6200001164,Personnel at state penitentiary centers (women),2009,567,People
26,Sonora,0,Estatal,6200001164,Personnel at state penitentiary centers (women),2010,378,People
26,Sonora,0,Estatal,6200001164,Personnel at state penitentiary centers (women),2011,375,People
26,Sonora,0,Estatal,6200001164,Personnel at state penitentiary centers (women),2012,371,People
26,Sonora,0,Estatal,6200001164,Personnel at state penitentiary centers (women),2013,378,People
26,Sonora,0,Estatal,6200001164,Personnel at state penitentiary centers (women),2014,382,People
26,Sonora,0,Estatal,6200001164,Personnel at state penitentiary centers (women),2015,373,People
26,Sonora,0,Estatal,6200001165,Personnel at state penitentiary centers (support personnel),2009,0,People
26,Sonora,0,Estatal,6200001165,Personnel at state penitentiary centers (support personnel),2010,67,People
26,Sonora,0,Estatal,6200001165,Personnel at state penitentiary centers (support personnel),2011,81,People
26,Sonora,0,Estatal,6200001165,Personnel at state penitentiary centers (support personnel),2012,160,People
26,Sonora,0,Estatal,6200001165,Personnel at state penitentiary centers (support personnel),2013,62,People
26,Sonora,0,Estatal,6200001165,Personnel at state penitentiary centers (support personnel),2014,57,People
26,Sonora,0,Estatal,6200001165,Personnel at state penitentiary centers (support personnel),2015,197,People
26,Sonora,0,Estatal,6200002068,Installed capacity in state penitentiary centers,2010,7880,Useful beds
26,Sonora,0,Estatal,6200002068,Installed capacity in state penitentiary centers,2011,7880,Useful beds
26,Sonora,0,Estatal,6200002068,Installed capacity in state penitentiary centers,2012,7592,Useful beds
26,Sonora,0,Estatal,6200002068,Installed capacity in state penitentiary centers,2013,7592,Useful beds
26,Sonora,0,Estatal,6200002068,Installed capacity in state penitentiary centers,2014,7592,Useful beds
26,Sonora,0,Estatal,6200002068,Installed capacity in state penitentiary centers,2015,7848,Useful beds
26,Sonora,0,Estatal,6200002069,Capacidad instalada en los centros penitenciarios estatales para hombres (camas útiles),2010,2683,Useful beds
26,Sonora,0,Estatal,6200002069,Capacidad instalada en los centros penitenciarios estatales para hombres (camas útiles),2011,2683,Useful beds
26,Sonora,0,Estatal,6200002069,Capacidad instalada en los centros penitenciarios estatales para hombres (camas útiles),2012,1480,Useful beds
26,Sonora,0,Estatal,6200002070,Installed capacity in mixed state penitentiary centers(useful beds),2010,5055,Useful beds
26,Sonora,0,Estatal,6200002070,Installed capacity in mixed state penitentiary centers(useful beds),2011,5055,Useful beds
26,Sonora,0,Estatal,6200002070,Installed capacity in mixed state penitentiary centers(useful beds),2012,5923,Useful beds
26,Sonora,0,Estatal,6200002071,Installed capacity in state women's penitentiary centers (useful beds),2010,142,Useful beds
26,Sonora,0,Estatal,6200002071,Installed capacity in state women's penitentiary centers (useful beds),2011,142,Useful beds
26,Sonora,0,Estatal,6200002071,Installed capacity in state women's penitentiary centers (useful beds),2012,189,Useful beds
26,Sonora,0,Estatal,6200002072,Installed in state treatment centers for adolescents capacity (useful beds),2010,496,Useful beds
26,Sonora,0,Estatal,6200002072,Installed in state treatment centers for adolescents capacity (useful beds),2011,499,Useful beds
26,Sonora,0,Estatal,6200002072,Installed in state treatment centers for adolescents capacity (useful beds),2012,553,Useful beds
26,Sonora,0,Estatal,6200002072,Installed in state treatment centers for adolescents capacity (useful beds),2013,482,Useful beds
26,Sonora,0,Estatal,6200002072,Installed in state treatment centers for adolescents capacity (useful beds),2014,507,Useful beds
26,Sonora,0,Estatal,6200002072,Installed in state treatment centers for adolescents capacity (useful beds),2015,628,Useful beds
26,Sonora,0,Estatal,6200002073,Personnel at state treatment centers for adolescents (custodians and/or vigilants of hierarchy intermediate level),2009,15,People
26,Sonora,0,Estatal,6200002073,Personnel at state treatment centers for adolescents (custodians and/or vigilants of hierarchy intermediate level),2010,15,People
26,Sonora,0,Estatal,6200002073,Personnel at state treatment centers for adolescents (custodians and/or vigilants of hierarchy intermediate level),2011,2,People
26,Sonora,0,Estatal,6200002073,Personnel at state treatment centers for adolescents (custodians and/or vigilants of hierarchy intermediate level),2012,13,People
26,Sonora,0,Estatal,6200002073,Personnel at state treatment centers for adolescents (custodians and/or vigilants of hierarchy intermediate level),2013,15,People
26,Sonora,0,Estatal,6200002073,Personnel at state treatment centers for adolescents (custodians and/or vigilants of hierarchy intermediate level),2014,10,People
26,Sonora,0,Estatal,6200002074,Personnel at state treatment centers for adolescents (custodians and/or vigilants of hierarchy operative level),2009,97,People
26,Sonora,0,Estatal,6200002074,Personnel at state treatment centers for adolescents (custodians and/or vigilants of hierarchy operative level),2010,107,People
26,Sonora,0,Estatal,6200002074,Personnel at state treatment centers for adolescents (custodians and/or vigilants of hierarchy operative level),2011,114,People
26,Sonora,0,Estatal,6200002074,Personnel at state treatment centers for adolescents (custodians and/or vigilants of hierarchy operative level),2012,116,People
26,Sonora,0,Estatal,6200002074,Personnel at state treatment centers for adolescents (custodians and/or vigilants of hierarchy operative level),2013,104,People
26,Sonora,0,Estatal,6200002074,Personnel at state treatment centers for adolescents (custodians and/or vigilants of hierarchy operative level),2014,102,People
26,Sonora,0,Estatal,6200002074,Personnel at state treatment centers for adolescents (custodians and/or vigilants of hierarchy operative level),2015,92,People
26,Sonora,0,Estatal,6200002075,Personnel at state treatment centers for adolescents (custodians and/or vigilants of first hierarchical level),2009,5,People
26,Sonora,0,Estatal,6200002075,Personnel at state treatment centers for adolescents (custodians and/or vigilants of first hierarchical level),2010,5,People
26,Sonora,0,Estatal,6200002075,Personnel at state treatment centers for adolescents (custodians and/or vigilants of first hierarchical level),2011,2,People
26,Sonora,0,Estatal,6200002075,Personnel at state treatment centers for adolescents (custodians and/or vigilants of first hierarchical level),2012,4,People
26,Sonora,0,Estatal,6200002075,Personnel at state treatment centers for adolescents (custodians and/or vigilants of first hierarchical level),2013,5,People
26,Sonora,0,Estatal,6200002075,Personnel at state treatment centers for adolescents (custodians and/or vigilants of first hierarchical level),2014,5,People
26,Sonora,0,Estatal,6200002075,Personnel at state treatment centers for adolescents (custodians and/or vigilants of first hierarchical level),2015,7,People
26,Sonora,0,Estatal,6200002076,Personnel at state treatment centers for adolescents (support),2009,21,People
26,Sonora,0,Estatal,6200002076,Personnel at state treatment centers for adolescents (support),2010,31,People
26,Sonora,0,Estatal,6200002076,Personnel at state treatment centers for adolescents (support),2011,0,People
26,Sonora,0,Estatal,6200002076,Personnel at state treatment centers for adolescents (support),2012,24,People
26,Sonora,0,Estatal,6200002076,Personnel at state treatment centers for adolescents (support),2013,26,People
26,Sonora,0,Estatal,6200002076,Personnel at state treatment centers for adolescents (support),2014,158,People
26,Sonora,0,Estatal,6200002076,Personnel at state treatment centers for adolescents (support),2015,0,People
26,Sonora,0,Estatal,6200002077,"Personnel at state treatment centers for adolescents (executive, administrative or operative)",2009,71,People
26,Sonora,0,Estatal,6200002077,"Personnel at state treatment centers for adolescents (executive, administrative or operative)",2010,152,People
26,Sonora,0,Estatal,6200002077,"Personnel at state treatment centers for adolescents (executive, administrative or operative)",2011,182,People
26,Sonora,0,Estatal,6200002077,"Personnel at state treatment centers for adolescents (executive, administrative or operative)",2012,62,People
26,Sonora,0,Estatal,6200002077,"Personnel at state treatment centers for adolescents (executive, administrative or operative)",2013,71,People
26,Sonora,0,Estatal,6200002077,"Personnel at state treatment centers for adolescents (executive, administrative or operative)",2014,44,People
26,Sonora,0,Estatal,6200002077,"Personnel at state treatment centers for adolescents (executive, administrative or operative)",2015,45,People
26,Sonora,0,Estatal,6200002078,Personnel at state treatment centers for adolescents (men),2009,139,People
26,Sonora,0,Estatal,6200002078,Personnel at state treatment centers for adolescents (men),2010,174,People
26,Sonora,0,Estatal,6200002078,Personnel at state treatment centers for adolescents (men),2011,166,People
26,Sonora,0,Estatal,6200002078,Personnel at state treatment centers for adolescents (men),2012,152,People
26,Sonora,0,Estatal,6200002078,Personnel at state treatment centers for adolescents (men),2013,143,People
26,Sonora,0,Estatal,6200002078,Personnel at state treatment centers for adolescents (men),2014,281,People
26,Sonora,0,Estatal,6200002078,Personnel at state treatment centers for adolescents (men),2015,131,People
26,Sonora,0,Estatal,6200002079,Personnel at state treatment centers for adolescents (women),2009,70,People
26,Sonora,0,Estatal,6200002079,Personnel at state treatment centers for adolescents (women),2010,136,People
26,Sonora,0,Estatal,6200002079,Personnel at state treatment centers for adolescents (women),2011,134,People
26,Sonora,0,Estatal,6200002079,Personnel at state treatment centers for adolescents (women),2012,67,People
26,Sonora,0,Estatal,6200002079,Personnel at state treatment centers for adolescents (women),2013,78,People
26,Sonora,0,Estatal,6200002079,Personnel at state treatment centers for adolescents (women),2014,38,People
26,Sonora,0,Estatal,6200002079,Personnel at state treatment centers for adolescents (women),2015,98,People
26,Sonora,0,Estatal,6200002080,Personnel at institutions of state public administrations (economic development),2009,307,People
26,Sonora,0,Estatal,6200002080,Personnel at institutions of state public administrations (economic development),2010,129,People
26,Sonora,0,Estatal,6200002080,Personnel at institutions of state public administrations (economic development),2011,108,People
26,Sonora,0,Estatal,6200002080,Personnel at institutions of state public administrations (economic development),2012,291,People
26,Sonora,0,Estatal,6200002080,Personnel at institutions of state public administrations (economic development),2013,242,People
26,Sonora,0,Estatal,6200002080,Personnel at institutions of state public administrations (economic development),2014,202,People
26,Sonora,0,Estatal,6200002081,Personnel at institutions of state public administrations (social development),2009,829,People
26,Sonora,0,Estatal,6200002081,Personnel at institutions of state public administrations (social development),2010,179,People
26,Sonora,0,Estatal,6200002081,Personnel at institutions of state public administrations (social development),2011,179,People
26,Sonora,0,Estatal,6200002081,Personnel at institutions of state public administrations (social development),2012,544,People
26,Sonora,0,Estatal,6200002081,Personnel at institutions of state public administrations (social development),2013,207,People
26,Sonora,0,Estatal,6200002081,Personnel at institutions of state public administrations (social development),2014,164,People
26,Sonora,0,Estatal,6200002081,Personnel at institutions of state public administrations (social development),2015,134,People
26,Sonora,0,Estatal,6200002082,"Personnel at institutions of state public administrations (primary and upper secondary education, culture and/or science and technology)",2009,37580,People
26,Sonora,0,Estatal,6200002082,"Personnel at institutions of state public administrations (primary and upper secondary education, culture and/or science and technology)",2010,29825,People
26,Sonora,0,Estatal,6200002083,Personnel at institutions of state public administrations (tertiary education),2009,1344,People
26,Sonora,0,Estatal,6200002083,Personnel at institutions of state public administrations (tertiary education),2010,NA,People
26,Sonora,0,Estatal,6200002083,Personnel at institutions of state public administrations (tertiary education),2011,-,People
26,Sonora,0,Estatal,6200002083,Personnel at institutions of state public administrations (tertiary education),2012,-,People
26,Sonora,0,Estatal,6200002083,Personnel at institutions of state public administrations (tertiary education),2013,0,People
26,Sonora,0,Estatal,6200002083,Personnel at institutions of state public administrations (tertiary education),2014,107,People
26,Sonora,0,Estatal,6200002084,Personnel at institutions of state public administrations (government),2009,870,People
26,Sonora,0,Estatal,6200002084,Personnel at institutions of state public administrations (government),2010,863,People
26,Sonora,0,Estatal,6200002084,Personnel at institutions of state public administrations (government),2011,703,People
26,Sonora,0,Estatal,6200002084,Personnel at institutions of state public administrations (government),2012,2492,People
26,Sonora,0,Estatal,6200002084,Personnel at institutions of state public administrations (government),2013,726,People
26,Sonora,0,Estatal,6200002084,Personnel at institutions of state public administrations (government),2014,727,People
26,Sonora,0,Estatal,6200002085,Personnel at institutions of state public administrations (health),2009,7916,People
26,Sonora,0,Estatal,6200002085,Personnel at institutions of state public administrations (health),2010,2284,People
26,Sonora,0,Estatal,6200002085,Personnel at institutions of state public administrations (health),2011,2307,People
26,Sonora,0,Estatal,6200002085,Personnel at institutions of state public administrations (health),2012,2814,People
26,Sonora,0,Estatal,6200002085,Personnel at institutions of state public administrations (health),2013,2758,People
26,Sonora,0,Estatal,6200002085,Personnel at institutions of state public administrations (health),2014,2609,People
26,Sonora,0,Estatal,6200002086,Personnel at institutions of state public administrations (public safety and/or transit),2009,2388,People
26,Sonora,0,Estatal,6200002086,Personnel at institutions of state public administrations (public safety and/or transit),2010,2488,People
26,Sonora,0,Estatal,6200002086,Personnel at institutions of state public administrations (public safety and/or transit),2011,2966,People
26,Sonora,0,Estatal,6200002086,Personnel at institutions of state public administrations (public safety and/or transit),2012,3298,People
26,Sonora,0,Estatal,6200002086,Personnel at institutions of state public administrations (public safety and/or transit),2013,3106,People
26,Sonora,0,Estatal,6200002086,Personnel at institutions of state public administrations (public safety and/or transit),2014,3153,People
26,Sonora,0,Estatal,6200002087,Personnel at institutions of state public administrations (treasury or finances),2009,2098,People
26,Sonora,0,Estatal,6200002087,Personnel at institutions of state public administrations (treasury or finances),2010,2225,People
26,Sonora,0,Estatal,6200002087,Personnel at institutions of state public administrations (treasury or finances),2011,2324,People
26,Sonora,0,Estatal,6200002087,Personnel at institutions of state public administrations (treasury or finances),2012,2269,People
26,Sonora,0,Estatal,6200002087,Personnel at institutions of state public administrations (treasury or finances),2013,2293,People
26,Sonora,0,Estatal,6200002087,Personnel at institutions of state public administrations (treasury or finances),2014,2279,People
26,Sonora,0,Estatal,6200002166,Personnel at institutions of state public administrations (other functions),2009,6984,People
26,Sonora,0,Estatal,6200002166,Personnel at institutions of state public administrations (other functions),2010,4799,People
26,Sonora,0,Estatal,6200002166,Personnel at institutions of state public administrations (other functions),2011,5063,People
26,Sonora,0,Estatal,6200002166,Personnel at institutions of state public administrations (other functions),2012,5127,People
26,Sonora,0,Estatal,6200002166,Personnel at institutions of state public administrations (other functions),2013,6865,People
26,Sonora,0,Estatal,6200002166,Personnel at institutions of state public administrations (other functions),2014,5134,People
26,Sonora,0,Estatal,6200028808,Public servers of state government penalized for offenses committed during public service (bribery and/or influence peddling and/or abuse of authority and/or concussion and/or embezzlement and/or misappropriation and/or graft and/or other),2010,NA,People
26,Sonora,0,Estatal,6200028808,Public servers of state government penalized for offenses committed during public service (bribery and/or influence peddling and/or abuse of authority and/or concussion and/or embezzlement and/or misappropriation and/or graft and/or other),2011,41,People
26,Sonora,0,Estatal,6200028808,Public servers of state government penalized for offenses committed during public service (bribery and/or influence peddling and/or abuse of authority and/or concussion and/or embezzlement and/or misappropriation and/or graft and/or other),2012,8,People
26,Sonora,0,Estatal,6200028808,Public servers of state government penalized for offenses committed during public service (bribery and/or influence peddling and/or abuse of authority and/or concussion and/or embezzlement and/or misappropriation and/or graft and/or other),2013,NA,People
26,Sonora,0,Estatal,6200028808,Public servers of state government penalized for offenses committed during public service (bribery and/or influence peddling and/or abuse of authority and/or concussion and/or embezzlement and/or misappropriation and/or graft and/or other),2014,14,People
26,Sonora,0,Estatal,6200028809,Public servers of state government penalized by other acts committed during public service,2010,NA,People
26,Sonora,0,Estatal,6200028809,Public servers of state government penalized by other acts committed during public service,2011,38,People
26,Sonora,0,Estatal,6200028809,Public servers of state government penalized by other acts committed during public service,2012,NA,People
26,Sonora,0,Estatal,6200028809,Public servers of state government penalized by other acts committed during public service,2013,256,People
26,Sonora,0,Estatal,6200028809,Public servers of state government penalized by other acts committed during public service,2014,-,People
26,Sonora,0,Estatal,6200028896,Public servers of state government penalized for offenses committed during public service (administrative negligence or others),2010,373,People
26,Sonora,0,Estatal,6200028896,Public servers of state government penalized for offenses committed during public service (administrative negligence or others),2011,221,People
26,Sonora,0,Estatal,6200028896,Public servers of state government penalized for offenses committed during public service (administrative negligence or others),2012,149,People
26,Sonora,0,Estatal,6200028896,Public servers of state government penalized for offenses committed during public service (administrative negligence or others),2013,526,People
26,Sonora,0,Estatal,6200028896,Public servers of state government penalized for offenses committed during public service (administrative negligence or others),2014,29,People

