﻿id_indicador,nombre,año,notas
6300000252,Defunciones por homicidio. Hombre,2018,"A partir del 31 de octubre de 2019, se actualizó la información de 2018 con cifras definitivas, debido a que concluyeron los procesos de generación de la estadística de defunciones registradas, para dicho periodo."
6300000264,Defunciones por homicidio,2018,"A partir del 31 de octubre de 2019, se actualizó la información de 2018 con cifras definitivas, debido a que concluyeron los procesos de generación de la estadística de defunciones registradas, para dicho periodo."
6300000268,Defunciones por homicidio. Mujer,2018,"A partir del 31 de octubre de 2019, se actualizó la información de 2018 con cifras definitivas, debido a que concluyeron los procesos de generación de la estadística de defunciones registradas, para dicho periodo."

