﻿cve_entidad,desc_entidad,cve_municipio,desc_municipio,id_indicador,indicador,año,valor,unidad_medida
26,Sonora,0,Estatal,6200002197,Criminal prevalence rate for every one hundred thousand inhabitants aged 18 years and over,2010,29007.5852584592,"Cases per 100,000 inhabitants"
26,Sonora,0,Estatal,6200002197,Criminal prevalence rate for every one hundred thousand inhabitants aged 18 years and over,2011,29979.9424233281,"Cases per 100,000 inhabitants"
26,Sonora,0,Estatal,6200002197,Criminal prevalence rate for every one hundred thousand inhabitants aged 18 years and over,2012,29130.7582014734,"Cases per 100,000 inhabitants"
26,Sonora,0,Estatal,6200002197,Criminal prevalence rate for every one hundred thousand inhabitants aged 18 years and over,2013,27394.5572809637,"Cases per 100,000 inhabitants"
26,Sonora,0,Estatal,6200002197,Criminal prevalence rate for every one hundred thousand inhabitants aged 18 years and over,2014,24245.6356953593,"Cases per 100,000 inhabitants"
26,Sonora,0,Estatal,6200002197,Criminal prevalence rate for every one hundred thousand inhabitants aged 18 years and over,2015,29587.4655037835,"Cases per 100,000 inhabitants"
26,Sonora,0,Estatal,6200002197,Criminal prevalence rate for every one hundred thousand inhabitants aged 18 years and over,2016,33268.3171530585,"Cases per 100,000 inhabitants"
26,Sonora,0,Estatal,6200002197,Criminal prevalence rate for every one hundred thousand inhabitants aged 18 years and over,2017,31183.7522166833,"Cases per 100,000 inhabitants"
26,Sonora,0,Estatal,6200002197,Criminal prevalence rate for every one hundred thousand inhabitants aged 18 years and over,2018,31853.2313636991,"Cases per 100,000 inhabitants"
26,Sonora,0,Estatal,6200002197,Criminal prevalence rate for every one hundred thousand inhabitants aged 18 years and over,2019,21588.8613317427,"Cases per 100,000 inhabitants"
26,Sonora,0,Estatal,6200002198,"Rate of people aged 18 and older who considered unsafe their state, for every hundred thousand inhabitants of 18 years and over",2011,45951.8128536493,"Cases per 100,000 inhabitants"
26,Sonora,0,Estatal,6200002198,"Rate of people aged 18 and older who considered unsafe their state, for every hundred thousand inhabitants of 18 years and over",2012,42387.678360513,"Cases per 100,000 inhabitants"
26,Sonora,0,Estatal,6200002198,"Rate of people aged 18 and older who considered unsafe their state, for every hundred thousand inhabitants of 18 years and over",2013,52461.5282335679,"Cases per 100,000 inhabitants"
26,Sonora,0,Estatal,6200002198,"Rate of people aged 18 and older who considered unsafe their state, for every hundred thousand inhabitants of 18 years and over",2014,57186.4717026637,"Cases per 100,000 inhabitants"
26,Sonora,0,Estatal,6200002198,"Rate of people aged 18 and older who considered unsafe their state, for every hundred thousand inhabitants of 18 years and over",2015,62465.510285588,"Cases per 100,000 inhabitants"
26,Sonora,0,Estatal,6200002198,"Rate of people aged 18 and older who considered unsafe their state, for every hundred thousand inhabitants of 18 years and over",2016,51262.565273417,"Cases per 100,000 inhabitants"
26,Sonora,0,Estatal,6200002198,"Rate of people aged 18 and older who considered unsafe their state, for every hundred thousand inhabitants of 18 years and over",2017,57362.22176320733,"Cases per 100,000 inhabitants"
26,Sonora,0,Estatal,6200002198,"Rate of people aged 18 and older who considered unsafe their state, for every hundred thousand inhabitants of 18 years and over",2018,66946.4838251915,"Cases per 100,000 inhabitants"
26,Sonora,0,Estatal,6200002198,"Rate of people aged 18 and older who considered unsafe their state, for every hundred thousand inhabitants of 18 years and over",2020,68372.3503119883,"Cases per 100,000 inhabitants"
26,Sonora,0,Estatal,6200005814,Percentage of crimes involving the use of weapons for people aged 18 years and over,2010,33.5629794286055,Percentage
26,Sonora,0,Estatal,6200005814,Percentage of crimes involving the use of weapons for people aged 18 years and over,2011,30.8134182715322,Percentage
26,Sonora,0,Estatal,6200005814,Percentage of crimes involving the use of weapons for people aged 18 years and over,2012,28.6430426786493,Percentage
26,Sonora,0,Estatal,6200005814,Percentage of crimes involving the use of weapons for people aged 18 years and over,2013,28.8488936331276,Percentage
26,Sonora,0,Estatal,6200005814,Percentage of crimes involving the use of weapons for people aged 18 years and over,2014,42.9104251686264,Percentage
26,Sonora,0,Estatal,6200005814,Percentage of crimes involving the use of weapons for people aged 18 years and over,2015,31.2866967697117,Percentage
26,Sonora,0,Estatal,6200005814,Percentage of crimes involving the use of weapons for people aged 18 years and over,2016,39.936783942803004,Percentage
26,Sonora,0,Estatal,6200005814,Percentage of crimes involving the use of weapons for people aged 18 years and over,2017,45.0120085088863,Percentage
26,Sonora,0,Estatal,6200005814,Percentage of crimes involving the use of weapons for people aged 18 years and over,2019,23.6890163149799,Percentage
26,Sonora,0,Estatal,6200005815,"Rate of people aged 18 years and over that consider their neighborhood or locality as unsafe, per hundred thousand population aged 18 years and over",2011,29847.1497199433,"Cases per 100,000 inhabitants"
26,Sonora,0,Estatal,6200005815,"Rate of people aged 18 years and over that consider their neighborhood or locality as unsafe, per hundred thousand population aged 18 years and over",2012,27705.7323385112,"Cases per 100,000 inhabitants"
26,Sonora,0,Estatal,6200005815,"Rate of people aged 18 years and over that consider their neighborhood or locality as unsafe, per hundred thousand population aged 18 years and over",2013,35460.3498827669,"Cases per 100,000 inhabitants"
26,Sonora,0,Estatal,6200005815,"Rate of people aged 18 years and over that consider their neighborhood or locality as unsafe, per hundred thousand population aged 18 years and over",2014,36778.6454304465,"Cases per 100,000 inhabitants"
26,Sonora,0,Estatal,6200005815,"Rate of people aged 18 years and over that consider their neighborhood or locality as unsafe, per hundred thousand population aged 18 years and over",2015,41148.1299023036,"Cases per 100,000 inhabitants"
26,Sonora,0,Estatal,6200005815,"Rate of people aged 18 years and over that consider their neighborhood or locality as unsafe, per hundred thousand population aged 18 years and over",2016,40286.0304511773,"Cases per 100,000 inhabitants"
26,Sonora,0,Estatal,6200005815,"Rate of people aged 18 years and over that consider their neighborhood or locality as unsafe, per hundred thousand population aged 18 years and over",2017,44307.1989927901,"Cases per 100,000 inhabitants"
26,Sonora,0,Estatal,6200005815,"Rate of people aged 18 years and over that consider their neighborhood or locality as unsafe, per hundred thousand population aged 18 years and over",2018,43886.3825846191,"Cases per 100,000 inhabitants"
26,Sonora,0,Estatal,6200005815,"Rate of people aged 18 years and over that consider their neighborhood or locality as unsafe, per hundred thousand population aged 18 years and over",2020,43416.8252422888,"Cases per 100,000 inhabitants"
26,Sonora,0,Estatal,6200005816,"Rate of people aged 18 years and over that consider their municipality or delegation as unsafe, per hundred thousand population aged 18 years and over",2011,42531.7300313034,"Cases per 100,000 inhabitants"
26,Sonora,0,Estatal,6200005816,"Rate of people aged 18 years and over that consider their municipality or delegation as unsafe, per hundred thousand population aged 18 years and over",2012,40230.4751944806,"Cases per 100,000 inhabitants"
26,Sonora,0,Estatal,6200005816,"Rate of people aged 18 years and over that consider their municipality or delegation as unsafe, per hundred thousand population aged 18 years and over",2013,48889.6229225089,"Cases per 100,000 inhabitants"
26,Sonora,0,Estatal,6200005816,"Rate of people aged 18 years and over that consider their municipality or delegation as unsafe, per hundred thousand population aged 18 years and over",2014,53337.4588941518,"Cases per 100,000 inhabitants"
26,Sonora,0,Estatal,6200005816,"Rate of people aged 18 years and over that consider their municipality or delegation as unsafe, per hundred thousand population aged 18 years and over",2015,57934.1548017994,"Cases per 100,000 inhabitants"
26,Sonora,0,Estatal,6200005816,"Rate of people aged 18 years and over that consider their municipality or delegation as unsafe, per hundred thousand population aged 18 years and over",2016,54424.4413475563,"Cases per 100,000 inhabitants"
26,Sonora,0,Estatal,6200005816,"Rate of people aged 18 years and over that consider their municipality or delegation as unsafe, per hundred thousand population aged 18 years and over",2017,60277.2285992505,"Cases per 100,000 inhabitants"
26,Sonora,0,Estatal,6200005816,"Rate of people aged 18 years and over that consider their municipality or delegation as unsafe, per hundred thousand population aged 18 years and over",2018,65736.8630826195,"Cases per 100,000 inhabitants"
26,Sonora,0,Estatal,6200005816,"Rate of people aged 18 years and over that consider their municipality or delegation as unsafe, per hundred thousand population aged 18 years and over",2020,65157.1005000664,"Cases per 100,000 inhabitants"
26,Sonora,0,Estatal,6200005819,Average cost of crime against individuals and households,2010,5677.55131999474,Pesos
26,Sonora,0,Estatal,6200005819,Average cost of crime against individuals and households,2011,5129.38324194073,Pesos
26,Sonora,0,Estatal,6200005819,Average cost of crime against individuals and households,2012,6645.37184389643,Pesos
26,Sonora,0,Estatal,6200005819,Average cost of crime against individuals and households,2013,5256.08843681712,Pesos
26,Sonora,0,Estatal,6200005819,Average cost of crime against individuals and households,2014,5386.67054346907,Pesos
26,Sonora,0,Estatal,6200005819,Average cost of crime against individuals and households,2015,5377.06130032198,Pesos
26,Sonora,0,Estatal,6200005819,Average cost of crime against individuals and households,2016,5774.413031647744,Pesos
26,Sonora,0,Estatal,6200005819,Average cost of crime against individuals and households,2017,7026.30876915918,Pesos
26,Sonora,0,Estatal,6200005819,Average cost of crime against individuals and households,2019,5694.5932404592,Pesos
26,Sonora,0,Estatal,6200005820,Cost of crime against individuals and households,2010,5139279712,Pesos
26,Sonora,0,Estatal,6200005820,Cost of crime against individuals and households,2011,5019419524,Pesos
26,Sonora,0,Estatal,6200005820,Cost of crime against individuals and households,2012,6555140985,Pesos
26,Sonora,0,Estatal,6200005820,Cost of crime against individuals and households,2013,5253187076,Pesos
26,Sonora,0,Estatal,6200005820,Cost of crime against individuals and households,2014,5285977511,Pesos
26,Sonora,0,Estatal,6200005820,Cost of crime against individuals and households,2015,5377383924,Pesos
26,Sonora,0,Estatal,6200005820,Cost of crime against individuals and households,2016,6674164747,Pesos
26,Sonora,0,Estatal,6200005820,Cost of crime against individuals and households,2017,7474481874,Pesos
26,Sonora,0,Estatal,6200005820,Cost of crime against individuals and households,2019,5622192182,Pesos
26,Sonora,0,Estatal,6200009721,Percentage of households victims of crime,2010,33.8804527616515,Percentage
26,Sonora,0,Estatal,6200009721,Percentage of households victims of crime,2011,36.3320229617883,Percentage
26,Sonora,0,Estatal,6200009721,Percentage of households victims of crime,2012,33.6065658751779,Percentage
26,Sonora,0,Estatal,6200009721,Percentage of households victims of crime,2013,31.8383018923051,Percentage
26,Sonora,0,Estatal,6200009721,Percentage of households victims of crime,2014,28.462314082376,Percentage
26,Sonora,0,Estatal,6200009721,Percentage of households victims of crime,2015,34.7049517649885,Percentage
26,Sonora,0,Estatal,6200009721,Percentage of households victims of crime,2016,39.20549941758046,Percentage
26,Sonora,0,Estatal,6200009721,Percentage of households victims of crime,2017,36.9188640383932,Percentage
26,Sonora,0,Estatal,6200009721,Percentage of households victims of crime,2018,36.2569714770083,Percentage
26,Sonora,0,Estatal,6200009721,Percentage of households victims of crime,2019,25.4115358029748,Percentage
26,Sonora,0,Estatal,6200009721,Percentage of households victims of crime,2020,30.0521812853889,Percentage
26,Sonora,0,Estatal,6200009722,Average number of crimes per victim aged 18 years and older,2010,1.62077362075085,Average
26,Sonora,0,Estatal,6200009722,Average number of crimes per victim aged 18 years and older,2011,1.28938627753022,Average
26,Sonora,0,Estatal,6200009722,Average number of crimes per victim aged 18 years and older,2012,1.18175365329461,Average
26,Sonora,0,Estatal,6200009722,Average number of crimes per victim aged 18 years and older,2013,1.14969842404697,Average
26,Sonora,0,Estatal,6200009722,Average number of crimes per victim aged 18 years and older,2014,1.10338664531679,Average
26,Sonora,0,Estatal,6200009722,Average number of crimes per victim aged 18 years and older,2015,1.4045684773038,Average
26,Sonora,0,Estatal,6200009722,Average number of crimes per victim aged 18 years and older,2016,1.28372493192482,Average
26,Sonora,0,Estatal,6200009722,Average number of crimes per victim aged 18 years and older,2017,1.296474329289,Average
26,Sonora,0,Estatal,6200009722,Average number of crimes per victim aged 18 years and older,2019,1.21110624074255,Average
26,Sonora,0,Estatal,6200028394,"Criminal prevalence rate for every one hundred thousand inhabitants of 18 years and over, women",2010,29108.3981011932,"Cases per 100,000 inhabitants"
26,Sonora,0,Estatal,6200028394,"Criminal prevalence rate for every one hundred thousand inhabitants of 18 years and over, women",2011,29903.5701924869,"Cases per 100,000 inhabitants"
26,Sonora,0,Estatal,6200028394,"Criminal prevalence rate for every one hundred thousand inhabitants of 18 years and over, women",2012,28674.3791258026,"Cases per 100,000 inhabitants"
26,Sonora,0,Estatal,6200028394,"Criminal prevalence rate for every one hundred thousand inhabitants of 18 years and over, women",2013,26832.5578396831,"Cases per 100,000 inhabitants"
26,Sonora,0,Estatal,6200028394,"Criminal prevalence rate for every one hundred thousand inhabitants of 18 years and over, women",2014,22165.2919604627,"Cases per 100,000 inhabitants"
26,Sonora,0,Estatal,6200028394,"Criminal prevalence rate for every one hundred thousand inhabitants of 18 years and over, women",2015,26711.4902948897,"Cases per 100,000 inhabitants"
26,Sonora,0,Estatal,6200028394,"Criminal prevalence rate for every one hundred thousand inhabitants of 18 years and over, women",2016,30386.9497483386,"Cases per 100,000 inhabitants"
26,Sonora,0,Estatal,6200028394,"Criminal prevalence rate for every one hundred thousand inhabitants of 18 years and over, women",2017,31723.1486333969,"Cases per 100,000 inhabitants"
26,Sonora,0,Estatal,6200028394,"Criminal prevalence rate for every one hundred thousand inhabitants of 18 years and over, women",2018,33419.9085262739,"Cases per 100,000 inhabitants"
26,Sonora,0,Estatal,6200028394,"Criminal prevalence rate for every one hundred thousand inhabitants of 18 years and over, women",2019,18422.4485558291,"Cases per 100,000 inhabitants"
26,Sonora,0,Estatal,6200028395,"Criminal prevalence rate for every one hundred thousand inhabitants of 18 years and over, men",2010,28911.0426141875,"Cases per 100,000 inhabitants"
26,Sonora,0,Estatal,6200028395,"Criminal prevalence rate for every one hundred thousand inhabitants of 18 years and over, men",2011,30054.6453779552,"Cases per 100,000 inhabitants"
26,Sonora,0,Estatal,6200028395,"Criminal prevalence rate for every one hundred thousand inhabitants of 18 years and over, men",2012,29604.664339761,"Cases per 100,000 inhabitants"
26,Sonora,0,Estatal,6200028395,"Criminal prevalence rate for every one hundred thousand inhabitants of 18 years and over, men",2013,27977.2565229939,"Cases per 100,000 inhabitants"
26,Sonora,0,Estatal,6200028395,"Criminal prevalence rate for every one hundred thousand inhabitants of 18 years and over, men",2014,26394.0057033594,"Cases per 100,000 inhabitants"
26,Sonora,0,Estatal,6200028395,"Criminal prevalence rate for every one hundred thousand inhabitants of 18 years and over, men",2015,32865.2055058338,"Cases per 100,000 inhabitants"
26,Sonora,0,Estatal,6200028395,"Criminal prevalence rate for every one hundred thousand inhabitants of 18 years and over, men",2016,36526.2477326574,"Cases per 100,000 inhabitants"
26,Sonora,0,Estatal,6200028395,"Criminal prevalence rate for every one hundred thousand inhabitants of 18 years and over, men",2017,30554.9937764138,"Cases per 100,000 inhabitants"
26,Sonora,0,Estatal,6200028395,"Criminal prevalence rate for every one hundred thousand inhabitants of 18 years and over, men",2018,30225.4342925341,"Cases per 100,000 inhabitants"
26,Sonora,0,Estatal,6200028395,"Criminal prevalence rate for every one hundred thousand inhabitants of 18 years and over, men",2019,24938.4411490001,"Cases per 100,000 inhabitants"
26,Sonora,0,Estatal,6200028487,Percentage of people aged 18 years and over who identifies the Navy and considers its work somewhat effective,2011,37.0573277767492,Percentage
26,Sonora,0,Estatal,6200028487,Percentage of people aged 18 years and over who identifies the Navy and considers its work somewhat effective,2012,32.1210847763497,Percentage
26,Sonora,0,Estatal,6200028487,Percentage of people aged 18 years and over who identifies the Navy and considers its work somewhat effective,2013,37.0418358366798,Percentage
26,Sonora,0,Estatal,6200028487,Percentage of people aged 18 years and over who identifies the Navy and considers its work somewhat effective,2014,32.3841521695446,Percentage
26,Sonora,0,Estatal,6200028487,Percentage of people aged 18 years and over who identifies the Navy and considers its work somewhat effective,2015,29.778371650638,Percentage
26,Sonora,0,Estatal,6200028487,Percentage of people aged 18 years and over who identifies the Navy and considers its work somewhat effective,2016,31.7590578992213,Percentage
26,Sonora,0,Estatal,6200028487,Percentage of people aged 18 years and over who identifies the Navy and considers its work somewhat effective,2017,38.2168732243901,Percentage
26,Sonora,0,Estatal,6200028487,Percentage of people aged 18 years and over who identifies the Navy and considers its work somewhat effective,2018,39.6986292346669,Percentage
26,Sonora,0,Estatal,6200028487,Percentage of people aged 18 years and over who identifies the Navy and considers its work somewhat effective,2019,39.4631747670407,Percentage
26,Sonora,0,Estatal,6200028487,Percentage of people aged 18 years and over who identifies the Navy and considers its work somewhat effective,2020,41.1547614741944,Percentage
26,Sonora,0,Estatal,6200028488,Percentage of people aged 18 years and over who identifies the army and considers its work somewhat effective,2011,34.696920803097,Percentage
26,Sonora,0,Estatal,6200028488,Percentage of people aged 18 years and over who identifies the army and considers its work somewhat effective,2012,33.5019775643441,Percentage
26,Sonora,0,Estatal,6200028488,Percentage of people aged 18 years and over who identifies the army and considers its work somewhat effective,2013,36.0914666497818,Percentage
26,Sonora,0,Estatal,6200028488,Percentage of people aged 18 years and over who identifies the army and considers its work somewhat effective,2014,35.3586463395166,Percentage
26,Sonora,0,Estatal,6200028488,Percentage of people aged 18 years and over who identifies the army and considers its work somewhat effective,2015,33.0932504513041,Percentage
26,Sonora,0,Estatal,6200028488,Percentage of people aged 18 years and over who identifies the army and considers its work somewhat effective,2016,37.3011501512745,Percentage
26,Sonora,0,Estatal,6200028488,Percentage of people aged 18 years and over who identifies the army and considers its work somewhat effective,2017,41.3971597791389,Percentage
26,Sonora,0,Estatal,6200028488,Percentage of people aged 18 years and over who identifies the army and considers its work somewhat effective,2018,43.15057417139,Percentage
26,Sonora,0,Estatal,6200028488,Percentage of people aged 18 years and over who identifies the army and considers its work somewhat effective,2019,42.4274942040355,Percentage
26,Sonora,0,Estatal,6200028488,Percentage of people aged 18 years and over who identifies the army and considers its work somewhat effective,2020,43.0220086864284,Percentage
26,Sonora,0,Estatal,6200028489,Percentage of people aged 18 years and over which identify the army and consider their work very effective or somewhat effective,2011,81.61726454129,Percentage
26,Sonora,0,Estatal,6200028489,Percentage of people aged 18 years and over which identify the army and consider their work very effective or somewhat effective,2012,80.3916051905133,Percentage
26,Sonora,0,Estatal,6200028489,Percentage of people aged 18 years and over which identify the army and consider their work very effective or somewhat effective,2013,81.5779590963378,Percentage
26,Sonora,0,Estatal,6200028489,Percentage of people aged 18 years and over which identify the army and consider their work very effective or somewhat effective,2014,83.9135711290981,Percentage
26,Sonora,0,Estatal,6200028489,Percentage of people aged 18 years and over which identify the army and consider their work very effective or somewhat effective,2015,85.0537174387166,Percentage
26,Sonora,0,Estatal,6200028489,Percentage of people aged 18 years and over which identify the army and consider their work very effective or somewhat effective,2016,84.8545372065672,Percentage
26,Sonora,0,Estatal,6200028489,Percentage of people aged 18 years and over which identify the army and consider their work very effective or somewhat effective,2017,84.9984735847228,Percentage
26,Sonora,0,Estatal,6200028489,Percentage of people aged 18 years and over which identify the army and consider their work very effective or somewhat effective,2018,85.3071926268481,Percentage
26,Sonora,0,Estatal,6200028489,Percentage of people aged 18 years and over which identify the army and consider their work very effective or somewhat effective,2020,83.3209247117208,Percentage
26,Sonora,0,Estatal,6200028490,Porcentaje de personas de 18 años y más que identifica al Ministerio Público y Procuradurías y considera muy efectivo el trabajo de éstos,2011,11.0780125367304,Percentage
26,Sonora,0,Estatal,6200028490,Porcentaje de personas de 18 años y más que identifica al Ministerio Público y Procuradurías y considera muy efectivo el trabajo de éstos,2012,14.7113649483036,Percentage
26,Sonora,0,Estatal,6200028490,Porcentaje de personas de 18 años y más que identifica al Ministerio Público y Procuradurías y considera muy efectivo el trabajo de éstos,2013,13.9235452639984,Percentage
26,Sonora,0,Estatal,6200028490,Porcentaje de personas de 18 años y más que identifica al Ministerio Público y Procuradurías y considera muy efectivo el trabajo de éstos,2014,13.1981533698236,Percentage
26,Sonora,0,Estatal,6200028490,Porcentaje de personas de 18 años y más que identifica al Ministerio Público y Procuradurías y considera muy efectivo el trabajo de éstos,2015,18.2850098619329,Percentage
26,Sonora,0,Estatal,6200028490,Porcentaje de personas de 18 años y más que identifica al Ministerio Público y Procuradurías y considera muy efectivo el trabajo de éstos,2016,12.1606055494516,Percentage
26,Sonora,0,Estatal,6200028490,Porcentaje de personas de 18 años y más que identifica al Ministerio Público y Procuradurías y considera muy efectivo el trabajo de éstos,2017,12.4238450695642,Percentage
26,Sonora,0,Estatal,6200028490,Porcentaje de personas de 18 años y más que identifica al Ministerio Público y Procuradurías y considera muy efectivo el trabajo de éstos,2018,12.7254256501929,Percentage
26,Sonora,0,Estatal,6200028490,Porcentaje de personas de 18 años y más que identifica al Ministerio Público y Procuradurías y considera muy efectivo el trabajo de éstos,2019,7.99399870790686,Percentage
26,Sonora,0,Estatal,6200028490,Porcentaje de personas de 18 años y más que identifica al Ministerio Público y Procuradurías y considera muy efectivo el trabajo de éstos,2020,7.64551743160554,Percentage
26,Sonora,0,Estatal,6200028491,Percentage of people aged 18 years and over who identifies the preventive municipal police and considers its work very effective,2011,8.98428786809982,Percentage
26,Sonora,0,Estatal,6200028491,Percentage of people aged 18 years and over who identifies the preventive municipal police and considers its work very effective,2012,9.59691306921888,Percentage
26,Sonora,0,Estatal,6200028491,Percentage of people aged 18 years and over who identifies the preventive municipal police and considers its work very effective,2013,8.78652476610598,Percentage
26,Sonora,0,Estatal,6200028491,Percentage of people aged 18 years and over who identifies the preventive municipal police and considers its work very effective,2014,7.5094415205194,Percentage
26,Sonora,0,Estatal,6200028491,Percentage of people aged 18 years and over who identifies the preventive municipal police and considers its work very effective,2015,9.8659241276734,Percentage
26,Sonora,0,Estatal,6200028491,Percentage of people aged 18 years and over who identifies the preventive municipal police and considers its work very effective,2016,6.92634454964626,Percentage
26,Sonora,0,Estatal,6200028491,Percentage of people aged 18 years and over who identifies the preventive municipal police and considers its work very effective,2017,5.9353566704556,Percentage
26,Sonora,0,Estatal,6200028491,Percentage of people aged 18 years and over who identifies the preventive municipal police and considers its work very effective,2018,6.39900925708118,Percentage
26,Sonora,0,Estatal,6200028491,Percentage of people aged 18 years and over who identifies the preventive municipal police and considers its work very effective,2019,5.68590163557945,Percentage
26,Sonora,0,Estatal,6200028491,Percentage of people aged 18 years and over who identifies the preventive municipal police and considers its work very effective,2020,4.8455770781881,Percentage
26,Sonora,0,Estatal,6200028492,Percentage of people aged 18 years and over who identifies the state police and considers its work very effective,2011,14.522107543815,Percentage
26,Sonora,0,Estatal,6200028492,Percentage of people aged 18 years and over who identifies the state police and considers its work very effective,2012,16.0263615804822,Percentage
26,Sonora,0,Estatal,6200028492,Percentage of people aged 18 years and over who identifies the state police and considers its work very effective,2013,13.446655292081,Percentage
26,Sonora,0,Estatal,6200028492,Percentage of people aged 18 years and over who identifies the state police and considers its work very effective,2014,11.4618048207087,Percentage
26,Sonora,0,Estatal,6200028492,Percentage of people aged 18 years and over who identifies the state police and considers its work very effective,2015,15.3303087014251,Percentage
26,Sonora,0,Estatal,6200028492,Percentage of people aged 18 years and over who identifies the state police and considers its work very effective,2016,12.262299926465,Percentage
26,Sonora,0,Estatal,6200028492,Percentage of people aged 18 years and over who identifies the state police and considers its work very effective,2017,8.82113938684353,Percentage
26,Sonora,0,Estatal,6200028492,Percentage of people aged 18 years and over who identifies the state police and considers its work very effective,2018,10.9404816753927,Percentage
26,Sonora,0,Estatal,6200028492,Percentage of people aged 18 years and over who identifies the state police and considers its work very effective,2019,9.13415184010981,Percentage
26,Sonora,0,Estatal,6200028492,Percentage of people aged 18 years and over who identifies the state police and considers its work very effective,2020,7.95732679274777,Percentage
26,Sonora,0,Estatal,6200028493,Percentage of people aged 18 years and over which identifies the Public Ministry (MP) and State Attorney's Offices and consider their work very effective or somewhat effective,2011,46.1814599224736,Percentage
26,Sonora,0,Estatal,6200028493,Percentage of people aged 18 years and over which identifies the Public Ministry (MP) and State Attorney's Offices and consider their work very effective or somewhat effective,2012,54.4841354511427,Percentage
26,Sonora,0,Estatal,6200028493,Percentage of people aged 18 years and over which identifies the Public Ministry (MP) and State Attorney's Offices and consider their work very effective or somewhat effective,2013,55.9475014002321,Percentage
26,Sonora,0,Estatal,6200028493,Percentage of people aged 18 years and over which identifies the Public Ministry (MP) and State Attorney's Offices and consider their work very effective or somewhat effective,2014,57.1885371851585,Percentage
26,Sonora,0,Estatal,6200028493,Percentage of people aged 18 years and over which identifies the Public Ministry (MP) and State Attorney's Offices and consider their work very effective or somewhat effective,2015,54.8879841426816,Percentage
26,Sonora,0,Estatal,6200028493,Percentage of people aged 18 years and over which identifies the Public Ministry (MP) and State Attorney's Offices and consider their work very effective or somewhat effective,2016,54.2422501736198,Percentage
26,Sonora,0,Estatal,6200028493,Percentage of people aged 18 years and over which identifies the Public Ministry (MP) and State Attorney's Offices and consider their work very effective or somewhat effective,2017,56.8644122775804,Percentage
26,Sonora,0,Estatal,6200028493,Percentage of people aged 18 years and over which identifies the Public Ministry (MP) and State Attorney's Offices and consider their work very effective or somewhat effective,2018,56.1478058032308,Percentage
26,Sonora,0,Estatal,6200028493,Percentage of people aged 18 years and over which identifies the Public Ministry (MP) and State Attorney's Offices and consider their work very effective or somewhat effective,2020,52.9691435539716,Percentage
26,Sonora,0,Estatal,6200028494,Percentage of people aged 18 years and over who identifies the federal police and considers its work very effective,2011,24.2112061547545,Percentage
26,Sonora,0,Estatal,6200028494,Percentage of people aged 18 years and over who identifies the federal police and considers its work very effective,2012,23.6498538924929,Percentage
26,Sonora,0,Estatal,6200028494,Percentage of people aged 18 years and over who identifies the federal police and considers its work very effective,2013,20.2481506972554,Percentage
26,Sonora,0,Estatal,6200028494,Percentage of people aged 18 years and over who identifies the federal police and considers its work very effective,2014,19.8118752898629,Percentage
26,Sonora,0,Estatal,6200028494,Percentage of people aged 18 years and over who identifies the federal police and considers its work very effective,2015,24.4130904830435,Percentage
26,Sonora,0,Estatal,6200028494,Percentage of people aged 18 years and over who identifies the federal police and considers its work very effective,2016,21.1224379818002,Percentage
26,Sonora,0,Estatal,6200028494,Percentage of people aged 18 years and over who identifies the federal police and considers its work very effective,2017,17.6979076909481,Percentage
26,Sonora,0,Estatal,6200028494,Percentage of people aged 18 years and over who identifies the federal police and considers its work very effective,2018,19.3277148206803,Percentage
26,Sonora,0,Estatal,6200028494,Percentage of people aged 18 years and over who identifies the federal police and considers its work very effective,2019,16.764276194773,Percentage
26,Sonora,0,Estatal,6200028494,Percentage of people aged 18 years and over who identifies the federal police and considers its work very effective,2020,14.8375121534427,Percentage
26,Sonora,0,Estatal,6200028495,Percentage of people aged 18 years and over who identifies the federal police and considers its work somewhat effective,2011,41.4166480282007,Percentage
26,Sonora,0,Estatal,6200028495,Percentage of people aged 18 years and over who identifies the federal police and considers its work somewhat effective,2012,41.0174811004836,Percentage
26,Sonora,0,Estatal,6200028495,Percentage of people aged 18 years and over who identifies the federal police and considers its work somewhat effective,2013,44.9968481011225,Percentage
26,Sonora,0,Estatal,6200028495,Percentage of people aged 18 years and over who identifies the federal police and considers its work somewhat effective,2014,45.4415250530577,Percentage
26,Sonora,0,Estatal,6200028495,Percentage of people aged 18 years and over who identifies the federal police and considers its work somewhat effective,2015,43.44851662845,Percentage
26,Sonora,0,Estatal,6200028495,Percentage of people aged 18 years and over who identifies the federal police and considers its work somewhat effective,2016,46.0486863702781,Percentage
26,Sonora,0,Estatal,6200028495,Percentage of people aged 18 years and over who identifies the federal police and considers its work somewhat effective,2017,49.9275191543369,Percentage
26,Sonora,0,Estatal,6200028495,Percentage of people aged 18 years and over who identifies the federal police and considers its work somewhat effective,2018,51.1006913903912,Percentage
26,Sonora,0,Estatal,6200028495,Percentage of people aged 18 years and over who identifies the federal police and considers its work somewhat effective,2019,50.6072385101487,Percentage
26,Sonora,0,Estatal,6200028495,Percentage of people aged 18 years and over who identifies the federal police and considers its work somewhat effective,2020,52.2640892886319,Percentage
26,Sonora,0,Estatal,6200028496,Percentage of people aged 18 years and over who identifies the state police and considers its work somewhat effective,2011,36.6603366244407,Percentage
26,Sonora,0,Estatal,6200028496,Percentage of people aged 18 years and over who identifies the state police and considers its work somewhat effective,2012,37.8389324408714,Percentage
26,Sonora,0,Estatal,6200028496,Percentage of people aged 18 years and over who identifies the state police and considers its work somewhat effective,2013,39.7893976976126,Percentage
26,Sonora,0,Estatal,6200028496,Percentage of people aged 18 years and over who identifies the state police and considers its work somewhat effective,2014,40.577358019088,Percentage
26,Sonora,0,Estatal,6200028496,Percentage of people aged 18 years and over who identifies the state police and considers its work somewhat effective,2015,39.799989722661,Percentage
26,Sonora,0,Estatal,6200028496,Percentage of people aged 18 years and over who identifies the state police and considers its work somewhat effective,2016,44.5660291345094,Percentage
26,Sonora,0,Estatal,6200028496,Percentage of people aged 18 years and over who identifies the state police and considers its work somewhat effective,2017,47.0014629313036,Percentage
26,Sonora,0,Estatal,6200028496,Percentage of people aged 18 years and over who identifies the state police and considers its work somewhat effective,2018,43.8600488656195,Percentage
26,Sonora,0,Estatal,6200028496,Percentage of people aged 18 years and over who identifies the state police and considers its work somewhat effective,2019,46.2941750555959,Percentage
26,Sonora,0,Estatal,6200028496,Percentage of people aged 18 years and over who identifies the state police and considers its work somewhat effective,2020,44.035957794712,Percentage
26,Sonora,0,Estatal,6200028497,Percentage of people aged 18 years and over who identifies the ministerial or judicial police and considers its work somewhat effective,2011,35.0443189449429,Percentage
26,Sonora,0,Estatal,6200028497,Percentage of people aged 18 years and over who identifies the ministerial or judicial police and considers its work somewhat effective,2012,34.7013032907847,Percentage
26,Sonora,0,Estatal,6200028497,Percentage of people aged 18 years and over who identifies the ministerial or judicial police and considers its work somewhat effective,2013,43.1740413351589,Percentage
26,Sonora,0,Estatal,6200028497,Percentage of people aged 18 years and over who identifies the ministerial or judicial police and considers its work somewhat effective,2014,46.1813388986262,Percentage
26,Sonora,0,Estatal,6200028497,Percentage of people aged 18 years and over who identifies the ministerial or judicial police and considers its work somewhat effective,2015,39.4462641369507,Percentage
26,Sonora,0,Estatal,6200028497,Percentage of people aged 18 years and over who identifies the ministerial or judicial police and considers its work somewhat effective,2016,42.5648487780928,Percentage
26,Sonora,0,Estatal,6200028497,Percentage of people aged 18 years and over who identifies the ministerial or judicial police and considers its work somewhat effective,2017,44.9745954994535,Percentage
26,Sonora,0,Estatal,6200028497,Percentage of people aged 18 years and over who identifies the ministerial or judicial police and considers its work somewhat effective,2018,43.2196435424618,Percentage
26,Sonora,0,Estatal,6200028497,Percentage of people aged 18 years and over who identifies the ministerial or judicial police and considers its work somewhat effective,2019,48.6974095604931,Percentage
26,Sonora,0,Estatal,6200028497,Percentage of people aged 18 years and over who identifies the ministerial or judicial police and considers its work somewhat effective,2020,44.0554455651613,Percentage
26,Sonora,0,Estatal,6200028498,Percentage of people aged 18 years and over who identifies the army and considers its work very effective,2011,46.920343738193,Percentage
26,Sonora,0,Estatal,6200028498,Percentage of people aged 18 years and over who identifies the army and considers its work very effective,2012,46.8896276261692,Percentage
26,Sonora,0,Estatal,6200028498,Percentage of people aged 18 years and over who identifies the army and considers its work very effective,2013,45.486492446556,Percentage
26,Sonora,0,Estatal,6200028498,Percentage of people aged 18 years and over who identifies the army and considers its work very effective,2014,48.5549247895815,Percentage
26,Sonora,0,Estatal,6200028498,Percentage of people aged 18 years and over who identifies the army and considers its work very effective,2015,51.9604669874125,Percentage
26,Sonora,0,Estatal,6200028498,Percentage of people aged 18 years and over who identifies the army and considers its work very effective,2016,47.5533870552927,Percentage
26,Sonora,0,Estatal,6200028498,Percentage of people aged 18 years and over who identifies the army and considers its work very effective,2017,43.6013138055839,Percentage
26,Sonora,0,Estatal,6200028498,Percentage of people aged 18 years and over who identifies the army and considers its work very effective,2018,42.1566184554581,Percentage
26,Sonora,0,Estatal,6200028498,Percentage of people aged 18 years and over who identifies the army and considers its work very effective,2019,41.3801092532191,Percentage
26,Sonora,0,Estatal,6200028498,Percentage of people aged 18 years and over who identifies the army and considers its work very effective,2020,40.2989160252923,Percentage
26,Sonora,0,Estatal,6200028499,Percentage of people aged 18 years and over who identifies the ministerial or judicial police and considers its work very effective,2011,14.6713025504414,Percentage
26,Sonora,0,Estatal,6200028499,Percentage of people aged 18 years and over who identifies the ministerial or judicial police and considers its work very effective,2012,15.7463791115721,Percentage
26,Sonora,0,Estatal,6200028499,Percentage of people aged 18 years and over who identifies the ministerial or judicial police and considers its work very effective,2013,13.21688234391,Percentage
26,Sonora,0,Estatal,6200028499,Percentage of people aged 18 years and over who identifies the ministerial or judicial police and considers its work very effective,2014,15.1526282408955,Percentage
26,Sonora,0,Estatal,6200028499,Percentage of people aged 18 years and over who identifies the ministerial or judicial police and considers its work very effective,2015,19.1294728385143,Percentage
26,Sonora,0,Estatal,6200028499,Percentage of people aged 18 years and over who identifies the ministerial or judicial police and considers its work very effective,2016,14.478328002647,Percentage
26,Sonora,0,Estatal,6200028499,Percentage of people aged 18 years and over who identifies the ministerial or judicial police and considers its work very effective,2017,11.7201674269542,Percentage
26,Sonora,0,Estatal,6200028499,Percentage of people aged 18 years and over who identifies the ministerial or judicial police and considers its work very effective,2018,14.0662888113105,Percentage
26,Sonora,0,Estatal,6200028499,Percentage of people aged 18 years and over who identifies the ministerial or judicial police and considers its work very effective,2019,9.3195192410571,Percentage
26,Sonora,0,Estatal,6200028499,Percentage of people aged 18 years and over who identifies the ministerial or judicial police and considers its work very effective,2020,11.9463443442246,Percentage
26,Sonora,0,Estatal,6200028500,Percentage of people aged 18 years and over who identifies the traffic police and considers its work very effective,2011,8.29222771192966,Percentage
26,Sonora,0,Estatal,6200028500,Percentage of people aged 18 years and over who identifies the traffic police and considers its work very effective,2012,9.04495486660225,Percentage
26,Sonora,0,Estatal,6200028500,Percentage of people aged 18 years and over who identifies the traffic police and considers its work very effective,2013,6.05369605360584,Percentage
26,Sonora,0,Estatal,6200028500,Percentage of people aged 18 years and over who identifies the traffic police and considers its work very effective,2014,6.79711478092698,Percentage
26,Sonora,0,Estatal,6200028500,Percentage of people aged 18 years and over who identifies the traffic police and considers its work very effective,2015,7.36485347371224,Percentage
26,Sonora,0,Estatal,6200028500,Percentage of people aged 18 years and over who identifies the traffic police and considers its work very effective,2016,7.00874415043067,Percentage
26,Sonora,0,Estatal,6200028500,Percentage of people aged 18 years and over who identifies the traffic police and considers its work very effective,2017,3.7770765350043,Percentage
26,Sonora,0,Estatal,6200028500,Percentage of people aged 18 years and over who identifies the traffic police and considers its work very effective,2018,6.27736313221865,Percentage
26,Sonora,0,Estatal,6200028500,Percentage of people aged 18 years and over who identifies the traffic police and considers its work very effective,2019,5.30814811645667,Percentage
26,Sonora,0,Estatal,6200028500,Percentage of people aged 18 years and over who identifies the traffic police and considers its work very effective,2020,4.44758412310363,Percentage
26,Sonora,0,Estatal,6200028501,Percentage of people aged 18 years and over that identifies the traffic police and consider their work very or somewhat effective,2011,38.8183751869405,Percentage
26,Sonora,0,Estatal,6200028501,Percentage of people aged 18 years and over that identifies the traffic police and consider their work very or somewhat effective,2012,46.2793747067203,Percentage
26,Sonora,0,Estatal,6200028501,Percentage of people aged 18 years and over that identifies the traffic police and consider their work very or somewhat effective,2013,45.19085908273,Percentage
26,Sonora,0,Estatal,6200028501,Percentage of people aged 18 years and over that identifies the traffic police and consider their work very or somewhat effective,2014,44.1646585561657,Percentage
26,Sonora,0,Estatal,6200028501,Percentage of people aged 18 years and over that identifies the traffic police and consider their work very or somewhat effective,2015,43.433082896671,Percentage
26,Sonora,0,Estatal,6200028501,Percentage of people aged 18 years and over that identifies the traffic police and consider their work very or somewhat effective,2016,42.67025179558,Percentage
26,Sonora,0,Estatal,6200028501,Percentage of people aged 18 years and over that identifies the traffic police and consider their work very or somewhat effective,2017,41.8525154651558,Percentage
26,Sonora,0,Estatal,6200028501,Percentage of people aged 18 years and over that identifies the traffic police and consider their work very or somewhat effective,2018,41.3984905975066,Percentage
26,Sonora,0,Estatal,6200028501,Percentage of people aged 18 years and over that identifies the traffic police and consider their work very or somewhat effective,2020,35.7601902856931,Percentage
26,Sonora,0,Estatal,6200028502,Percentage of people aged 18 years and over who identifies the Navy and considers its work very effective,2011,44.6678328944236,Percentage
26,Sonora,0,Estatal,6200028502,Percentage of people aged 18 years and over who identifies the Navy and considers its work very effective,2012,49.0935015597297,Percentage
26,Sonora,0,Estatal,6200028502,Percentage of people aged 18 years and over who identifies the Navy and considers its work very effective,2013,44.7644192014436,Percentage
26,Sonora,0,Estatal,6200028502,Percentage of people aged 18 years and over who identifies the Navy and considers its work very effective,2014,55.1439602966333,Percentage
26,Sonora,0,Estatal,6200028502,Percentage of people aged 18 years and over who identifies the Navy and considers its work very effective,2015,56.5258768697065,Percentage
26,Sonora,0,Estatal,6200028502,Percentage of people aged 18 years and over who identifies the Navy and considers its work very effective,2016,55.8360537579012,Percentage
26,Sonora,0,Estatal,6200028502,Percentage of people aged 18 years and over who identifies the Navy and considers its work very effective,2017,49.3413928212802,Percentage
26,Sonora,0,Estatal,6200028502,Percentage of people aged 18 years and over who identifies the Navy and considers its work very effective,2018,48.937795130269,Percentage
26,Sonora,0,Estatal,6200028502,Percentage of people aged 18 years and over who identifies the Navy and considers its work very effective,2019,45.078080626136,Percentage
26,Sonora,0,Estatal,6200028502,Percentage of people aged 18 years and over who identifies the Navy and considers its work very effective,2020,42.0663315128938,Percentage
26,Sonora,0,Estatal,6200028503,Percentage of people aged 18 years and over that identifies the navy and consider their work very or somewhat effective,2011,81.7251606711728,Percentage
26,Sonora,0,Estatal,6200028503,Percentage of people aged 18 years and over that identifies the navy and consider their work very or somewhat effective,2012,81.2145863360794,Percentage
26,Sonora,0,Estatal,6200028503,Percentage of people aged 18 years and over that identifies the navy and consider their work very or somewhat effective,2013,81.8062550381233,Percentage
26,Sonora,0,Estatal,6200028503,Percentage of people aged 18 years and over that identifies the navy and consider their work very or somewhat effective,2014,87.5281124661779,Percentage
26,Sonora,0,Estatal,6200028503,Percentage of people aged 18 years and over that identifies the navy and consider their work very or somewhat effective,2015,86.3042485203445,Percentage
26,Sonora,0,Estatal,6200028503,Percentage of people aged 18 years and over that identifies the navy and consider their work very or somewhat effective,2016,87.5951116571225,Percentage
26,Sonora,0,Estatal,6200028503,Percentage of people aged 18 years and over that identifies the navy and consider their work very or somewhat effective,2017,87.55826604567031,Percentage
26,Sonora,0,Estatal,6200028503,Percentage of people aged 18 years and over that identifies the navy and consider their work very or somewhat effective,2018,88.6364243649359,Percentage
26,Sonora,0,Estatal,6200028503,Percentage of people aged 18 years and over that identifies the navy and consider their work very or somewhat effective,2020,83.2210929870881,Percentage
26,Sonora,0,Estatal,6200028504,Percentage of people aged 18 years and over who identifies the judges and considers their work somewhat effective,2011,39.6279245823487,Percentage
26,Sonora,0,Estatal,6200028504,Percentage of people aged 18 years and over who identifies the judges and considers their work somewhat effective,2012,37.7588143147798,Percentage
26,Sonora,0,Estatal,6200028504,Percentage of people aged 18 years and over who identifies the judges and considers their work somewhat effective,2013,42.9975621865569,Percentage
26,Sonora,0,Estatal,6200028504,Percentage of people aged 18 years and over who identifies the judges and considers their work somewhat effective,2014,42.3966552435167,Percentage
26,Sonora,0,Estatal,6200028504,Percentage of people aged 18 years and over who identifies the judges and considers their work somewhat effective,2015,39.1878010171432,Percentage
26,Sonora,0,Estatal,6200028504,Percentage of people aged 18 years and over who identifies the judges and considers their work somewhat effective,2016,41.9713168410144,Percentage
26,Sonora,0,Estatal,6200028504,Percentage of people aged 18 years and over who identifies the judges and considers their work somewhat effective,2017,47.3680595092975,Percentage
26,Sonora,0,Estatal,6200028504,Percentage of people aged 18 years and over who identifies the judges and considers their work somewhat effective,2018,44.8309318317801,Percentage
26,Sonora,0,Estatal,6200028504,Percentage of people aged 18 years and over who identifies the judges and considers their work somewhat effective,2019,45.311821666641,Percentage
26,Sonora,0,Estatal,6200028504,Percentage of people aged 18 years and over who identifies the judges and considers their work somewhat effective,2020,41.2689873698336,Percentage
26,Sonora,0,Estatal,6200028505,Percentage of people aged 18 years and over that identifies the state police and consider their work very or somewhat effective,2011,51.1824441682557,Percentage
26,Sonora,0,Estatal,6200028505,Percentage of people aged 18 years and over that identifies the state police and consider their work very or somewhat effective,2012,53.8652940213536,Percentage
26,Sonora,0,Estatal,6200028505,Percentage of people aged 18 years and over that identifies the state police and consider their work very or somewhat effective,2013,53.2360529896937,Percentage
26,Sonora,0,Estatal,6200028505,Percentage of people aged 18 years and over that identifies the state police and consider their work very or somewhat effective,2014,52.0391628397967,Percentage
26,Sonora,0,Estatal,6200028505,Percentage of people aged 18 years and over that identifies the state police and consider their work very or somewhat effective,2015,55.1302984240861,Percentage
26,Sonora,0,Estatal,6200028505,Percentage of people aged 18 years and over that identifies the state police and consider their work very or somewhat effective,2016,56.8283290609744,Percentage
26,Sonora,0,Estatal,6200028505,Percentage of people aged 18 years and over that identifies the state police and consider their work very or somewhat effective,2017,55.82260231814713,Percentage
26,Sonora,0,Estatal,6200028505,Percentage of people aged 18 years and over that identifies the state police and consider their work very or somewhat effective,2018,54.8005305410122,Percentage
26,Sonora,0,Estatal,6200028505,Percentage of people aged 18 years and over that identifies the state police and consider their work very or somewhat effective,2020,51.9932845874598,Percentage
26,Sonora,0,Estatal,6200028506,Percentage of people aged 18 years and over that identifies the Ministerial or Judicial Police and consider their work very or somewhat effective,2011,49.7156214953843,Percentage
26,Sonora,0,Estatal,6200028506,Percentage of people aged 18 years and over that identifies the Ministerial or Judicial Police and consider their work very or somewhat effective,2012,50.4476824023568,Percentage
26,Sonora,0,Estatal,6200028506,Percentage of people aged 18 years and over that identifies the Ministerial or Judicial Police and consider their work very or somewhat effective,2013,56.3909236790689,Percentage
26,Sonora,0,Estatal,6200028506,Percentage of people aged 18 years and over that identifies the Ministerial or Judicial Police and consider their work very or somewhat effective,2014,61.3339671395217,Percentage
26,Sonora,0,Estatal,6200028506,Percentage of people aged 18 years and over that identifies the Ministerial or Judicial Police and consider their work very or somewhat effective,2015,58.575736975465,Percentage
26,Sonora,0,Estatal,6200028506,Percentage of people aged 18 years and over that identifies the Ministerial or Judicial Police and consider their work very or somewhat effective,2016,57.0431767807398,Percentage
26,Sonora,0,Estatal,6200028506,Percentage of people aged 18 years and over that identifies the Ministerial or Judicial Police and consider their work very or somewhat effective,2017,56.6947629264077,Percentage
26,Sonora,0,Estatal,6200028506,Percentage of people aged 18 years and over that identifies the Ministerial or Judicial Police and consider their work very or somewhat effective,2018,57.2859323537723,Percentage
26,Sonora,0,Estatal,6200028506,Percentage of people aged 18 years and over that identifies the Ministerial or Judicial Police and consider their work very or somewhat effective,2020,56.0017899093858,Percentage
26,Sonora,0,Estatal,6200028507,Percentage of people aged 18 years and over who identifies the traffic police and considers its work somewhat effective,2011,30.5261474750108,Percentage
26,Sonora,0,Estatal,6200028507,Percentage of people aged 18 years and over who identifies the traffic police and considers its work somewhat effective,2012,37.2344198401181,Percentage
26,Sonora,0,Estatal,6200028507,Percentage of people aged 18 years and over who identifies the traffic police and considers its work somewhat effective,2013,39.1371630291242,Percentage
26,Sonora,0,Estatal,6200028507,Percentage of people aged 18 years and over who identifies the traffic police and considers its work somewhat effective,2014,37.3675437752388,Percentage
26,Sonora,0,Estatal,6200028507,Percentage of people aged 18 years and over who identifies the traffic police and considers its work somewhat effective,2015,36.0682294229588,Percentage
26,Sonora,0,Estatal,6200028507,Percentage of people aged 18 years and over who identifies the traffic police and considers its work somewhat effective,2016,35.6615076451493,Percentage
26,Sonora,0,Estatal,6200028507,Percentage of people aged 18 years and over who identifies the traffic police and considers its work somewhat effective,2017,38.0754389301515,Percentage
26,Sonora,0,Estatal,6200028507,Percentage of people aged 18 years and over who identifies the traffic police and considers its work somewhat effective,2018,35.1211274652879,Percentage
26,Sonora,0,Estatal,6200028507,Percentage of people aged 18 years and over who identifies the traffic police and considers its work somewhat effective,2019,34.436740019986,Percentage
26,Sonora,0,Estatal,6200028507,Percentage of people aged 18 years and over who identifies the traffic police and considers its work somewhat effective,2020,31.3126061625895,Percentage
26,Sonora,0,Estatal,6200028508,Percentage of people aged 18 years and over who identifies the judges and considers their work very effective,2011,13.6207020020665,Percentage
26,Sonora,0,Estatal,6200028508,Percentage of people aged 18 years and over who identifies the judges and considers their work very effective,2012,16.5754079950398,Percentage
26,Sonora,0,Estatal,6200028508,Percentage of people aged 18 years and over who identifies the judges and considers their work very effective,2013,16.2409325798612,Percentage
26,Sonora,0,Estatal,6200028508,Percentage of people aged 18 years and over who identifies the judges and considers their work very effective,2014,15.7278227443926,Percentage
26,Sonora,0,Estatal,6200028508,Percentage of people aged 18 years and over who identifies the judges and considers their work very effective,2015,19.3393741249152,Percentage
26,Sonora,0,Estatal,6200028508,Percentage of people aged 18 years and over who identifies the judges and considers their work very effective,2016,14.1258800902372,Percentage
26,Sonora,0,Estatal,6200028508,Percentage of people aged 18 years and over who identifies the judges and considers their work very effective,2017,13.7767190481679,Percentage
26,Sonora,0,Estatal,6200028508,Percentage of people aged 18 years and over who identifies the judges and considers their work very effective,2018,15.3620284082061,Percentage
26,Sonora,0,Estatal,6200028508,Percentage of people aged 18 years and over who identifies the judges and considers their work very effective,2019,13.7982049663624,Percentage
26,Sonora,0,Estatal,6200028508,Percentage of people aged 18 years and over who identifies the judges and considers their work very effective,2020,12.3331077066775,Percentage
26,Sonora,0,Estatal,6200028509,Percentage of people aged 18 years and over that identifies the judges and consider the work of these very or somewhat effective,2011,53.2486265844152,Percentage
26,Sonora,0,Estatal,6200028509,Percentage of people aged 18 years and over that identifies the judges and consider the work of these very or somewhat effective,2012,54.3342223098196,Percentage
26,Sonora,0,Estatal,6200028509,Percentage of people aged 18 years and over that identifies the judges and consider the work of these very or somewhat effective,2013,59.2384947664181,Percentage
26,Sonora,0,Estatal,6200028509,Percentage of people aged 18 years and over that identifies the judges and consider the work of these very or somewhat effective,2014,58.1244779879093,Percentage
26,Sonora,0,Estatal,6200028509,Percentage of people aged 18 years and over that identifies the judges and consider the work of these very or somewhat effective,2015,58.5271751420584,Percentage
26,Sonora,0,Estatal,6200028509,Percentage of people aged 18 years and over that identifies the judges and consider the work of these very or somewhat effective,2016,56.0971969312516,Percentage
26,Sonora,0,Estatal,6200028509,Percentage of people aged 18 years and over that identifies the judges and consider the work of these very or somewhat effective,2017,61.1447785574654,Percentage
26,Sonora,0,Estatal,6200028509,Percentage of people aged 18 years and over that identifies the judges and consider the work of these very or somewhat effective,2018,60.1929602399862,Percentage
26,Sonora,0,Estatal,6200028509,Percentage of people aged 18 years and over that identifies the judges and consider the work of these very or somewhat effective,2020,53.6020950765111,Percentage
26,Sonora,0,Estatal,6200028510,Porcentaje de personas de 18 años y más que identifica al Ministerio Público y Procuradurías y considera algo efectivo el trabajo de éstos,2011,35.1034473857432,Percentage
26,Sonora,0,Estatal,6200028510,Porcentaje de personas de 18 años y más que identifica al Ministerio Público y Procuradurías y considera algo efectivo el trabajo de éstos,2012,39.7727705028391,Percentage
26,Sonora,0,Estatal,6200028510,Porcentaje de personas de 18 años y más que identifica al Ministerio Público y Procuradurías y considera algo efectivo el trabajo de éstos,2013,42.0239561362337,Percentage
26,Sonora,0,Estatal,6200028510,Porcentaje de personas de 18 años y más que identifica al Ministerio Público y Procuradurías y considera algo efectivo el trabajo de éstos,2014,43.1661226054648,Percentage
26,Sonora,0,Estatal,6200028510,Porcentaje de personas de 18 años y más que identifica al Ministerio Público y Procuradurías y considera algo efectivo el trabajo de éstos,2015,37.3198636642466,Percentage
26,Sonora,0,Estatal,6200028510,Porcentaje de personas de 18 años y más que identifica al Ministerio Público y Procuradurías y considera algo efectivo el trabajo de éstos,2016,42.0816446241682,Percentage
26,Sonora,0,Estatal,6200028510,Porcentaje de personas de 18 años y más que identifica al Ministerio Público y Procuradurías y considera algo efectivo el trabajo de éstos,2017,44.4405672080162,Percentage
26,Sonora,0,Estatal,6200028510,Porcentaje de personas de 18 años y más que identifica al Ministerio Público y Procuradurías y considera algo efectivo el trabajo de éstos,2018,43.4223801530379,Percentage
26,Sonora,0,Estatal,6200028510,Porcentaje de personas de 18 años y más que identifica al Ministerio Público y Procuradurías y considera algo efectivo el trabajo de éstos,2019,46.7087397820527,Percentage
26,Sonora,0,Estatal,6200028510,Porcentaje de personas de 18 años y más que identifica al Ministerio Público y Procuradurías y considera algo efectivo el trabajo de éstos,2020,45.323626122366,Percentage
26,Sonora,0,Estatal,6200028511,Percentage of people aged 18 years and over that identifies the Federal Police and consider their work very or somewhat effective,2011,65.6278541829552,Percentage
26,Sonora,0,Estatal,6200028511,Percentage of people aged 18 years and over that identifies the Federal Police and consider their work very or somewhat effective,2012,64.6673349929765,Percentage
26,Sonora,0,Estatal,6200028511,Percentage of people aged 18 years and over that identifies the Federal Police and consider their work very or somewhat effective,2013,65.2449987983779,Percentage
26,Sonora,0,Estatal,6200028511,Percentage of people aged 18 years and over that identifies the Federal Police and consider their work very or somewhat effective,2014,65.2534003429206,Percentage
26,Sonora,0,Estatal,6200028511,Percentage of people aged 18 years and over that identifies the Federal Police and consider their work very or somewhat effective,2015,67.8616071114935,Percentage
26,Sonora,0,Estatal,6200028511,Percentage of people aged 18 years and over that identifies the Federal Police and consider their work very or somewhat effective,2016,67.1711243520783,Percentage
26,Sonora,0,Estatal,6200028511,Percentage of people aged 18 years and over that identifies the Federal Police and consider their work very or somewhat effective,2017,67.625426845285,Percentage
26,Sonora,0,Estatal,6200028511,Percentage of people aged 18 years and over that identifies the Federal Police and consider their work very or somewhat effective,2018,70.4284062110715,Percentage
26,Sonora,0,Estatal,6200028511,Percentage of people aged 18 years and over that identifies the Federal Police and consider their work very or somewhat effective,2020,67.1016014420746,Percentage
26,Sonora,0,Estatal,6200028512,Percentage of people aged 18 years and over who identifies the preventive municipal police and considers its work somewhat effective,2011,36.0143156784546,Percentage
26,Sonora,0,Estatal,6200028512,Percentage of people aged 18 years and over who identifies the preventive municipal police and considers its work somewhat effective,2012,35.4649434619514,Percentage
26,Sonora,0,Estatal,6200028512,Percentage of people aged 18 years and over who identifies the preventive municipal police and considers its work somewhat effective,2013,41.9437489155449,Percentage
26,Sonora,0,Estatal,6200028512,Percentage of people aged 18 years and over who identifies the preventive municipal police and considers its work somewhat effective,2014,38.5818067757239,Percentage
26,Sonora,0,Estatal,6200028512,Percentage of people aged 18 years and over who identifies the preventive municipal police and considers its work somewhat effective,2015,37.9846199545245,Percentage
26,Sonora,0,Estatal,6200028512,Percentage of people aged 18 years and over who identifies the preventive municipal police and considers its work somewhat effective,2016,39.8039051775721,Percentage
26,Sonora,0,Estatal,6200028512,Percentage of people aged 18 years and over who identifies the preventive municipal police and considers its work somewhat effective,2017,39.2998296113278,Percentage
26,Sonora,0,Estatal,6200028512,Percentage of people aged 18 years and over who identifies the preventive municipal police and considers its work somewhat effective,2018,36.6968663373415,Percentage
26,Sonora,0,Estatal,6200028512,Percentage of people aged 18 years and over who identifies the preventive municipal police and considers its work somewhat effective,2019,38.8715975399007,Percentage
26,Sonora,0,Estatal,6200028512,Percentage of people aged 18 years and over who identifies the preventive municipal police and considers its work somewhat effective,2020,38.7042273856179,Percentage
26,Sonora,0,Estatal,6200028513,Percentage of people aged 18 years and over that identifies the Municipal Preventive Police and consider their work very or somewhat effective,2011,44.9986035465544,Percentage
26,Sonora,0,Estatal,6200028513,Percentage of people aged 18 years and over that identifies the Municipal Preventive Police and consider their work very or somewhat effective,2012,45.0618565311702,Percentage
26,Sonora,0,Estatal,6200028513,Percentage of people aged 18 years and over that identifies the Municipal Preventive Police and consider their work very or somewhat effective,2013,50.7302736816508,Percentage
26,Sonora,0,Estatal,6200028513,Percentage of people aged 18 years and over that identifies the Municipal Preventive Police and consider their work very or somewhat effective,2014,46.0912482962433,Percentage
26,Sonora,0,Estatal,6200028513,Percentage of people aged 18 years and over that identifies the Municipal Preventive Police and consider their work very or somewhat effective,2015,47.8505440821979,Percentage
26,Sonora,0,Estatal,6200028513,Percentage of people aged 18 years and over that identifies the Municipal Preventive Police and consider their work very or somewhat effective,2016,46.7302497272184,Percentage
26,Sonora,0,Estatal,6200028513,Percentage of people aged 18 years and over that identifies the Municipal Preventive Police and consider their work very or somewhat effective,2017,45.2351862817834,Percentage
26,Sonora,0,Estatal,6200028513,Percentage of people aged 18 years and over that identifies the Municipal Preventive Police and consider their work very or somewhat effective,2018,43.0958755944227,Percentage
26,Sonora,0,Estatal,6200028513,Percentage of people aged 18 years and over that identifies the Municipal Preventive Police and consider their work very or somewhat effective,2020,43.549804463806,Percentage
26,Sonora,0,Estatal,6200028526,Crime incidence rate per hundred thousand.,2010,46773.5950645721,"Cases per 100,000 inhabitants"
26,Sonora,0,Estatal,6200028526,Crime incidence rate per hundred thousand.,2011,39028.7583206822,"Cases per 100,000 inhabitants"
26,Sonora,0,Estatal,6200028526,Crime incidence rate per hundred thousand.,2012,34126.107092247956,"Cases per 100,000 inhabitants"
26,Sonora,0,Estatal,6200028526,Crime incidence rate per hundred thousand.,2013,31154.8601137967,"Cases per 100,000 inhabitants"
26,Sonora,0,Estatal,6200028526,Crime incidence rate per hundred thousand.,2014,26384.2007205081,"Cases per 100,000 inhabitants"
26,Sonora,0,Estatal,6200028526,Crime incidence rate per hundred thousand.,2015,40466.3433435491,"Cases per 100,000 inhabitants"
26,Sonora,0,Estatal,6200028526,Crime incidence rate per hundred thousand.,2016,42624.3028711381,"Cases per 100,000 inhabitants"
26,Sonora,0,Estatal,6200028526,Crime incidence rate per hundred thousand.,2017,39758.8267800375,"Cases per 100,000 inhabitants"
26,Sonora,0,Estatal,6200028526,Crime incidence rate per hundred thousand.,2018,50860.6300928105,"Cases per 100,000 inhabitants"
26,Sonora,0,Estatal,6200028526,Crime incidence rate per hundred thousand.,2019,25646.0257163488,"Cases per 100,000 inhabitants"
26,Sonora,0,Estatal,6200028554,Percentage of people aged 18 years and over who considers unsafe their city,2011,45.9518128536493,Percentage
26,Sonora,0,Estatal,6200028554,Percentage of people aged 18 years and over who considers unsafe their city,2012,42.387678360513,Percentage
26,Sonora,0,Estatal,6200028554,Percentage of people aged 18 years and over who considers unsafe their city,2013,52.46152823356787,Percentage
26,Sonora,0,Estatal,6200028554,Percentage of people aged 18 years and over who considers unsafe their city,2014,57.1864717026637,Percentage
26,Sonora,0,Estatal,6200028554,Percentage of people aged 18 years and over who considers unsafe their city,2015,62.465510285588,Percentage
26,Sonora,0,Estatal,6200028554,Percentage of people aged 18 years and over who considers unsafe their city,2016,51.262565273417,Percentage
26,Sonora,0,Estatal,6200028554,Percentage of people aged 18 years and over who considers unsafe their city,2017,57.3622217632073,Percentage
26,Sonora,0,Estatal,6200028554,Percentage of people aged 18 years and over who considers unsafe their city,2018,66.9464838251915,Percentage
26,Sonora,0,Estatal,6200028554,Percentage of people aged 18 years and over who considers unsafe their city,2019,68.2711724572356,Percentage
26,Sonora,0,Estatal,6200028554,Percentage of people aged 18 years and over who considers unsafe their city,2020,68.3723503119883,Percentage
26,Sonora,0,Estatal,6200035290,Percentage of women aged 18 years and over who reports feeling unsafe in public transportation and public spaces,2011,66.0168497723277,Percentage
26,Sonora,0,Estatal,6200035290,Percentage of women aged 18 years and over who reports feeling unsafe in public transportation and public spaces,2012,67.6071457096456,Percentage
26,Sonora,0,Estatal,6200035290,Percentage of women aged 18 years and over who reports feeling unsafe in public transportation and public spaces,2013,67.5091250626834,Percentage
26,Sonora,0,Estatal,6200035290,Percentage of women aged 18 years and over who reports feeling unsafe in public transportation and public spaces,2014,70.2788604899373,Percentage
26,Sonora,0,Estatal,6200035290,Percentage of women aged 18 years and over who reports feeling unsafe in public transportation and public spaces,2015,69.3442511741866,Percentage
26,Sonora,0,Estatal,6200035290,Percentage of women aged 18 years and over who reports feeling unsafe in public transportation and public spaces,2016,72.4802198998885,Percentage
26,Sonora,0,Estatal,6200035290,Percentage of women aged 18 years and over who reports feeling unsafe in public transportation and public spaces,2017,75.4798063814782,Percentage
26,Sonora,0,Estatal,6200035290,Percentage of women aged 18 years and over who reports feeling unsafe in public transportation and public spaces,2018,76.758447254184,Percentage
26,Sonora,0,Estatal,6200035290,Percentage of women aged 18 years and over who reports feeling unsafe in public transportation and public spaces,2020,80.2318096879879,Percentage
26,Sonora,0,Estatal,6200035291,Percentage of men victims of at least one crime,2010,28.9110426141875,Percentage
26,Sonora,0,Estatal,6200035291,Percentage of men victims of at least one crime,2011,30.0546453779552,Percentage
26,Sonora,0,Estatal,6200035291,Percentage of men victims of at least one crime,2012,29.604664339761,Percentage
26,Sonora,0,Estatal,6200035291,Percentage of men victims of at least one crime,2013,27.9772565229939,Percentage
26,Sonora,0,Estatal,6200035291,Percentage of men victims of at least one crime,2014,26.3940057033594,Percentage
26,Sonora,0,Estatal,6200035291,Percentage of men victims of at least one crime,2015,32.8652055058338,Percentage
26,Sonora,0,Estatal,6200035291,Percentage of men victims of at least one crime,2016,36.5262477326574,Percentage
26,Sonora,0,Estatal,6200035291,Percentage of men victims of at least one crime,2017,30.5549937764138,Percentage
26,Sonora,0,Estatal,6200035291,Percentage of men victims of at least one crime,2019,24.9384411490001,Percentage
26,Sonora,0,Estatal,6200035292,Percentage of men aged 18 years and over who reports feeling unsafe in public transport and spaces,2011,56.6820425495226,Percentage
26,Sonora,0,Estatal,6200035292,Percentage of men aged 18 years and over who reports feeling unsafe in public transport and spaces,2012,54.8304805793285,Percentage
26,Sonora,0,Estatal,6200035292,Percentage of men aged 18 years and over who reports feeling unsafe in public transport and spaces,2013,55.5618986440848,Percentage
26,Sonora,0,Estatal,6200035292,Percentage of men aged 18 years and over who reports feeling unsafe in public transport and spaces,2014,58.10185971107,Percentage
26,Sonora,0,Estatal,6200035292,Percentage of men aged 18 years and over who reports feeling unsafe in public transport and spaces,2015,65.208065473247,Percentage
26,Sonora,0,Estatal,6200035292,Percentage of men aged 18 years and over who reports feeling unsafe in public transport and spaces,2016,61.7541419469424,Percentage
26,Sonora,0,Estatal,6200035292,Percentage of men aged 18 years and over who reports feeling unsafe in public transport and spaces,2017,66.6876940536156,Percentage
26,Sonora,0,Estatal,6200035292,Percentage of men aged 18 years and over who reports feeling unsafe in public transport and spaces,2018,67.6920815550417,Percentage
26,Sonora,0,Estatal,6200035292,Percentage of men aged 18 years and over who reports feeling unsafe in public transport and spaces,2020,73.6048855659927,Percentage
26,Sonora,0,Estatal,6200035293,Percentage of female victims of at least one crime,2010,29.1083981011932,Percentage
26,Sonora,0,Estatal,6200035293,Percentage of female victims of at least one crime,2011,29.9035701924869,Percentage
26,Sonora,0,Estatal,6200035293,Percentage of female victims of at least one crime,2012,28.6743791258026,Percentage
26,Sonora,0,Estatal,6200035293,Percentage of female victims of at least one crime,2013,26.8325578396831,Percentage
26,Sonora,0,Estatal,6200035293,Percentage of female victims of at least one crime,2014,22.1652919604627,Percentage
26,Sonora,0,Estatal,6200035293,Percentage of female victims of at least one crime,2015,26.7114902948897,Percentage
26,Sonora,0,Estatal,6200035293,Percentage of female victims of at least one crime,2016,30.3869497483386,Percentage
26,Sonora,0,Estatal,6200035293,Percentage of female victims of at least one crime,2017,31.7231486333969,Percentage
26,Sonora,0,Estatal,6200035293,Percentage of female victims of at least one crime,2018,33.4199085262739,Percentage
26,Sonora,0,Estatal,6200035293,Percentage of female victims of at least one crime,2019,18.4224485558291,Percentage
26,Sonora,0,Estatal,6200035293,Percentage of female victims of at least one crime,2020,23.6340577868271,Percentage
26,Sonora,0,Estatal,6200112676,Perception of absence of corruption in the judicial system.,2011,35.4180605428188,Percentage
26,Sonora,0,Estatal,6200112676,Perception of absence of corruption in the judicial system.,2012,37.0064692030213,Percentage
26,Sonora,0,Estatal,6200112676,Perception of absence of corruption in the judicial system.,2013,38.8104177010173,Percentage
26,Sonora,0,Estatal,6200112676,Perception of absence of corruption in the judicial system.,2014,33.0384406976082,Percentage
26,Sonora,0,Estatal,6200112676,Perception of absence of corruption in the judicial system.,2015,36.4038284809731,Percentage
26,Sonora,0,Estatal,6200112676,Perception of absence of corruption in the judicial system.,2016,32.9498961589472,Percentage
26,Sonora,0,Estatal,6200112676,Perception of absence of corruption in the judicial system.,2017,30.1821767837828,Percentage
26,Sonora,0,Estatal,6200112676,Perception of absence of corruption in the judicial system.,2018,28.2825985394281,Percentage
26,Sonora,0,Estatal,6200112676,Perception of absence of corruption in the judicial system.,2019,30.8944378588913,Percentage
26,Sonora,0,Estatal,6200112676,Perception of absence of corruption in the judicial system.,2020,31.5692087598318,Percentage
26,Sonora,0,Estatal,6200112676,Perception of absence of corruption in the judicial system.,2021,34.3224624077726,Percentage
26,Sonora,0,Estatal,6200116477,People aged 18 years and over who identify the Federal Police and it generates them some confidence.,2011,500697,People
26,Sonora,0,Estatal,6200116477,People aged 18 years and over who identify the Federal Police and it generates them some confidence.,2012,513217,People
26,Sonora,0,Estatal,6200116477,People aged 18 years and over who identify the Federal Police and it generates them some confidence.,2013,582456,People
26,Sonora,0,Estatal,6200116477,People aged 18 years and over who identify the Federal Police and it generates them some confidence.,2014,509723,People
26,Sonora,0,Estatal,6200116477,People aged 18 years and over who identify the Federal Police and it generates them some confidence.,2015,551373,People
26,Sonora,0,Estatal,6200116477,People aged 18 years and over who identify the Federal Police and it generates them some confidence.,2016,580720,People
26,Sonora,0,Estatal,6200116477,People aged 18 years and over who identify the Federal Police and it generates them some confidence.,2017,598462,People
26,Sonora,0,Estatal,6200116477,People aged 18 years and over who identify the Federal Police and it generates them some confidence.,2018,649776,People
26,Sonora,0,Estatal,6200116478,People aged 18 years and over who identify the federal police and it generates them much confidence.,2011,444113,People
26,Sonora,0,Estatal,6200116478,People aged 18 years and over who identify the federal police and it generates them much confidence.,2012,414643,People
26,Sonora,0,Estatal,6200116478,People aged 18 years and over who identify the federal police and it generates them much confidence.,2013,367977,People
26,Sonora,0,Estatal,6200116478,People aged 18 years and over who identify the federal police and it generates them much confidence.,2014,364832,People
26,Sonora,0,Estatal,6200116478,People aged 18 years and over who identify the federal police and it generates them much confidence.,2015,565060,People
26,Sonora,0,Estatal,6200116478,People aged 18 years and over who identify the federal police and it generates them much confidence.,2016,437285,People
26,Sonora,0,Estatal,6200116478,People aged 18 years and over who identify the federal police and it generates them much confidence.,2017,354619,People
26,Sonora,0,Estatal,6200116478,People aged 18 years and over who identify the federal police and it generates them much confidence.,2018,420721,People
26,Sonora,0,Estatal,6200118580,Perception of confidence in the police,2011,51.18244417,Percentage
26,Sonora,0,Estatal,6200118580,Perception of confidence in the police,2012,53.86529402,Percentage
26,Sonora,0,Estatal,6200118580,Perception of confidence in the police,2013,53.23605299,Percentage
26,Sonora,0,Estatal,6200118580,Perception of confidence in the police,2014,52.03916284,Percentage
26,Sonora,0,Estatal,6200118580,Perception of confidence in the police,2015,55.13029842,Percentage
26,Sonora,0,Estatal,6200118580,Perception of confidence in the police,2016,56.82832906,Percentage
26,Sonora,0,Estatal,6200118580,Perception of confidence in the police,2017,55.8226023181471,Percentage
26,Sonora,0,Estatal,6200118580,Perception of confidence in the police,2018,54.8005305410122,Percentage
26,Sonora,0,Estatal,6200118580,Perception of confidence in the police,2019,55.4283268957057,Percentage
26,Sonora,0,Estatal,6200118580,Perception of confidence in the police,2020,51.9932845874598,Percentage
26,Sonora,0,Estatal,6200118580,Perception of confidence in the police,2021,55.7150558318667,Percentage
26,Sonora,0,Estatal,6200118581,Perception of insecurity.,2011,29.8471497199433,Percentage
26,Sonora,0,Estatal,6200118581,Perception of insecurity.,2012,27.7057323385112,Percentage
26,Sonora,0,Estatal,6200118581,Perception of insecurity.,2013,35.4603498827669,Percentage
26,Sonora,0,Estatal,6200118581,Perception of insecurity.,2014,36.7786454304465,Percentage
26,Sonora,0,Estatal,6200118581,Perception of insecurity.,2015,41.1481299023036,Percentage
26,Sonora,0,Estatal,6200118581,Perception of insecurity.,2016,40.28603045,Percentage
26,Sonora,0,Estatal,6200118581,Perception of insecurity.,2017,44.3071989927902,Percentage
26,Sonora,0,Estatal,6200118581,Perception of insecurity.,2018,43.8863825846191,Percentage
26,Sonora,0,Estatal,6200118581,Perception of insecurity.,2019,44.8604452058772,Percentage
26,Sonora,0,Estatal,6200118581,Perception of insecurity.,2020,43.4168252422888,Percentage
26,Sonora,0,Estatal,6200118581,Perception of insecurity.,2021,37.7217249796583,Percentage
26,Sonora,0,Estatal,6207046244,Perception of confidence in judges.,2016,58.2332948105061,Percentage
26,Sonora,0,Estatal,6207046244,Perception of confidence in judges.,2017,58.5359492648077,Percentage
26,Sonora,0,Estatal,6207046244,Perception of confidence in judges.,2018,56.3278131582614,Percentage
26,Sonora,0,Estatal,6207046244,Perception of confidence in judges.,2019,58.5901442492726,Percentage
26,Sonora,0,Estatal,6207046244,Perception of confidence in judges.,2020,53.6213078266833,Percentage
26,Sonora,0,Estatal,6207046244,Perception of confidence in judges.,2021,64.9152637461753,Percentage
26,Sonora,0,Estatal,6300000166,People aged 18 years and over in the state that identifies the Federal Police and considered their work somewhat or very effective.,2011,1018184,People
26,Sonora,0,Estatal,6300000166,People aged 18 years and over in the state that identifies the Federal Police and considered their work somewhat or very effective.,2012,1061136,People
26,Sonora,0,Estatal,6300000166,People aged 18 years and over in the state that identifies the Federal Police and considered their work somewhat or very effective.,2013,1037081,People
26,Sonora,0,Estatal,6300000166,People aged 18 years and over in the state that identifies the Federal Police and considered their work somewhat or very effective.,2014,989113,People
26,Sonora,0,Estatal,6300000166,People aged 18 years and over in the state that identifies the Federal Police and considered their work somewhat or very effective.,2015,1255720,People
26,Sonora,0,Estatal,6300000166,People aged 18 years and over in the state that identifies the Federal Police and considered their work somewhat or very effective.,2016,1140518,People
26,Sonora,0,Estatal,6300000166,People aged 18 years and over in the state that identifies the Federal Police and considered their work somewhat or very effective.,2017,1101886,People
26,Sonora,0,Estatal,6300000166,People aged 18 years and over in the state that identifies the Federal Police and considered their work somewhat or very effective.,2018,1200274,People
26,Sonora,0,Estatal,6300000166,People aged 18 years and over in the state that identifies the Federal Police and considered their work somewhat or very effective.,2020,501049,People

