﻿cve_entidad,desc_entidad,cve_municipio,desc_municipio,id_indicador,indicador,año,valor,unidad_medida
26,Sonora,0,Estatal,6207051587,Unidades médicas privadas,2004,53,Número de establecimientos particulares de salud
26,Sonora,0,Estatal,6207051587,Unidades médicas privadas,2005,53,Número de establecimientos particulares de salud
26,Sonora,0,Estatal,6207051587,Unidades médicas privadas,2006,51,Número de establecimientos particulares de salud
26,Sonora,0,Estatal,6207051587,Unidades médicas privadas,2007,53,Número de establecimientos particulares de salud
26,Sonora,0,Estatal,6207051587,Unidades médicas privadas,2008,53,Número de establecimientos particulares de salud
26,Sonora,0,Estatal,6207051587,Unidades médicas privadas,2009,51,Número de establecimientos particulares de salud
26,Sonora,0,Estatal,6207051587,Unidades médicas privadas,2010,51,Número de establecimientos particulares de salud
26,Sonora,0,Estatal,6207051587,Unidades médicas privadas,2011,49,Número de establecimientos particulares de salud
26,Sonora,0,Estatal,6207051587,Unidades médicas privadas,2012,49,Número de establecimientos particulares de salud
26,Sonora,0,Estatal,6207051587,Unidades médicas privadas,2013,48,Número de establecimientos particulares de salud
26,Sonora,0,Estatal,6207051587,Unidades médicas privadas,2014,47,Número de establecimientos particulares de salud
26,Sonora,0,Estatal,6207051587,Unidades médicas privadas,2015,44,Número de establecimientos particulares de salud
26,Sonora,0,Estatal,6207051587,Unidades médicas privadas,2016,42,Número de establecimientos particulares de salud
26,Sonora,0,Estatal,6207051587,Unidades médicas privadas,2017,42,Número de establecimientos particulares de salud
26,Sonora,0,Estatal,6207051587,Unidades médicas privadas,2018,42,Número de establecimientos particulares de salud
26,Sonora,0,Estatal,6207051587,Unidades médicas privadas,2019,41,Número de establecimientos particulares de salud
26,Sonora,0,Estatal,6207051587,Unidades médicas privadas,2020,40,Número de establecimientos particulares de salud

