﻿cve_entidad,desc_entidad,cve_municipio,desc_municipio,id_indicador,indicador,año,valor,unidad_medida
26,Sonora,0,Estatal,6200002197,Tasa de prevalencia delictiva por cada cien mil habitantes de 18 años y más,2010,29007.5852584592,Casos por cada 100 mil habitantes
26,Sonora,0,Estatal,6200002197,Tasa de prevalencia delictiva por cada cien mil habitantes de 18 años y más,2011,29979.9424233281,Casos por cada 100 mil habitantes
26,Sonora,0,Estatal,6200002197,Tasa de prevalencia delictiva por cada cien mil habitantes de 18 años y más,2012,29130.7582014734,Casos por cada 100 mil habitantes
26,Sonora,0,Estatal,6200002197,Tasa de prevalencia delictiva por cada cien mil habitantes de 18 años y más,2013,27394.5572809637,Casos por cada 100 mil habitantes
26,Sonora,0,Estatal,6200002197,Tasa de prevalencia delictiva por cada cien mil habitantes de 18 años y más,2014,24245.6356953593,Casos por cada 100 mil habitantes
26,Sonora,0,Estatal,6200002197,Tasa de prevalencia delictiva por cada cien mil habitantes de 18 años y más,2015,29587.4655037835,Casos por cada 100 mil habitantes
26,Sonora,0,Estatal,6200002197,Tasa de prevalencia delictiva por cada cien mil habitantes de 18 años y más,2016,33268.3171530585,Casos por cada 100 mil habitantes
26,Sonora,0,Estatal,6200002197,Tasa de prevalencia delictiva por cada cien mil habitantes de 18 años y más,2017,31183.7522166833,Casos por cada 100 mil habitantes
26,Sonora,0,Estatal,6200002197,Tasa de prevalencia delictiva por cada cien mil habitantes de 18 años y más,2018,31853.2313636991,Casos por cada 100 mil habitantes
26,Sonora,0,Estatal,6200002197,Tasa de prevalencia delictiva por cada cien mil habitantes de 18 años y más,2019,21588.8613317427,Casos por cada 100 mil habitantes
26,Sonora,0,Estatal,6200002198,"Tasa de personas de 18 años y más que considera insegura su entidad federativa, por cada cien mil habitantes de 18 años y más",2011,45951.8128536493,Casos por cada 100 mil habitantes
26,Sonora,0,Estatal,6200002198,"Tasa de personas de 18 años y más que considera insegura su entidad federativa, por cada cien mil habitantes de 18 años y más",2012,42387.678360513,Casos por cada 100 mil habitantes
26,Sonora,0,Estatal,6200002198,"Tasa de personas de 18 años y más que considera insegura su entidad federativa, por cada cien mil habitantes de 18 años y más",2013,52461.5282335679,Casos por cada 100 mil habitantes
26,Sonora,0,Estatal,6200002198,"Tasa de personas de 18 años y más que considera insegura su entidad federativa, por cada cien mil habitantes de 18 años y más",2014,57186.4717026637,Casos por cada 100 mil habitantes
26,Sonora,0,Estatal,6200002198,"Tasa de personas de 18 años y más que considera insegura su entidad federativa, por cada cien mil habitantes de 18 años y más",2015,62465.510285588,Casos por cada 100 mil habitantes
26,Sonora,0,Estatal,6200002198,"Tasa de personas de 18 años y más que considera insegura su entidad federativa, por cada cien mil habitantes de 18 años y más",2016,51262.565273417,Casos por cada 100 mil habitantes
26,Sonora,0,Estatal,6200002198,"Tasa de personas de 18 años y más que considera insegura su entidad federativa, por cada cien mil habitantes de 18 años y más",2017,57362.22176320733,Casos por cada 100 mil habitantes
26,Sonora,0,Estatal,6200002198,"Tasa de personas de 18 años y más que considera insegura su entidad federativa, por cada cien mil habitantes de 18 años y más",2018,66946.4838251915,Casos por cada 100 mil habitantes
26,Sonora,0,Estatal,6200002198,"Tasa de personas de 18 años y más que considera insegura su entidad federativa, por cada cien mil habitantes de 18 años y más",2020,68372.3503119883,Casos por cada 100 mil habitantes
26,Sonora,0,Estatal,6200005814,Porcentaje de delitos con portación de armas en personas de 18 años y más,2010,33.5629794286055,Porcentaje
26,Sonora,0,Estatal,6200005814,Porcentaje de delitos con portación de armas en personas de 18 años y más,2011,30.8134182715322,Porcentaje
26,Sonora,0,Estatal,6200005814,Porcentaje de delitos con portación de armas en personas de 18 años y más,2012,28.6430426786493,Porcentaje
26,Sonora,0,Estatal,6200005814,Porcentaje de delitos con portación de armas en personas de 18 años y más,2013,28.8488936331276,Porcentaje
26,Sonora,0,Estatal,6200005814,Porcentaje de delitos con portación de armas en personas de 18 años y más,2014,42.9104251686264,Porcentaje
26,Sonora,0,Estatal,6200005814,Porcentaje de delitos con portación de armas en personas de 18 años y más,2015,31.2866967697117,Porcentaje
26,Sonora,0,Estatal,6200005814,Porcentaje de delitos con portación de armas en personas de 18 años y más,2016,39.936783942803004,Porcentaje
26,Sonora,0,Estatal,6200005814,Porcentaje de delitos con portación de armas en personas de 18 años y más,2017,45.0120085088863,Porcentaje
26,Sonora,0,Estatal,6200005814,Porcentaje de delitos con portación de armas en personas de 18 años y más,2019,23.6890163149799,Porcentaje
26,Sonora,0,Estatal,6200005815,"Tasa de personas de 18 años y más que considera insegura su colonia o localidad, por cada cien mil habitantes de 18 años y más",2011,29847.1497199433,Casos por cada 100 mil habitantes
26,Sonora,0,Estatal,6200005815,"Tasa de personas de 18 años y más que considera insegura su colonia o localidad, por cada cien mil habitantes de 18 años y más",2012,27705.7323385112,Casos por cada 100 mil habitantes
26,Sonora,0,Estatal,6200005815,"Tasa de personas de 18 años y más que considera insegura su colonia o localidad, por cada cien mil habitantes de 18 años y más",2013,35460.3498827669,Casos por cada 100 mil habitantes
26,Sonora,0,Estatal,6200005815,"Tasa de personas de 18 años y más que considera insegura su colonia o localidad, por cada cien mil habitantes de 18 años y más",2014,36778.6454304465,Casos por cada 100 mil habitantes
26,Sonora,0,Estatal,6200005815,"Tasa de personas de 18 años y más que considera insegura su colonia o localidad, por cada cien mil habitantes de 18 años y más",2015,41148.1299023036,Casos por cada 100 mil habitantes
26,Sonora,0,Estatal,6200005815,"Tasa de personas de 18 años y más que considera insegura su colonia o localidad, por cada cien mil habitantes de 18 años y más",2016,40286.0304511773,Casos por cada 100 mil habitantes
26,Sonora,0,Estatal,6200005815,"Tasa de personas de 18 años y más que considera insegura su colonia o localidad, por cada cien mil habitantes de 18 años y más",2017,44307.1989927901,Casos por cada 100 mil habitantes
26,Sonora,0,Estatal,6200005815,"Tasa de personas de 18 años y más que considera insegura su colonia o localidad, por cada cien mil habitantes de 18 años y más",2018,43886.3825846191,Casos por cada 100 mil habitantes
26,Sonora,0,Estatal,6200005815,"Tasa de personas de 18 años y más que considera insegura su colonia o localidad, por cada cien mil habitantes de 18 años y más",2020,43416.8252422888,Casos por cada 100 mil habitantes
26,Sonora,0,Estatal,6200005816,"Tasa de personas de 18 años y más que considera inseguro su municipio o delegación, por cada cien mil habitantes de 18 años y más",2011,42531.7300313034,Casos por cada 100 mil habitantes
26,Sonora,0,Estatal,6200005816,"Tasa de personas de 18 años y más que considera inseguro su municipio o delegación, por cada cien mil habitantes de 18 años y más",2012,40230.4751944806,Casos por cada 100 mil habitantes
26,Sonora,0,Estatal,6200005816,"Tasa de personas de 18 años y más que considera inseguro su municipio o delegación, por cada cien mil habitantes de 18 años y más",2013,48889.6229225089,Casos por cada 100 mil habitantes
26,Sonora,0,Estatal,6200005816,"Tasa de personas de 18 años y más que considera inseguro su municipio o delegación, por cada cien mil habitantes de 18 años y más",2014,53337.4588941518,Casos por cada 100 mil habitantes
26,Sonora,0,Estatal,6200005816,"Tasa de personas de 18 años y más que considera inseguro su municipio o delegación, por cada cien mil habitantes de 18 años y más",2015,57934.1548017994,Casos por cada 100 mil habitantes
26,Sonora,0,Estatal,6200005816,"Tasa de personas de 18 años y más que considera inseguro su municipio o delegación, por cada cien mil habitantes de 18 años y más",2016,54424.4413475563,Casos por cada 100 mil habitantes
26,Sonora,0,Estatal,6200005816,"Tasa de personas de 18 años y más que considera inseguro su municipio o delegación, por cada cien mil habitantes de 18 años y más",2017,60277.2285992505,Casos por cada 100 mil habitantes
26,Sonora,0,Estatal,6200005816,"Tasa de personas de 18 años y más que considera inseguro su municipio o delegación, por cada cien mil habitantes de 18 años y más",2018,65736.8630826195,Casos por cada 100 mil habitantes
26,Sonora,0,Estatal,6200005816,"Tasa de personas de 18 años y más que considera inseguro su municipio o delegación, por cada cien mil habitantes de 18 años y más",2020,65157.1005000664,Casos por cada 100 mil habitantes
26,Sonora,0,Estatal,6200005819,Costo promedio del delito en personas y hogares,2010,5677.55131999474,Pesos
26,Sonora,0,Estatal,6200005819,Costo promedio del delito en personas y hogares,2011,5129.38324194073,Pesos
26,Sonora,0,Estatal,6200005819,Costo promedio del delito en personas y hogares,2012,6645.37184389643,Pesos
26,Sonora,0,Estatal,6200005819,Costo promedio del delito en personas y hogares,2013,5256.08843681712,Pesos
26,Sonora,0,Estatal,6200005819,Costo promedio del delito en personas y hogares,2014,5386.67054346907,Pesos
26,Sonora,0,Estatal,6200005819,Costo promedio del delito en personas y hogares,2015,5377.06130032198,Pesos
26,Sonora,0,Estatal,6200005819,Costo promedio del delito en personas y hogares,2016,5774.413031647744,Pesos
26,Sonora,0,Estatal,6200005819,Costo promedio del delito en personas y hogares,2017,7026.30876915918,Pesos
26,Sonora,0,Estatal,6200005819,Costo promedio del delito en personas y hogares,2019,5694.5932404592,Pesos
26,Sonora,0,Estatal,6200005820,Costo del delito en personas y hogares,2010,5139279712,Pesos
26,Sonora,0,Estatal,6200005820,Costo del delito en personas y hogares,2011,5019419524,Pesos
26,Sonora,0,Estatal,6200005820,Costo del delito en personas y hogares,2012,6555140985,Pesos
26,Sonora,0,Estatal,6200005820,Costo del delito en personas y hogares,2013,5253187076,Pesos
26,Sonora,0,Estatal,6200005820,Costo del delito en personas y hogares,2014,5285977511,Pesos
26,Sonora,0,Estatal,6200005820,Costo del delito en personas y hogares,2015,5377383924,Pesos
26,Sonora,0,Estatal,6200005820,Costo del delito en personas y hogares,2016,6674164747,Pesos
26,Sonora,0,Estatal,6200005820,Costo del delito en personas y hogares,2017,7474481874,Pesos
26,Sonora,0,Estatal,6200005820,Costo del delito en personas y hogares,2019,5622192182,Pesos
26,Sonora,0,Estatal,6200009721,Porcentaje de hogares víctimas del delito,2010,33.8804527616515,Porcentaje
26,Sonora,0,Estatal,6200009721,Porcentaje de hogares víctimas del delito,2011,36.3320229617883,Porcentaje
26,Sonora,0,Estatal,6200009721,Porcentaje de hogares víctimas del delito,2012,33.6065658751779,Porcentaje
26,Sonora,0,Estatal,6200009721,Porcentaje de hogares víctimas del delito,2013,31.8383018923051,Porcentaje
26,Sonora,0,Estatal,6200009721,Porcentaje de hogares víctimas del delito,2014,28.462314082376,Porcentaje
26,Sonora,0,Estatal,6200009721,Porcentaje de hogares víctimas del delito,2015,34.7049517649885,Porcentaje
26,Sonora,0,Estatal,6200009721,Porcentaje de hogares víctimas del delito,2016,39.20549941758046,Porcentaje
26,Sonora,0,Estatal,6200009721,Porcentaje de hogares víctimas del delito,2017,36.9188640383932,Porcentaje
26,Sonora,0,Estatal,6200009721,Porcentaje de hogares víctimas del delito,2018,36.2569714770083,Porcentaje
26,Sonora,0,Estatal,6200009721,Porcentaje de hogares víctimas del delito,2019,25.4115358029748,Porcentaje
26,Sonora,0,Estatal,6200009721,Porcentaje de hogares víctimas del delito,2020,30.0521812853889,Porcentaje
26,Sonora,0,Estatal,6200009722,Promedio de delitos por víctima de 18 años y más,2010,1.62077362075085,Promedio
26,Sonora,0,Estatal,6200009722,Promedio de delitos por víctima de 18 años y más,2011,1.28938627753022,Promedio
26,Sonora,0,Estatal,6200009722,Promedio de delitos por víctima de 18 años y más,2012,1.18175365329461,Promedio
26,Sonora,0,Estatal,6200009722,Promedio de delitos por víctima de 18 años y más,2013,1.14969842404697,Promedio
26,Sonora,0,Estatal,6200009722,Promedio de delitos por víctima de 18 años y más,2014,1.10338664531679,Promedio
26,Sonora,0,Estatal,6200009722,Promedio de delitos por víctima de 18 años y más,2015,1.4045684773038,Promedio
26,Sonora,0,Estatal,6200009722,Promedio de delitos por víctima de 18 años y más,2016,1.28372493192482,Promedio
26,Sonora,0,Estatal,6200009722,Promedio de delitos por víctima de 18 años y más,2017,1.296474329289,Promedio
26,Sonora,0,Estatal,6200009722,Promedio de delitos por víctima de 18 años y más,2019,1.21110624074255,Promedio
26,Sonora,0,Estatal,6200028394,"Tasa de prevalencia delictiva por cada cien mil habitantes de 18 años y más, mujeres",2010,29108.3981011932,Casos por cada 100 mil habitantes
26,Sonora,0,Estatal,6200028394,"Tasa de prevalencia delictiva por cada cien mil habitantes de 18 años y más, mujeres",2011,29903.5701924869,Casos por cada 100 mil habitantes
26,Sonora,0,Estatal,6200028394,"Tasa de prevalencia delictiva por cada cien mil habitantes de 18 años y más, mujeres",2012,28674.3791258026,Casos por cada 100 mil habitantes
26,Sonora,0,Estatal,6200028394,"Tasa de prevalencia delictiva por cada cien mil habitantes de 18 años y más, mujeres",2013,26832.5578396831,Casos por cada 100 mil habitantes
26,Sonora,0,Estatal,6200028394,"Tasa de prevalencia delictiva por cada cien mil habitantes de 18 años y más, mujeres",2014,22165.2919604627,Casos por cada 100 mil habitantes
26,Sonora,0,Estatal,6200028394,"Tasa de prevalencia delictiva por cada cien mil habitantes de 18 años y más, mujeres",2015,26711.4902948897,Casos por cada 100 mil habitantes
26,Sonora,0,Estatal,6200028394,"Tasa de prevalencia delictiva por cada cien mil habitantes de 18 años y más, mujeres",2016,30386.9497483386,Casos por cada 100 mil habitantes
26,Sonora,0,Estatal,6200028394,"Tasa de prevalencia delictiva por cada cien mil habitantes de 18 años y más, mujeres",2017,31723.1486333969,Casos por cada 100 mil habitantes
26,Sonora,0,Estatal,6200028394,"Tasa de prevalencia delictiva por cada cien mil habitantes de 18 años y más, mujeres",2018,33419.9085262739,Casos por cada 100 mil habitantes
26,Sonora,0,Estatal,6200028394,"Tasa de prevalencia delictiva por cada cien mil habitantes de 18 años y más, mujeres",2019,18422.4485558291,Casos por cada 100 mil habitantes
26,Sonora,0,Estatal,6200028395,"Tasa de prevalencia delictiva por cada cien mil habitantes de 18 años y más, hombres",2010,28911.0426141875,Casos por cada 100 mil habitantes
26,Sonora,0,Estatal,6200028395,"Tasa de prevalencia delictiva por cada cien mil habitantes de 18 años y más, hombres",2011,30054.6453779552,Casos por cada 100 mil habitantes
26,Sonora,0,Estatal,6200028395,"Tasa de prevalencia delictiva por cada cien mil habitantes de 18 años y más, hombres",2012,29604.664339761,Casos por cada 100 mil habitantes
26,Sonora,0,Estatal,6200028395,"Tasa de prevalencia delictiva por cada cien mil habitantes de 18 años y más, hombres",2013,27977.2565229939,Casos por cada 100 mil habitantes
26,Sonora,0,Estatal,6200028395,"Tasa de prevalencia delictiva por cada cien mil habitantes de 18 años y más, hombres",2014,26394.0057033594,Casos por cada 100 mil habitantes
26,Sonora,0,Estatal,6200028395,"Tasa de prevalencia delictiva por cada cien mil habitantes de 18 años y más, hombres",2015,32865.2055058338,Casos por cada 100 mil habitantes
26,Sonora,0,Estatal,6200028395,"Tasa de prevalencia delictiva por cada cien mil habitantes de 18 años y más, hombres",2016,36526.2477326574,Casos por cada 100 mil habitantes
26,Sonora,0,Estatal,6200028395,"Tasa de prevalencia delictiva por cada cien mil habitantes de 18 años y más, hombres",2017,30554.9937764138,Casos por cada 100 mil habitantes
26,Sonora,0,Estatal,6200028395,"Tasa de prevalencia delictiva por cada cien mil habitantes de 18 años y más, hombres",2018,30225.4342925341,Casos por cada 100 mil habitantes
26,Sonora,0,Estatal,6200028395,"Tasa de prevalencia delictiva por cada cien mil habitantes de 18 años y más, hombres",2019,24938.4411490001,Casos por cada 100 mil habitantes
26,Sonora,0,Estatal,6200028487,Porcentaje de personas de 18 años y más que identifica a la Marina y considera algo efectivo el trabajo de ésta,2011,37.0573277767492,Porcentaje
26,Sonora,0,Estatal,6200028487,Porcentaje de personas de 18 años y más que identifica a la Marina y considera algo efectivo el trabajo de ésta,2012,32.1210847763497,Porcentaje
26,Sonora,0,Estatal,6200028487,Porcentaje de personas de 18 años y más que identifica a la Marina y considera algo efectivo el trabajo de ésta,2013,37.0418358366798,Porcentaje
26,Sonora,0,Estatal,6200028487,Porcentaje de personas de 18 años y más que identifica a la Marina y considera algo efectivo el trabajo de ésta,2014,32.3841521695446,Porcentaje
26,Sonora,0,Estatal,6200028487,Porcentaje de personas de 18 años y más que identifica a la Marina y considera algo efectivo el trabajo de ésta,2015,29.778371650638,Porcentaje
26,Sonora,0,Estatal,6200028487,Porcentaje de personas de 18 años y más que identifica a la Marina y considera algo efectivo el trabajo de ésta,2016,31.7590578992213,Porcentaje
26,Sonora,0,Estatal,6200028487,Porcentaje de personas de 18 años y más que identifica a la Marina y considera algo efectivo el trabajo de ésta,2017,38.2168732243901,Porcentaje
26,Sonora,0,Estatal,6200028487,Porcentaje de personas de 18 años y más que identifica a la Marina y considera algo efectivo el trabajo de ésta,2018,39.6986292346669,Porcentaje
26,Sonora,0,Estatal,6200028487,Porcentaje de personas de 18 años y más que identifica a la Marina y considera algo efectivo el trabajo de ésta,2019,39.4631747670407,Porcentaje
26,Sonora,0,Estatal,6200028487,Porcentaje de personas de 18 años y más que identifica a la Marina y considera algo efectivo el trabajo de ésta,2020,41.1547614741944,Porcentaje
26,Sonora,0,Estatal,6200028488,Porcentaje de personas de 18 años y más que identifica al Ejército y considera algo efectivo el trabajo de éste,2011,34.696920803097,Porcentaje
26,Sonora,0,Estatal,6200028488,Porcentaje de personas de 18 años y más que identifica al Ejército y considera algo efectivo el trabajo de éste,2012,33.5019775643441,Porcentaje
26,Sonora,0,Estatal,6200028488,Porcentaje de personas de 18 años y más que identifica al Ejército y considera algo efectivo el trabajo de éste,2013,36.0914666497818,Porcentaje
26,Sonora,0,Estatal,6200028488,Porcentaje de personas de 18 años y más que identifica al Ejército y considera algo efectivo el trabajo de éste,2014,35.3586463395166,Porcentaje
26,Sonora,0,Estatal,6200028488,Porcentaje de personas de 18 años y más que identifica al Ejército y considera algo efectivo el trabajo de éste,2015,33.0932504513041,Porcentaje
26,Sonora,0,Estatal,6200028488,Porcentaje de personas de 18 años y más que identifica al Ejército y considera algo efectivo el trabajo de éste,2016,37.3011501512745,Porcentaje
26,Sonora,0,Estatal,6200028488,Porcentaje de personas de 18 años y más que identifica al Ejército y considera algo efectivo el trabajo de éste,2017,41.3971597791389,Porcentaje
26,Sonora,0,Estatal,6200028488,Porcentaje de personas de 18 años y más que identifica al Ejército y considera algo efectivo el trabajo de éste,2018,43.15057417139,Porcentaje
26,Sonora,0,Estatal,6200028488,Porcentaje de personas de 18 años y más que identifica al Ejército y considera algo efectivo el trabajo de éste,2019,42.4274942040355,Porcentaje
26,Sonora,0,Estatal,6200028488,Porcentaje de personas de 18 años y más que identifica al Ejército y considera algo efectivo el trabajo de éste,2020,43.0220086864284,Porcentaje
26,Sonora,0,Estatal,6200028489,Porcentaje de personas de 18 años y más que identifica al Ejército y considera muy efectivo o algo efectivo el trabajo de éste,2011,81.61726454129,Porcentaje
26,Sonora,0,Estatal,6200028489,Porcentaje de personas de 18 años y más que identifica al Ejército y considera muy efectivo o algo efectivo el trabajo de éste,2012,80.3916051905133,Porcentaje
26,Sonora,0,Estatal,6200028489,Porcentaje de personas de 18 años y más que identifica al Ejército y considera muy efectivo o algo efectivo el trabajo de éste,2013,81.5779590963378,Porcentaje
26,Sonora,0,Estatal,6200028489,Porcentaje de personas de 18 años y más que identifica al Ejército y considera muy efectivo o algo efectivo el trabajo de éste,2014,83.9135711290981,Porcentaje
26,Sonora,0,Estatal,6200028489,Porcentaje de personas de 18 años y más que identifica al Ejército y considera muy efectivo o algo efectivo el trabajo de éste,2015,85.0537174387166,Porcentaje
26,Sonora,0,Estatal,6200028489,Porcentaje de personas de 18 años y más que identifica al Ejército y considera muy efectivo o algo efectivo el trabajo de éste,2016,84.8545372065672,Porcentaje
26,Sonora,0,Estatal,6200028489,Porcentaje de personas de 18 años y más que identifica al Ejército y considera muy efectivo o algo efectivo el trabajo de éste,2017,84.9984735847228,Porcentaje
26,Sonora,0,Estatal,6200028489,Porcentaje de personas de 18 años y más que identifica al Ejército y considera muy efectivo o algo efectivo el trabajo de éste,2018,85.3071926268481,Porcentaje
26,Sonora,0,Estatal,6200028489,Porcentaje de personas de 18 años y más que identifica al Ejército y considera muy efectivo o algo efectivo el trabajo de éste,2020,83.3209247117208,Porcentaje
26,Sonora,0,Estatal,6200028490,Porcentaje de personas de 18 años y más que identifica al Ministerio Público (MP) y Procuradurías Estatales y considera muy efectivo el trabajo de estos,2011,11.0780125367304,Porcentaje
26,Sonora,0,Estatal,6200028490,Porcentaje de personas de 18 años y más que identifica al Ministerio Público (MP) y Procuradurías Estatales y considera muy efectivo el trabajo de estos,2012,14.7113649483036,Porcentaje
26,Sonora,0,Estatal,6200028490,Porcentaje de personas de 18 años y más que identifica al Ministerio Público (MP) y Procuradurías Estatales y considera muy efectivo el trabajo de estos,2013,13.9235452639984,Porcentaje
26,Sonora,0,Estatal,6200028490,Porcentaje de personas de 18 años y más que identifica al Ministerio Público (MP) y Procuradurías Estatales y considera muy efectivo el trabajo de estos,2014,13.1981533698236,Porcentaje
26,Sonora,0,Estatal,6200028490,Porcentaje de personas de 18 años y más que identifica al Ministerio Público (MP) y Procuradurías Estatales y considera muy efectivo el trabajo de estos,2015,18.2850098619329,Porcentaje
26,Sonora,0,Estatal,6200028490,Porcentaje de personas de 18 años y más que identifica al Ministerio Público (MP) y Procuradurías Estatales y considera muy efectivo el trabajo de estos,2016,12.1606055494516,Porcentaje
26,Sonora,0,Estatal,6200028490,Porcentaje de personas de 18 años y más que identifica al Ministerio Público (MP) y Procuradurías Estatales y considera muy efectivo el trabajo de estos,2017,12.4238450695642,Porcentaje
26,Sonora,0,Estatal,6200028490,Porcentaje de personas de 18 años y más que identifica al Ministerio Público (MP) y Procuradurías Estatales y considera muy efectivo el trabajo de estos,2018,12.7254256501929,Porcentaje
26,Sonora,0,Estatal,6200028490,Porcentaje de personas de 18 años y más que identifica al Ministerio Público (MP) y Procuradurías Estatales y considera muy efectivo el trabajo de estos,2019,7.99399870790686,Porcentaje
26,Sonora,0,Estatal,6200028490,Porcentaje de personas de 18 años y más que identifica al Ministerio Público (MP) y Procuradurías Estatales y considera muy efectivo el trabajo de estos,2020,7.64551743160554,Porcentaje
26,Sonora,0,Estatal,6200028491,Porcentaje de personas de 18 años y más que identifica a la Policía Preventiva Municipal y considera muy efectivo el trabajo de ésta,2011,8.98428786809982,Porcentaje
26,Sonora,0,Estatal,6200028491,Porcentaje de personas de 18 años y más que identifica a la Policía Preventiva Municipal y considera muy efectivo el trabajo de ésta,2012,9.59691306921888,Porcentaje
26,Sonora,0,Estatal,6200028491,Porcentaje de personas de 18 años y más que identifica a la Policía Preventiva Municipal y considera muy efectivo el trabajo de ésta,2013,8.78652476610598,Porcentaje
26,Sonora,0,Estatal,6200028491,Porcentaje de personas de 18 años y más que identifica a la Policía Preventiva Municipal y considera muy efectivo el trabajo de ésta,2014,7.5094415205194,Porcentaje
26,Sonora,0,Estatal,6200028491,Porcentaje de personas de 18 años y más que identifica a la Policía Preventiva Municipal y considera muy efectivo el trabajo de ésta,2015,9.8659241276734,Porcentaje
26,Sonora,0,Estatal,6200028491,Porcentaje de personas de 18 años y más que identifica a la Policía Preventiva Municipal y considera muy efectivo el trabajo de ésta,2016,6.92634454964626,Porcentaje
26,Sonora,0,Estatal,6200028491,Porcentaje de personas de 18 años y más que identifica a la Policía Preventiva Municipal y considera muy efectivo el trabajo de ésta,2017,5.9353566704556,Porcentaje
26,Sonora,0,Estatal,6200028491,Porcentaje de personas de 18 años y más que identifica a la Policía Preventiva Municipal y considera muy efectivo el trabajo de ésta,2018,6.39900925708118,Porcentaje
26,Sonora,0,Estatal,6200028491,Porcentaje de personas de 18 años y más que identifica a la Policía Preventiva Municipal y considera muy efectivo el trabajo de ésta,2019,5.68590163557945,Porcentaje
26,Sonora,0,Estatal,6200028491,Porcentaje de personas de 18 años y más que identifica a la Policía Preventiva Municipal y considera muy efectivo el trabajo de ésta,2020,4.8455770781881,Porcentaje
26,Sonora,0,Estatal,6200028492,Porcentaje de personas de 18 años y más que identifica a la Policía Estatal y considera muy efectivo el trabajo de ésta,2011,14.522107543815,Porcentaje
26,Sonora,0,Estatal,6200028492,Porcentaje de personas de 18 años y más que identifica a la Policía Estatal y considera muy efectivo el trabajo de ésta,2012,16.0263615804822,Porcentaje
26,Sonora,0,Estatal,6200028492,Porcentaje de personas de 18 años y más que identifica a la Policía Estatal y considera muy efectivo el trabajo de ésta,2013,13.446655292081,Porcentaje
26,Sonora,0,Estatal,6200028492,Porcentaje de personas de 18 años y más que identifica a la Policía Estatal y considera muy efectivo el trabajo de ésta,2014,11.4618048207087,Porcentaje
26,Sonora,0,Estatal,6200028492,Porcentaje de personas de 18 años y más que identifica a la Policía Estatal y considera muy efectivo el trabajo de ésta,2015,15.3303087014251,Porcentaje
26,Sonora,0,Estatal,6200028492,Porcentaje de personas de 18 años y más que identifica a la Policía Estatal y considera muy efectivo el trabajo de ésta,2016,12.262299926465,Porcentaje
26,Sonora,0,Estatal,6200028492,Porcentaje de personas de 18 años y más que identifica a la Policía Estatal y considera muy efectivo el trabajo de ésta,2017,8.82113938684353,Porcentaje
26,Sonora,0,Estatal,6200028492,Porcentaje de personas de 18 años y más que identifica a la Policía Estatal y considera muy efectivo el trabajo de ésta,2018,10.9404816753927,Porcentaje
26,Sonora,0,Estatal,6200028492,Porcentaje de personas de 18 años y más que identifica a la Policía Estatal y considera muy efectivo el trabajo de ésta,2019,9.13415184010981,Porcentaje
26,Sonora,0,Estatal,6200028492,Porcentaje de personas de 18 años y más que identifica a la Policía Estatal y considera muy efectivo el trabajo de ésta,2020,7.95732679274777,Porcentaje
26,Sonora,0,Estatal,6200028493,Porcentaje de personas de 18 años y más que identifica al Ministerio Público (MP) y Procuradurías Estatales y considera muy efectivo o algo efectivo el trabajo de éstos,2011,46.1814599224736,Porcentaje
26,Sonora,0,Estatal,6200028493,Porcentaje de personas de 18 años y más que identifica al Ministerio Público (MP) y Procuradurías Estatales y considera muy efectivo o algo efectivo el trabajo de éstos,2012,54.4841354511427,Porcentaje
26,Sonora,0,Estatal,6200028493,Porcentaje de personas de 18 años y más que identifica al Ministerio Público (MP) y Procuradurías Estatales y considera muy efectivo o algo efectivo el trabajo de éstos,2013,55.9475014002321,Porcentaje
26,Sonora,0,Estatal,6200028493,Porcentaje de personas de 18 años y más que identifica al Ministerio Público (MP) y Procuradurías Estatales y considera muy efectivo o algo efectivo el trabajo de éstos,2014,57.1885371851585,Porcentaje
26,Sonora,0,Estatal,6200028493,Porcentaje de personas de 18 años y más que identifica al Ministerio Público (MP) y Procuradurías Estatales y considera muy efectivo o algo efectivo el trabajo de éstos,2015,54.8879841426816,Porcentaje
26,Sonora,0,Estatal,6200028493,Porcentaje de personas de 18 años y más que identifica al Ministerio Público (MP) y Procuradurías Estatales y considera muy efectivo o algo efectivo el trabajo de éstos,2016,54.2422501736198,Porcentaje
26,Sonora,0,Estatal,6200028493,Porcentaje de personas de 18 años y más que identifica al Ministerio Público (MP) y Procuradurías Estatales y considera muy efectivo o algo efectivo el trabajo de éstos,2017,56.8644122775804,Porcentaje
26,Sonora,0,Estatal,6200028493,Porcentaje de personas de 18 años y más que identifica al Ministerio Público (MP) y Procuradurías Estatales y considera muy efectivo o algo efectivo el trabajo de éstos,2018,56.1478058032308,Porcentaje
26,Sonora,0,Estatal,6200028493,Porcentaje de personas de 18 años y más que identifica al Ministerio Público (MP) y Procuradurías Estatales y considera muy efectivo o algo efectivo el trabajo de éstos,2020,52.9691435539716,Porcentaje
26,Sonora,0,Estatal,6200028494,Porcentaje de personas de 18 años y más que identifica a la Policía Federal y considera muy efectivo el trabajo de ésta,2011,24.2112061547545,Porcentaje
26,Sonora,0,Estatal,6200028494,Porcentaje de personas de 18 años y más que identifica a la Policía Federal y considera muy efectivo el trabajo de ésta,2012,23.6498538924929,Porcentaje
26,Sonora,0,Estatal,6200028494,Porcentaje de personas de 18 años y más que identifica a la Policía Federal y considera muy efectivo el trabajo de ésta,2013,20.2481506972554,Porcentaje
26,Sonora,0,Estatal,6200028494,Porcentaje de personas de 18 años y más que identifica a la Policía Federal y considera muy efectivo el trabajo de ésta,2014,19.8118752898629,Porcentaje
26,Sonora,0,Estatal,6200028494,Porcentaje de personas de 18 años y más que identifica a la Policía Federal y considera muy efectivo el trabajo de ésta,2015,24.4130904830435,Porcentaje
26,Sonora,0,Estatal,6200028494,Porcentaje de personas de 18 años y más que identifica a la Policía Federal y considera muy efectivo el trabajo de ésta,2016,21.1224379818002,Porcentaje
26,Sonora,0,Estatal,6200028494,Porcentaje de personas de 18 años y más que identifica a la Policía Federal y considera muy efectivo el trabajo de ésta,2017,17.6979076909481,Porcentaje
26,Sonora,0,Estatal,6200028494,Porcentaje de personas de 18 años y más que identifica a la Policía Federal y considera muy efectivo el trabajo de ésta,2018,19.3277148206803,Porcentaje
26,Sonora,0,Estatal,6200028494,Porcentaje de personas de 18 años y más que identifica a la Policía Federal y considera muy efectivo el trabajo de ésta,2019,16.764276194773,Porcentaje
26,Sonora,0,Estatal,6200028494,Porcentaje de personas de 18 años y más que identifica a la Policía Federal y considera muy efectivo el trabajo de ésta,2020,14.8375121534427,Porcentaje
26,Sonora,0,Estatal,6200028495,Porcentaje de personas de 18 años y más que identifica a la Policía Federal y considera algo efectivo el trabajo de ésta,2011,41.4166480282007,Porcentaje
26,Sonora,0,Estatal,6200028495,Porcentaje de personas de 18 años y más que identifica a la Policía Federal y considera algo efectivo el trabajo de ésta,2012,41.0174811004836,Porcentaje
26,Sonora,0,Estatal,6200028495,Porcentaje de personas de 18 años y más que identifica a la Policía Federal y considera algo efectivo el trabajo de ésta,2013,44.9968481011225,Porcentaje
26,Sonora,0,Estatal,6200028495,Porcentaje de personas de 18 años y más que identifica a la Policía Federal y considera algo efectivo el trabajo de ésta,2014,45.4415250530577,Porcentaje
26,Sonora,0,Estatal,6200028495,Porcentaje de personas de 18 años y más que identifica a la Policía Federal y considera algo efectivo el trabajo de ésta,2015,43.44851662845,Porcentaje
26,Sonora,0,Estatal,6200028495,Porcentaje de personas de 18 años y más que identifica a la Policía Federal y considera algo efectivo el trabajo de ésta,2016,46.0486863702781,Porcentaje
26,Sonora,0,Estatal,6200028495,Porcentaje de personas de 18 años y más que identifica a la Policía Federal y considera algo efectivo el trabajo de ésta,2017,49.9275191543369,Porcentaje
26,Sonora,0,Estatal,6200028495,Porcentaje de personas de 18 años y más que identifica a la Policía Federal y considera algo efectivo el trabajo de ésta,2018,51.1006913903912,Porcentaje
26,Sonora,0,Estatal,6200028495,Porcentaje de personas de 18 años y más que identifica a la Policía Federal y considera algo efectivo el trabajo de ésta,2019,50.6072385101487,Porcentaje
26,Sonora,0,Estatal,6200028495,Porcentaje de personas de 18 años y más que identifica a la Policía Federal y considera algo efectivo el trabajo de ésta,2020,52.2640892886319,Porcentaje
26,Sonora,0,Estatal,6200028496,Porcentaje de personas de 18 años y más que identifica a la Policía Estatal y considera algo efectivo el trabajo de ésta,2011,36.6603366244407,Porcentaje
26,Sonora,0,Estatal,6200028496,Porcentaje de personas de 18 años y más que identifica a la Policía Estatal y considera algo efectivo el trabajo de ésta,2012,37.8389324408714,Porcentaje
26,Sonora,0,Estatal,6200028496,Porcentaje de personas de 18 años y más que identifica a la Policía Estatal y considera algo efectivo el trabajo de ésta,2013,39.7893976976126,Porcentaje
26,Sonora,0,Estatal,6200028496,Porcentaje de personas de 18 años y más que identifica a la Policía Estatal y considera algo efectivo el trabajo de ésta,2014,40.577358019088,Porcentaje
26,Sonora,0,Estatal,6200028496,Porcentaje de personas de 18 años y más que identifica a la Policía Estatal y considera algo efectivo el trabajo de ésta,2015,39.799989722661,Porcentaje
26,Sonora,0,Estatal,6200028496,Porcentaje de personas de 18 años y más que identifica a la Policía Estatal y considera algo efectivo el trabajo de ésta,2016,44.5660291345094,Porcentaje
26,Sonora,0,Estatal,6200028496,Porcentaje de personas de 18 años y más que identifica a la Policía Estatal y considera algo efectivo el trabajo de ésta,2017,47.0014629313036,Porcentaje
26,Sonora,0,Estatal,6200028496,Porcentaje de personas de 18 años y más que identifica a la Policía Estatal y considera algo efectivo el trabajo de ésta,2018,43.8600488656195,Porcentaje
26,Sonora,0,Estatal,6200028496,Porcentaje de personas de 18 años y más que identifica a la Policía Estatal y considera algo efectivo el trabajo de ésta,2019,46.2941750555959,Porcentaje
26,Sonora,0,Estatal,6200028496,Porcentaje de personas de 18 años y más que identifica a la Policía Estatal y considera algo efectivo el trabajo de ésta,2020,44.035957794712,Porcentaje
26,Sonora,0,Estatal,6200028497,Porcentaje de personas de 18 años y más que identifica a la Policía Ministerial o Judicial y considera algo efectivo el trabajo de éstos,2011,35.0443189449429,Porcentaje
26,Sonora,0,Estatal,6200028497,Porcentaje de personas de 18 años y más que identifica a la Policía Ministerial o Judicial y considera algo efectivo el trabajo de éstos,2012,34.7013032907847,Porcentaje
26,Sonora,0,Estatal,6200028497,Porcentaje de personas de 18 años y más que identifica a la Policía Ministerial o Judicial y considera algo efectivo el trabajo de éstos,2013,43.1740413351589,Porcentaje
26,Sonora,0,Estatal,6200028497,Porcentaje de personas de 18 años y más que identifica a la Policía Ministerial o Judicial y considera algo efectivo el trabajo de éstos,2014,46.1813388986262,Porcentaje
26,Sonora,0,Estatal,6200028497,Porcentaje de personas de 18 años y más que identifica a la Policía Ministerial o Judicial y considera algo efectivo el trabajo de éstos,2015,39.4462641369507,Porcentaje
26,Sonora,0,Estatal,6200028497,Porcentaje de personas de 18 años y más que identifica a la Policía Ministerial o Judicial y considera algo efectivo el trabajo de éstos,2016,42.5648487780928,Porcentaje
26,Sonora,0,Estatal,6200028497,Porcentaje de personas de 18 años y más que identifica a la Policía Ministerial o Judicial y considera algo efectivo el trabajo de éstos,2017,44.9745954994535,Porcentaje
26,Sonora,0,Estatal,6200028497,Porcentaje de personas de 18 años y más que identifica a la Policía Ministerial o Judicial y considera algo efectivo el trabajo de éstos,2018,43.2196435424618,Porcentaje
26,Sonora,0,Estatal,6200028497,Porcentaje de personas de 18 años y más que identifica a la Policía Ministerial o Judicial y considera algo efectivo el trabajo de éstos,2019,48.6974095604931,Porcentaje
26,Sonora,0,Estatal,6200028497,Porcentaje de personas de 18 años y más que identifica a la Policía Ministerial o Judicial y considera algo efectivo el trabajo de éstos,2020,44.0554455651613,Porcentaje
26,Sonora,0,Estatal,6200028498,Porcentaje de personas de 18 años y más que identifica al Ejército y considera muy efectivo el trabajo de éste,2011,46.920343738193,Porcentaje
26,Sonora,0,Estatal,6200028498,Porcentaje de personas de 18 años y más que identifica al Ejército y considera muy efectivo el trabajo de éste,2012,46.8896276261692,Porcentaje
26,Sonora,0,Estatal,6200028498,Porcentaje de personas de 18 años y más que identifica al Ejército y considera muy efectivo el trabajo de éste,2013,45.486492446556,Porcentaje
26,Sonora,0,Estatal,6200028498,Porcentaje de personas de 18 años y más que identifica al Ejército y considera muy efectivo el trabajo de éste,2014,48.5549247895815,Porcentaje
26,Sonora,0,Estatal,6200028498,Porcentaje de personas de 18 años y más que identifica al Ejército y considera muy efectivo el trabajo de éste,2015,51.9604669874125,Porcentaje
26,Sonora,0,Estatal,6200028498,Porcentaje de personas de 18 años y más que identifica al Ejército y considera muy efectivo el trabajo de éste,2016,47.5533870552927,Porcentaje
26,Sonora,0,Estatal,6200028498,Porcentaje de personas de 18 años y más que identifica al Ejército y considera muy efectivo el trabajo de éste,2017,43.6013138055839,Porcentaje
26,Sonora,0,Estatal,6200028498,Porcentaje de personas de 18 años y más que identifica al Ejército y considera muy efectivo el trabajo de éste,2018,42.1566184554581,Porcentaje
26,Sonora,0,Estatal,6200028498,Porcentaje de personas de 18 años y más que identifica al Ejército y considera muy efectivo el trabajo de éste,2019,41.3801092532191,Porcentaje
26,Sonora,0,Estatal,6200028498,Porcentaje de personas de 18 años y más que identifica al Ejército y considera muy efectivo el trabajo de éste,2020,40.2989160252923,Porcentaje
26,Sonora,0,Estatal,6200028499,Porcentaje de personas de 18 años y más que identifica a la Policía Ministerial o Judicial y considera muy efectivo el trabajo de éstos,2011,14.6713025504414,Porcentaje
26,Sonora,0,Estatal,6200028499,Porcentaje de personas de 18 años y más que identifica a la Policía Ministerial o Judicial y considera muy efectivo el trabajo de éstos,2012,15.7463791115721,Porcentaje
26,Sonora,0,Estatal,6200028499,Porcentaje de personas de 18 años y más que identifica a la Policía Ministerial o Judicial y considera muy efectivo el trabajo de éstos,2013,13.21688234391,Porcentaje
26,Sonora,0,Estatal,6200028499,Porcentaje de personas de 18 años y más que identifica a la Policía Ministerial o Judicial y considera muy efectivo el trabajo de éstos,2014,15.1526282408955,Porcentaje
26,Sonora,0,Estatal,6200028499,Porcentaje de personas de 18 años y más que identifica a la Policía Ministerial o Judicial y considera muy efectivo el trabajo de éstos,2015,19.1294728385143,Porcentaje
26,Sonora,0,Estatal,6200028499,Porcentaje de personas de 18 años y más que identifica a la Policía Ministerial o Judicial y considera muy efectivo el trabajo de éstos,2016,14.478328002647,Porcentaje
26,Sonora,0,Estatal,6200028499,Porcentaje de personas de 18 años y más que identifica a la Policía Ministerial o Judicial y considera muy efectivo el trabajo de éstos,2017,11.7201674269542,Porcentaje
26,Sonora,0,Estatal,6200028499,Porcentaje de personas de 18 años y más que identifica a la Policía Ministerial o Judicial y considera muy efectivo el trabajo de éstos,2018,14.0662888113105,Porcentaje
26,Sonora,0,Estatal,6200028499,Porcentaje de personas de 18 años y más que identifica a la Policía Ministerial o Judicial y considera muy efectivo el trabajo de éstos,2019,9.3195192410571,Porcentaje
26,Sonora,0,Estatal,6200028499,Porcentaje de personas de 18 años y más que identifica a la Policía Ministerial o Judicial y considera muy efectivo el trabajo de éstos,2020,11.9463443442246,Porcentaje
26,Sonora,0,Estatal,6200028500,Porcentaje de personas de 18 años y más que identifica a la Policía de Tránsito y considera muy efectivo el trabajo de ésta,2011,8.29222771192966,Porcentaje
26,Sonora,0,Estatal,6200028500,Porcentaje de personas de 18 años y más que identifica a la Policía de Tránsito y considera muy efectivo el trabajo de ésta,2012,9.04495486660225,Porcentaje
26,Sonora,0,Estatal,6200028500,Porcentaje de personas de 18 años y más que identifica a la Policía de Tránsito y considera muy efectivo el trabajo de ésta,2013,6.05369605360584,Porcentaje
26,Sonora,0,Estatal,6200028500,Porcentaje de personas de 18 años y más que identifica a la Policía de Tránsito y considera muy efectivo el trabajo de ésta,2014,6.79711478092698,Porcentaje
26,Sonora,0,Estatal,6200028500,Porcentaje de personas de 18 años y más que identifica a la Policía de Tránsito y considera muy efectivo el trabajo de ésta,2015,7.36485347371224,Porcentaje
26,Sonora,0,Estatal,6200028500,Porcentaje de personas de 18 años y más que identifica a la Policía de Tránsito y considera muy efectivo el trabajo de ésta,2016,7.00874415043067,Porcentaje
26,Sonora,0,Estatal,6200028500,Porcentaje de personas de 18 años y más que identifica a la Policía de Tránsito y considera muy efectivo el trabajo de ésta,2017,3.7770765350043,Porcentaje
26,Sonora,0,Estatal,6200028500,Porcentaje de personas de 18 años y más que identifica a la Policía de Tránsito y considera muy efectivo el trabajo de ésta,2018,6.27736313221865,Porcentaje
26,Sonora,0,Estatal,6200028500,Porcentaje de personas de 18 años y más que identifica a la Policía de Tránsito y considera muy efectivo el trabajo de ésta,2019,5.30814811645667,Porcentaje
26,Sonora,0,Estatal,6200028500,Porcentaje de personas de 18 años y más que identifica a la Policía de Tránsito y considera muy efectivo el trabajo de ésta,2020,4.44758412310363,Porcentaje
26,Sonora,0,Estatal,6200028501,Porcentaje de personas de 18 años y más que identifica a la Policía de Tránsito y considera muy efectivo o algo efectivo el trabajo de ésta,2011,38.8183751869405,Porcentaje
26,Sonora,0,Estatal,6200028501,Porcentaje de personas de 18 años y más que identifica a la Policía de Tránsito y considera muy efectivo o algo efectivo el trabajo de ésta,2012,46.2793747067203,Porcentaje
26,Sonora,0,Estatal,6200028501,Porcentaje de personas de 18 años y más que identifica a la Policía de Tránsito y considera muy efectivo o algo efectivo el trabajo de ésta,2013,45.19085908273,Porcentaje
26,Sonora,0,Estatal,6200028501,Porcentaje de personas de 18 años y más que identifica a la Policía de Tránsito y considera muy efectivo o algo efectivo el trabajo de ésta,2014,44.1646585561657,Porcentaje
26,Sonora,0,Estatal,6200028501,Porcentaje de personas de 18 años y más que identifica a la Policía de Tránsito y considera muy efectivo o algo efectivo el trabajo de ésta,2015,43.433082896671,Porcentaje
26,Sonora,0,Estatal,6200028501,Porcentaje de personas de 18 años y más que identifica a la Policía de Tránsito y considera muy efectivo o algo efectivo el trabajo de ésta,2016,42.67025179558,Porcentaje
26,Sonora,0,Estatal,6200028501,Porcentaje de personas de 18 años y más que identifica a la Policía de Tránsito y considera muy efectivo o algo efectivo el trabajo de ésta,2017,41.8525154651558,Porcentaje
26,Sonora,0,Estatal,6200028501,Porcentaje de personas de 18 años y más que identifica a la Policía de Tránsito y considera muy efectivo o algo efectivo el trabajo de ésta,2018,41.3984905975066,Porcentaje
26,Sonora,0,Estatal,6200028501,Porcentaje de personas de 18 años y más que identifica a la Policía de Tránsito y considera muy efectivo o algo efectivo el trabajo de ésta,2020,35.7601902856931,Porcentaje
26,Sonora,0,Estatal,6200028502,Porcentaje de personas de 18 años y más que identifica a la Marina y considera muy efectivo el trabajo de ésta,2011,44.6678328944236,Porcentaje
26,Sonora,0,Estatal,6200028502,Porcentaje de personas de 18 años y más que identifica a la Marina y considera muy efectivo el trabajo de ésta,2012,49.0935015597297,Porcentaje
26,Sonora,0,Estatal,6200028502,Porcentaje de personas de 18 años y más que identifica a la Marina y considera muy efectivo el trabajo de ésta,2013,44.7644192014436,Porcentaje
26,Sonora,0,Estatal,6200028502,Porcentaje de personas de 18 años y más que identifica a la Marina y considera muy efectivo el trabajo de ésta,2014,55.1439602966333,Porcentaje
26,Sonora,0,Estatal,6200028502,Porcentaje de personas de 18 años y más que identifica a la Marina y considera muy efectivo el trabajo de ésta,2015,56.5258768697065,Porcentaje
26,Sonora,0,Estatal,6200028502,Porcentaje de personas de 18 años y más que identifica a la Marina y considera muy efectivo el trabajo de ésta,2016,55.8360537579012,Porcentaje
26,Sonora,0,Estatal,6200028502,Porcentaje de personas de 18 años y más que identifica a la Marina y considera muy efectivo el trabajo de ésta,2017,49.3413928212802,Porcentaje
26,Sonora,0,Estatal,6200028502,Porcentaje de personas de 18 años y más que identifica a la Marina y considera muy efectivo el trabajo de ésta,2018,48.937795130269,Porcentaje
26,Sonora,0,Estatal,6200028502,Porcentaje de personas de 18 años y más que identifica a la Marina y considera muy efectivo el trabajo de ésta,2019,45.078080626136,Porcentaje
26,Sonora,0,Estatal,6200028502,Porcentaje de personas de 18 años y más que identifica a la Marina y considera muy efectivo el trabajo de ésta,2020,42.0663315128938,Porcentaje
26,Sonora,0,Estatal,6200028503,Porcentaje de personas de 18 años y más que identifica a la Marina y considera muy efectivo o algo efectivo el trabajo de ésta,2011,81.7251606711728,Porcentaje
26,Sonora,0,Estatal,6200028503,Porcentaje de personas de 18 años y más que identifica a la Marina y considera muy efectivo o algo efectivo el trabajo de ésta,2012,81.2145863360794,Porcentaje
26,Sonora,0,Estatal,6200028503,Porcentaje de personas de 18 años y más que identifica a la Marina y considera muy efectivo o algo efectivo el trabajo de ésta,2013,81.8062550381233,Porcentaje
26,Sonora,0,Estatal,6200028503,Porcentaje de personas de 18 años y más que identifica a la Marina y considera muy efectivo o algo efectivo el trabajo de ésta,2014,87.5281124661779,Porcentaje
26,Sonora,0,Estatal,6200028503,Porcentaje de personas de 18 años y más que identifica a la Marina y considera muy efectivo o algo efectivo el trabajo de ésta,2015,86.3042485203445,Porcentaje
26,Sonora,0,Estatal,6200028503,Porcentaje de personas de 18 años y más que identifica a la Marina y considera muy efectivo o algo efectivo el trabajo de ésta,2016,87.5951116571225,Porcentaje
26,Sonora,0,Estatal,6200028503,Porcentaje de personas de 18 años y más que identifica a la Marina y considera muy efectivo o algo efectivo el trabajo de ésta,2017,87.55826604567031,Porcentaje
26,Sonora,0,Estatal,6200028503,Porcentaje de personas de 18 años y más que identifica a la Marina y considera muy efectivo o algo efectivo el trabajo de ésta,2018,88.6364243649359,Porcentaje
26,Sonora,0,Estatal,6200028503,Porcentaje de personas de 18 años y más que identifica a la Marina y considera muy efectivo o algo efectivo el trabajo de ésta,2020,83.2210929870881,Porcentaje
26,Sonora,0,Estatal,6200028504,Porcentaje de personas de 18 años y más que identifica a los Jueces y considera algo efectivo el trabajo de éstos,2011,39.6279245823487,Porcentaje
26,Sonora,0,Estatal,6200028504,Porcentaje de personas de 18 años y más que identifica a los Jueces y considera algo efectivo el trabajo de éstos,2012,37.7588143147798,Porcentaje
26,Sonora,0,Estatal,6200028504,Porcentaje de personas de 18 años y más que identifica a los Jueces y considera algo efectivo el trabajo de éstos,2013,42.9975621865569,Porcentaje
26,Sonora,0,Estatal,6200028504,Porcentaje de personas de 18 años y más que identifica a los Jueces y considera algo efectivo el trabajo de éstos,2014,42.3966552435167,Porcentaje
26,Sonora,0,Estatal,6200028504,Porcentaje de personas de 18 años y más que identifica a los Jueces y considera algo efectivo el trabajo de éstos,2015,39.1878010171432,Porcentaje
26,Sonora,0,Estatal,6200028504,Porcentaje de personas de 18 años y más que identifica a los Jueces y considera algo efectivo el trabajo de éstos,2016,41.9713168410144,Porcentaje
26,Sonora,0,Estatal,6200028504,Porcentaje de personas de 18 años y más que identifica a los Jueces y considera algo efectivo el trabajo de éstos,2017,47.3680595092975,Porcentaje
26,Sonora,0,Estatal,6200028504,Porcentaje de personas de 18 años y más que identifica a los Jueces y considera algo efectivo el trabajo de éstos,2018,44.8309318317801,Porcentaje
26,Sonora,0,Estatal,6200028504,Porcentaje de personas de 18 años y más que identifica a los Jueces y considera algo efectivo el trabajo de éstos,2019,45.311821666641,Porcentaje
26,Sonora,0,Estatal,6200028504,Porcentaje de personas de 18 años y más que identifica a los Jueces y considera algo efectivo el trabajo de éstos,2020,41.2689873698336,Porcentaje
26,Sonora,0,Estatal,6200028505,Porcentaje de personas de 18 años y más que identifica a la Policía Estatal y considera muy efectivo o algo efectivo el trabajo de ésta,2011,51.1824441682557,Porcentaje
26,Sonora,0,Estatal,6200028505,Porcentaje de personas de 18 años y más que identifica a la Policía Estatal y considera muy efectivo o algo efectivo el trabajo de ésta,2012,53.8652940213536,Porcentaje
26,Sonora,0,Estatal,6200028505,Porcentaje de personas de 18 años y más que identifica a la Policía Estatal y considera muy efectivo o algo efectivo el trabajo de ésta,2013,53.2360529896937,Porcentaje
26,Sonora,0,Estatal,6200028505,Porcentaje de personas de 18 años y más que identifica a la Policía Estatal y considera muy efectivo o algo efectivo el trabajo de ésta,2014,52.0391628397967,Porcentaje
26,Sonora,0,Estatal,6200028505,Porcentaje de personas de 18 años y más que identifica a la Policía Estatal y considera muy efectivo o algo efectivo el trabajo de ésta,2015,55.1302984240861,Porcentaje
26,Sonora,0,Estatal,6200028505,Porcentaje de personas de 18 años y más que identifica a la Policía Estatal y considera muy efectivo o algo efectivo el trabajo de ésta,2016,56.8283290609744,Porcentaje
26,Sonora,0,Estatal,6200028505,Porcentaje de personas de 18 años y más que identifica a la Policía Estatal y considera muy efectivo o algo efectivo el trabajo de ésta,2017,55.82260231814713,Porcentaje
26,Sonora,0,Estatal,6200028505,Porcentaje de personas de 18 años y más que identifica a la Policía Estatal y considera muy efectivo o algo efectivo el trabajo de ésta,2018,54.8005305410122,Porcentaje
26,Sonora,0,Estatal,6200028505,Porcentaje de personas de 18 años y más que identifica a la Policía Estatal y considera muy efectivo o algo efectivo el trabajo de ésta,2020,51.9932845874598,Porcentaje
26,Sonora,0,Estatal,6200028506,Porcentaje de personas de 18 años y más que identifica a la Policía Ministerial o Judicial y considera muy efectivo o algo efectivo el trabajo de éstos,2011,49.7156214953843,Porcentaje
26,Sonora,0,Estatal,6200028506,Porcentaje de personas de 18 años y más que identifica a la Policía Ministerial o Judicial y considera muy efectivo o algo efectivo el trabajo de éstos,2012,50.4476824023568,Porcentaje
26,Sonora,0,Estatal,6200028506,Porcentaje de personas de 18 años y más que identifica a la Policía Ministerial o Judicial y considera muy efectivo o algo efectivo el trabajo de éstos,2013,56.3909236790689,Porcentaje
26,Sonora,0,Estatal,6200028506,Porcentaje de personas de 18 años y más que identifica a la Policía Ministerial o Judicial y considera muy efectivo o algo efectivo el trabajo de éstos,2014,61.3339671395217,Porcentaje
26,Sonora,0,Estatal,6200028506,Porcentaje de personas de 18 años y más que identifica a la Policía Ministerial o Judicial y considera muy efectivo o algo efectivo el trabajo de éstos,2015,58.575736975465,Porcentaje
26,Sonora,0,Estatal,6200028506,Porcentaje de personas de 18 años y más que identifica a la Policía Ministerial o Judicial y considera muy efectivo o algo efectivo el trabajo de éstos,2016,57.0431767807398,Porcentaje
26,Sonora,0,Estatal,6200028506,Porcentaje de personas de 18 años y más que identifica a la Policía Ministerial o Judicial y considera muy efectivo o algo efectivo el trabajo de éstos,2017,56.6947629264077,Porcentaje
26,Sonora,0,Estatal,6200028506,Porcentaje de personas de 18 años y más que identifica a la Policía Ministerial o Judicial y considera muy efectivo o algo efectivo el trabajo de éstos,2018,57.2859323537723,Porcentaje
26,Sonora,0,Estatal,6200028506,Porcentaje de personas de 18 años y más que identifica a la Policía Ministerial o Judicial y considera muy efectivo o algo efectivo el trabajo de éstos,2020,56.0017899093858,Porcentaje
26,Sonora,0,Estatal,6200028507,Porcentaje de personas de 18 años y más que identifica a la Policía de Tránsito y considera algo efectivo el trabajo de ésta,2011,30.5261474750108,Porcentaje
26,Sonora,0,Estatal,6200028507,Porcentaje de personas de 18 años y más que identifica a la Policía de Tránsito y considera algo efectivo el trabajo de ésta,2012,37.2344198401181,Porcentaje
26,Sonora,0,Estatal,6200028507,Porcentaje de personas de 18 años y más que identifica a la Policía de Tránsito y considera algo efectivo el trabajo de ésta,2013,39.1371630291242,Porcentaje
26,Sonora,0,Estatal,6200028507,Porcentaje de personas de 18 años y más que identifica a la Policía de Tránsito y considera algo efectivo el trabajo de ésta,2014,37.3675437752388,Porcentaje
26,Sonora,0,Estatal,6200028507,Porcentaje de personas de 18 años y más que identifica a la Policía de Tránsito y considera algo efectivo el trabajo de ésta,2015,36.0682294229588,Porcentaje
26,Sonora,0,Estatal,6200028507,Porcentaje de personas de 18 años y más que identifica a la Policía de Tránsito y considera algo efectivo el trabajo de ésta,2016,35.6615076451493,Porcentaje
26,Sonora,0,Estatal,6200028507,Porcentaje de personas de 18 años y más que identifica a la Policía de Tránsito y considera algo efectivo el trabajo de ésta,2017,38.0754389301515,Porcentaje
26,Sonora,0,Estatal,6200028507,Porcentaje de personas de 18 años y más que identifica a la Policía de Tránsito y considera algo efectivo el trabajo de ésta,2018,35.1211274652879,Porcentaje
26,Sonora,0,Estatal,6200028507,Porcentaje de personas de 18 años y más que identifica a la Policía de Tránsito y considera algo efectivo el trabajo de ésta,2019,34.436740019986,Porcentaje
26,Sonora,0,Estatal,6200028507,Porcentaje de personas de 18 años y más que identifica a la Policía de Tránsito y considera algo efectivo el trabajo de ésta,2020,31.3126061625895,Porcentaje
26,Sonora,0,Estatal,6200028508,Porcentaje de personas de 18 años y más que identifica a los Jueces y considera muy efectivo el trabajo de éstos,2011,13.6207020020665,Porcentaje
26,Sonora,0,Estatal,6200028508,Porcentaje de personas de 18 años y más que identifica a los Jueces y considera muy efectivo el trabajo de éstos,2012,16.5754079950398,Porcentaje
26,Sonora,0,Estatal,6200028508,Porcentaje de personas de 18 años y más que identifica a los Jueces y considera muy efectivo el trabajo de éstos,2013,16.2409325798612,Porcentaje
26,Sonora,0,Estatal,6200028508,Porcentaje de personas de 18 años y más que identifica a los Jueces y considera muy efectivo el trabajo de éstos,2014,15.7278227443926,Porcentaje
26,Sonora,0,Estatal,6200028508,Porcentaje de personas de 18 años y más que identifica a los Jueces y considera muy efectivo el trabajo de éstos,2015,19.3393741249152,Porcentaje
26,Sonora,0,Estatal,6200028508,Porcentaje de personas de 18 años y más que identifica a los Jueces y considera muy efectivo el trabajo de éstos,2016,14.1258800902372,Porcentaje
26,Sonora,0,Estatal,6200028508,Porcentaje de personas de 18 años y más que identifica a los Jueces y considera muy efectivo el trabajo de éstos,2017,13.7767190481679,Porcentaje
26,Sonora,0,Estatal,6200028508,Porcentaje de personas de 18 años y más que identifica a los Jueces y considera muy efectivo el trabajo de éstos,2018,15.3620284082061,Porcentaje
26,Sonora,0,Estatal,6200028508,Porcentaje de personas de 18 años y más que identifica a los Jueces y considera muy efectivo el trabajo de éstos,2019,13.7982049663624,Porcentaje
26,Sonora,0,Estatal,6200028508,Porcentaje de personas de 18 años y más que identifica a los Jueces y considera muy efectivo el trabajo de éstos,2020,12.3331077066775,Porcentaje
26,Sonora,0,Estatal,6200028509,Porcentaje de personas de 18 años y más que identifica a  los Jueces y considera muy efectivo o algo efectivo el trabajo de éstos,2011,53.2486265844152,Porcentaje
26,Sonora,0,Estatal,6200028509,Porcentaje de personas de 18 años y más que identifica a  los Jueces y considera muy efectivo o algo efectivo el trabajo de éstos,2012,54.3342223098196,Porcentaje
26,Sonora,0,Estatal,6200028509,Porcentaje de personas de 18 años y más que identifica a  los Jueces y considera muy efectivo o algo efectivo el trabajo de éstos,2013,59.2384947664181,Porcentaje
26,Sonora,0,Estatal,6200028509,Porcentaje de personas de 18 años y más que identifica a  los Jueces y considera muy efectivo o algo efectivo el trabajo de éstos,2014,58.1244779879093,Porcentaje
26,Sonora,0,Estatal,6200028509,Porcentaje de personas de 18 años y más que identifica a  los Jueces y considera muy efectivo o algo efectivo el trabajo de éstos,2015,58.5271751420584,Porcentaje
26,Sonora,0,Estatal,6200028509,Porcentaje de personas de 18 años y más que identifica a  los Jueces y considera muy efectivo o algo efectivo el trabajo de éstos,2016,56.0971969312516,Porcentaje
26,Sonora,0,Estatal,6200028509,Porcentaje de personas de 18 años y más que identifica a  los Jueces y considera muy efectivo o algo efectivo el trabajo de éstos,2017,61.1447785574654,Porcentaje
26,Sonora,0,Estatal,6200028509,Porcentaje de personas de 18 años y más que identifica a  los Jueces y considera muy efectivo o algo efectivo el trabajo de éstos,2018,60.1929602399862,Porcentaje
26,Sonora,0,Estatal,6200028509,Porcentaje de personas de 18 años y más que identifica a  los Jueces y considera muy efectivo o algo efectivo el trabajo de éstos,2020,53.6020950765111,Porcentaje
26,Sonora,0,Estatal,6200028510,Porcentaje de personas de 18 años y más que identifica al Ministerio Público (MP) y Procuradurías Estatales y considera algo efectivo el trabajo de éstos,2011,35.1034473857432,Porcentaje
26,Sonora,0,Estatal,6200028510,Porcentaje de personas de 18 años y más que identifica al Ministerio Público (MP) y Procuradurías Estatales y considera algo efectivo el trabajo de éstos,2012,39.7727705028391,Porcentaje
26,Sonora,0,Estatal,6200028510,Porcentaje de personas de 18 años y más que identifica al Ministerio Público (MP) y Procuradurías Estatales y considera algo efectivo el trabajo de éstos,2013,42.0239561362337,Porcentaje
26,Sonora,0,Estatal,6200028510,Porcentaje de personas de 18 años y más que identifica al Ministerio Público (MP) y Procuradurías Estatales y considera algo efectivo el trabajo de éstos,2014,43.1661226054648,Porcentaje
26,Sonora,0,Estatal,6200028510,Porcentaje de personas de 18 años y más que identifica al Ministerio Público (MP) y Procuradurías Estatales y considera algo efectivo el trabajo de éstos,2015,37.3198636642466,Porcentaje
26,Sonora,0,Estatal,6200028510,Porcentaje de personas de 18 años y más que identifica al Ministerio Público (MP) y Procuradurías Estatales y considera algo efectivo el trabajo de éstos,2016,42.0816446241682,Porcentaje
26,Sonora,0,Estatal,6200028510,Porcentaje de personas de 18 años y más que identifica al Ministerio Público (MP) y Procuradurías Estatales y considera algo efectivo el trabajo de éstos,2017,44.4405672080162,Porcentaje
26,Sonora,0,Estatal,6200028510,Porcentaje de personas de 18 años y más que identifica al Ministerio Público (MP) y Procuradurías Estatales y considera algo efectivo el trabajo de éstos,2018,43.4223801530379,Porcentaje
26,Sonora,0,Estatal,6200028510,Porcentaje de personas de 18 años y más que identifica al Ministerio Público (MP) y Procuradurías Estatales y considera algo efectivo el trabajo de éstos,2019,46.7087397820527,Porcentaje
26,Sonora,0,Estatal,6200028510,Porcentaje de personas de 18 años y más que identifica al Ministerio Público (MP) y Procuradurías Estatales y considera algo efectivo el trabajo de éstos,2020,45.323626122366,Porcentaje
26,Sonora,0,Estatal,6200028511,Porcentaje de personas de 18 años y más que identifica a la Policía Federal y considera muy efectivo o algo efectivo el trabajo de ésta,2011,65.6278541829552,Porcentaje
26,Sonora,0,Estatal,6200028511,Porcentaje de personas de 18 años y más que identifica a la Policía Federal y considera muy efectivo o algo efectivo el trabajo de ésta,2012,64.6673349929765,Porcentaje
26,Sonora,0,Estatal,6200028511,Porcentaje de personas de 18 años y más que identifica a la Policía Federal y considera muy efectivo o algo efectivo el trabajo de ésta,2013,65.2449987983779,Porcentaje
26,Sonora,0,Estatal,6200028511,Porcentaje de personas de 18 años y más que identifica a la Policía Federal y considera muy efectivo o algo efectivo el trabajo de ésta,2014,65.2534003429206,Porcentaje
26,Sonora,0,Estatal,6200028511,Porcentaje de personas de 18 años y más que identifica a la Policía Federal y considera muy efectivo o algo efectivo el trabajo de ésta,2015,67.8616071114935,Porcentaje
26,Sonora,0,Estatal,6200028511,Porcentaje de personas de 18 años y más que identifica a la Policía Federal y considera muy efectivo o algo efectivo el trabajo de ésta,2016,67.1711243520783,Porcentaje
26,Sonora,0,Estatal,6200028511,Porcentaje de personas de 18 años y más que identifica a la Policía Federal y considera muy efectivo o algo efectivo el trabajo de ésta,2017,67.625426845285,Porcentaje
26,Sonora,0,Estatal,6200028511,Porcentaje de personas de 18 años y más que identifica a la Policía Federal y considera muy efectivo o algo efectivo el trabajo de ésta,2018,70.4284062110715,Porcentaje
26,Sonora,0,Estatal,6200028511,Porcentaje de personas de 18 años y más que identifica a la Policía Federal y considera muy efectivo o algo efectivo el trabajo de ésta,2020,67.1016014420746,Porcentaje
26,Sonora,0,Estatal,6200028512,Porcentaje de personas de 18 años y más que identifica a la Policía Preventiva Municipal y considera algo efectivo el trabajo de ésta,2011,36.0143156784546,Porcentaje
26,Sonora,0,Estatal,6200028512,Porcentaje de personas de 18 años y más que identifica a la Policía Preventiva Municipal y considera algo efectivo el trabajo de ésta,2012,35.4649434619514,Porcentaje
26,Sonora,0,Estatal,6200028512,Porcentaje de personas de 18 años y más que identifica a la Policía Preventiva Municipal y considera algo efectivo el trabajo de ésta,2013,41.9437489155449,Porcentaje
26,Sonora,0,Estatal,6200028512,Porcentaje de personas de 18 años y más que identifica a la Policía Preventiva Municipal y considera algo efectivo el trabajo de ésta,2014,38.5818067757239,Porcentaje
26,Sonora,0,Estatal,6200028512,Porcentaje de personas de 18 años y más que identifica a la Policía Preventiva Municipal y considera algo efectivo el trabajo de ésta,2015,37.9846199545245,Porcentaje
26,Sonora,0,Estatal,6200028512,Porcentaje de personas de 18 años y más que identifica a la Policía Preventiva Municipal y considera algo efectivo el trabajo de ésta,2016,39.8039051775721,Porcentaje
26,Sonora,0,Estatal,6200028512,Porcentaje de personas de 18 años y más que identifica a la Policía Preventiva Municipal y considera algo efectivo el trabajo de ésta,2017,39.2998296113278,Porcentaje
26,Sonora,0,Estatal,6200028512,Porcentaje de personas de 18 años y más que identifica a la Policía Preventiva Municipal y considera algo efectivo el trabajo de ésta,2018,36.6968663373415,Porcentaje
26,Sonora,0,Estatal,6200028512,Porcentaje de personas de 18 años y más que identifica a la Policía Preventiva Municipal y considera algo efectivo el trabajo de ésta,2019,38.8715975399007,Porcentaje
26,Sonora,0,Estatal,6200028512,Porcentaje de personas de 18 años y más que identifica a la Policía Preventiva Municipal y considera algo efectivo el trabajo de ésta,2020,38.7042273856179,Porcentaje
26,Sonora,0,Estatal,6200028513,Porcentaje de personas de 18 años y más que identifica a la Policía Preventiva Municipal y considera muy efectivo o algo efectivo el trabajo de ésta,2011,44.9986035465544,Porcentaje
26,Sonora,0,Estatal,6200028513,Porcentaje de personas de 18 años y más que identifica a la Policía Preventiva Municipal y considera muy efectivo o algo efectivo el trabajo de ésta,2012,45.0618565311702,Porcentaje
26,Sonora,0,Estatal,6200028513,Porcentaje de personas de 18 años y más que identifica a la Policía Preventiva Municipal y considera muy efectivo o algo efectivo el trabajo de ésta,2013,50.7302736816508,Porcentaje
26,Sonora,0,Estatal,6200028513,Porcentaje de personas de 18 años y más que identifica a la Policía Preventiva Municipal y considera muy efectivo o algo efectivo el trabajo de ésta,2014,46.0912482962433,Porcentaje
26,Sonora,0,Estatal,6200028513,Porcentaje de personas de 18 años y más que identifica a la Policía Preventiva Municipal y considera muy efectivo o algo efectivo el trabajo de ésta,2015,47.8505440821979,Porcentaje
26,Sonora,0,Estatal,6200028513,Porcentaje de personas de 18 años y más que identifica a la Policía Preventiva Municipal y considera muy efectivo o algo efectivo el trabajo de ésta,2016,46.7302497272184,Porcentaje
26,Sonora,0,Estatal,6200028513,Porcentaje de personas de 18 años y más que identifica a la Policía Preventiva Municipal y considera muy efectivo o algo efectivo el trabajo de ésta,2017,45.2351862817834,Porcentaje
26,Sonora,0,Estatal,6200028513,Porcentaje de personas de 18 años y más que identifica a la Policía Preventiva Municipal y considera muy efectivo o algo efectivo el trabajo de ésta,2018,43.0958755944227,Porcentaje
26,Sonora,0,Estatal,6200028513,Porcentaje de personas de 18 años y más que identifica a la Policía Preventiva Municipal y considera muy efectivo o algo efectivo el trabajo de ésta,2020,43.549804463806,Porcentaje
26,Sonora,0,Estatal,6200028526,Tasa de incidencia delictiva por cada cien mil habitantes,2010,46773.5950645721,Casos por cada 100 mil habitantes
26,Sonora,0,Estatal,6200028526,Tasa de incidencia delictiva por cada cien mil habitantes,2011,39028.7583206822,Casos por cada 100 mil habitantes
26,Sonora,0,Estatal,6200028526,Tasa de incidencia delictiva por cada cien mil habitantes,2012,34126.107092247956,Casos por cada 100 mil habitantes
26,Sonora,0,Estatal,6200028526,Tasa de incidencia delictiva por cada cien mil habitantes,2013,31154.8601137967,Casos por cada 100 mil habitantes
26,Sonora,0,Estatal,6200028526,Tasa de incidencia delictiva por cada cien mil habitantes,2014,26384.2007205081,Casos por cada 100 mil habitantes
26,Sonora,0,Estatal,6200028526,Tasa de incidencia delictiva por cada cien mil habitantes,2015,40466.3433435491,Casos por cada 100 mil habitantes
26,Sonora,0,Estatal,6200028526,Tasa de incidencia delictiva por cada cien mil habitantes,2016,42624.3028711381,Casos por cada 100 mil habitantes
26,Sonora,0,Estatal,6200028526,Tasa de incidencia delictiva por cada cien mil habitantes,2017,39758.8267800375,Casos por cada 100 mil habitantes
26,Sonora,0,Estatal,6200028526,Tasa de incidencia delictiva por cada cien mil habitantes,2018,50860.6300928105,Casos por cada 100 mil habitantes
26,Sonora,0,Estatal,6200028526,Tasa de incidencia delictiva por cada cien mil habitantes,2019,25646.0257163488,Casos por cada 100 mil habitantes
26,Sonora,0,Estatal,6200028554,Porcentaje de personas de 18 años y más que considera insegura su entidad federativa,2011,45.9518128536493,Porcentaje
26,Sonora,0,Estatal,6200028554,Porcentaje de personas de 18 años y más que considera insegura su entidad federativa,2012,42.387678360513,Porcentaje
26,Sonora,0,Estatal,6200028554,Porcentaje de personas de 18 años y más que considera insegura su entidad federativa,2013,52.46152823356787,Porcentaje
26,Sonora,0,Estatal,6200028554,Porcentaje de personas de 18 años y más que considera insegura su entidad federativa,2014,57.1864717026637,Porcentaje
26,Sonora,0,Estatal,6200028554,Porcentaje de personas de 18 años y más que considera insegura su entidad federativa,2015,62.465510285588,Porcentaje
26,Sonora,0,Estatal,6200028554,Porcentaje de personas de 18 años y más que considera insegura su entidad federativa,2016,51.262565273417,Porcentaje
26,Sonora,0,Estatal,6200028554,Porcentaje de personas de 18 años y más que considera insegura su entidad federativa,2017,57.3622217632073,Porcentaje
26,Sonora,0,Estatal,6200028554,Porcentaje de personas de 18 años y más que considera insegura su entidad federativa,2018,66.9464838251915,Porcentaje
26,Sonora,0,Estatal,6200028554,Porcentaje de personas de 18 años y más que considera insegura su entidad federativa,2019,68.2711724572356,Porcentaje
26,Sonora,0,Estatal,6200028554,Porcentaje de personas de 18 años y más que considera insegura su entidad federativa,2020,68.3723503119883,Porcentaje
26,Sonora,0,Estatal,6200035290,Porcentaje de mujeres de 18 años y más que manifiestan sentirse inseguras en el transporte y espacios públicos,2011,66.0168497723277,Porcentaje
26,Sonora,0,Estatal,6200035290,Porcentaje de mujeres de 18 años y más que manifiestan sentirse inseguras en el transporte y espacios públicos,2012,67.6071457096456,Porcentaje
26,Sonora,0,Estatal,6200035290,Porcentaje de mujeres de 18 años y más que manifiestan sentirse inseguras en el transporte y espacios públicos,2013,67.5091250626834,Porcentaje
26,Sonora,0,Estatal,6200035290,Porcentaje de mujeres de 18 años y más que manifiestan sentirse inseguras en el transporte y espacios públicos,2014,70.2788604899373,Porcentaje
26,Sonora,0,Estatal,6200035290,Porcentaje de mujeres de 18 años y más que manifiestan sentirse inseguras en el transporte y espacios públicos,2015,69.3442511741866,Porcentaje
26,Sonora,0,Estatal,6200035290,Porcentaje de mujeres de 18 años y más que manifiestan sentirse inseguras en el transporte y espacios públicos,2016,72.4802198998885,Porcentaje
26,Sonora,0,Estatal,6200035290,Porcentaje de mujeres de 18 años y más que manifiestan sentirse inseguras en el transporte y espacios públicos,2017,75.4798063814782,Porcentaje
26,Sonora,0,Estatal,6200035290,Porcentaje de mujeres de 18 años y más que manifiestan sentirse inseguras en el transporte y espacios públicos,2018,76.758447254184,Porcentaje
26,Sonora,0,Estatal,6200035290,Porcentaje de mujeres de 18 años y más que manifiestan sentirse inseguras en el transporte y espacios públicos,2020,80.2318096879879,Porcentaje
26,Sonora,0,Estatal,6200035291,Porcentaje de hombres víctimas de por lo menos un delito,2010,28.9110426141875,Porcentaje
26,Sonora,0,Estatal,6200035291,Porcentaje de hombres víctimas de por lo menos un delito,2011,30.0546453779552,Porcentaje
26,Sonora,0,Estatal,6200035291,Porcentaje de hombres víctimas de por lo menos un delito,2012,29.604664339761,Porcentaje
26,Sonora,0,Estatal,6200035291,Porcentaje de hombres víctimas de por lo menos un delito,2013,27.9772565229939,Porcentaje
26,Sonora,0,Estatal,6200035291,Porcentaje de hombres víctimas de por lo menos un delito,2014,26.3940057033594,Porcentaje
26,Sonora,0,Estatal,6200035291,Porcentaje de hombres víctimas de por lo menos un delito,2015,32.8652055058338,Porcentaje
26,Sonora,0,Estatal,6200035291,Porcentaje de hombres víctimas de por lo menos un delito,2016,36.5262477326574,Porcentaje
26,Sonora,0,Estatal,6200035291,Porcentaje de hombres víctimas de por lo menos un delito,2017,30.5549937764138,Porcentaje
26,Sonora,0,Estatal,6200035291,Porcentaje de hombres víctimas de por lo menos un delito,2019,24.9384411490001,Porcentaje
26,Sonora,0,Estatal,6200035292,Porcentaje de hombres de 18 años y más que manifiestan sentirse inseguros en el transporte y espacios públicos,2011,56.6820425495226,Porcentaje
26,Sonora,0,Estatal,6200035292,Porcentaje de hombres de 18 años y más que manifiestan sentirse inseguros en el transporte y espacios públicos,2012,54.8304805793285,Porcentaje
26,Sonora,0,Estatal,6200035292,Porcentaje de hombres de 18 años y más que manifiestan sentirse inseguros en el transporte y espacios públicos,2013,55.5618986440848,Porcentaje
26,Sonora,0,Estatal,6200035292,Porcentaje de hombres de 18 años y más que manifiestan sentirse inseguros en el transporte y espacios públicos,2014,58.10185971107,Porcentaje
26,Sonora,0,Estatal,6200035292,Porcentaje de hombres de 18 años y más que manifiestan sentirse inseguros en el transporte y espacios públicos,2015,65.208065473247,Porcentaje
26,Sonora,0,Estatal,6200035292,Porcentaje de hombres de 18 años y más que manifiestan sentirse inseguros en el transporte y espacios públicos,2016,61.7541419469424,Porcentaje
26,Sonora,0,Estatal,6200035292,Porcentaje de hombres de 18 años y más que manifiestan sentirse inseguros en el transporte y espacios públicos,2017,66.6876940536156,Porcentaje
26,Sonora,0,Estatal,6200035292,Porcentaje de hombres de 18 años y más que manifiestan sentirse inseguros en el transporte y espacios públicos,2018,67.6920815550417,Porcentaje
26,Sonora,0,Estatal,6200035292,Porcentaje de hombres de 18 años y más que manifiestan sentirse inseguros en el transporte y espacios públicos,2020,73.6048855659927,Porcentaje
26,Sonora,0,Estatal,6200035293,Porcentaje de mujeres víctimas de por lo menos un delito,2010,29.1083981011932,Porcentaje
26,Sonora,0,Estatal,6200035293,Porcentaje de mujeres víctimas de por lo menos un delito,2011,29.9035701924869,Porcentaje
26,Sonora,0,Estatal,6200035293,Porcentaje de mujeres víctimas de por lo menos un delito,2012,28.6743791258026,Porcentaje
26,Sonora,0,Estatal,6200035293,Porcentaje de mujeres víctimas de por lo menos un delito,2013,26.8325578396831,Porcentaje
26,Sonora,0,Estatal,6200035293,Porcentaje de mujeres víctimas de por lo menos un delito,2014,22.1652919604627,Porcentaje
26,Sonora,0,Estatal,6200035293,Porcentaje de mujeres víctimas de por lo menos un delito,2015,26.7114902948897,Porcentaje
26,Sonora,0,Estatal,6200035293,Porcentaje de mujeres víctimas de por lo menos un delito,2016,30.3869497483386,Porcentaje
26,Sonora,0,Estatal,6200035293,Porcentaje de mujeres víctimas de por lo menos un delito,2017,31.7231486333969,Porcentaje
26,Sonora,0,Estatal,6200035293,Porcentaje de mujeres víctimas de por lo menos un delito,2018,33.4199085262739,Porcentaje
26,Sonora,0,Estatal,6200035293,Porcentaje de mujeres víctimas de por lo menos un delito,2019,18.4224485558291,Porcentaje
26,Sonora,0,Estatal,6200035293,Porcentaje de mujeres víctimas de por lo menos un delito,2020,23.6340577868271,Porcentaje
26,Sonora,0,Estatal,6200112676,Percepción de ausencia de corrupción en el sistema judicial,2011,35.4180605428188,Porcentaje
26,Sonora,0,Estatal,6200112676,Percepción de ausencia de corrupción en el sistema judicial,2012,37.0064692030213,Porcentaje
26,Sonora,0,Estatal,6200112676,Percepción de ausencia de corrupción en el sistema judicial,2013,38.8104177010173,Porcentaje
26,Sonora,0,Estatal,6200112676,Percepción de ausencia de corrupción en el sistema judicial,2014,33.0384406976082,Porcentaje
26,Sonora,0,Estatal,6200112676,Percepción de ausencia de corrupción en el sistema judicial,2015,36.4038284809731,Porcentaje
26,Sonora,0,Estatal,6200112676,Percepción de ausencia de corrupción en el sistema judicial,2016,32.9498961589472,Porcentaje
26,Sonora,0,Estatal,6200112676,Percepción de ausencia de corrupción en el sistema judicial,2017,30.1821767837828,Porcentaje
26,Sonora,0,Estatal,6200112676,Percepción de ausencia de corrupción en el sistema judicial,2018,28.2825985394281,Porcentaje
26,Sonora,0,Estatal,6200112676,Percepción de ausencia de corrupción en el sistema judicial,2019,30.8944378588913,Porcentaje
26,Sonora,0,Estatal,6200112676,Percepción de ausencia de corrupción en el sistema judicial,2020,31.5692087598318,Porcentaje
26,Sonora,0,Estatal,6200112676,Percepción de ausencia de corrupción en el sistema judicial,2021,34.3224624077726,Porcentaje
26,Sonora,0,Estatal,6200116477,Personas de 18 años y más que identifican a la Policía Federal y les genera alguna confianza,2011,500697,Personas
26,Sonora,0,Estatal,6200116477,Personas de 18 años y más que identifican a la Policía Federal y les genera alguna confianza,2012,513217,Personas
26,Sonora,0,Estatal,6200116477,Personas de 18 años y más que identifican a la Policía Federal y les genera alguna confianza,2013,582456,Personas
26,Sonora,0,Estatal,6200116477,Personas de 18 años y más que identifican a la Policía Federal y les genera alguna confianza,2014,509723,Personas
26,Sonora,0,Estatal,6200116477,Personas de 18 años y más que identifican a la Policía Federal y les genera alguna confianza,2015,551373,Personas
26,Sonora,0,Estatal,6200116477,Personas de 18 años y más que identifican a la Policía Federal y les genera alguna confianza,2016,580720,Personas
26,Sonora,0,Estatal,6200116477,Personas de 18 años y más que identifican a la Policía Federal y les genera alguna confianza,2017,598462,Personas
26,Sonora,0,Estatal,6200116477,Personas de 18 años y más que identifican a la Policía Federal y les genera alguna confianza,2018,649776,Personas
26,Sonora,0,Estatal,6200116478,Personas de 18 años y más que identifican a la Policía Federal y les genera mucha confianza,2011,444113,Personas
26,Sonora,0,Estatal,6200116478,Personas de 18 años y más que identifican a la Policía Federal y les genera mucha confianza,2012,414643,Personas
26,Sonora,0,Estatal,6200116478,Personas de 18 años y más que identifican a la Policía Federal y les genera mucha confianza,2013,367977,Personas
26,Sonora,0,Estatal,6200116478,Personas de 18 años y más que identifican a la Policía Federal y les genera mucha confianza,2014,364832,Personas
26,Sonora,0,Estatal,6200116478,Personas de 18 años y más que identifican a la Policía Federal y les genera mucha confianza,2015,565060,Personas
26,Sonora,0,Estatal,6200116478,Personas de 18 años y más que identifican a la Policía Federal y les genera mucha confianza,2016,437285,Personas
26,Sonora,0,Estatal,6200116478,Personas de 18 años y más que identifican a la Policía Federal y les genera mucha confianza,2017,354619,Personas
26,Sonora,0,Estatal,6200116478,Personas de 18 años y más que identifican a la Policía Federal y les genera mucha confianza,2018,420721,Personas
26,Sonora,0,Estatal,6200118580,Confianza en la policía,2011,51.18244417,Porcentaje
26,Sonora,0,Estatal,6200118580,Confianza en la policía,2012,53.86529402,Porcentaje
26,Sonora,0,Estatal,6200118580,Confianza en la policía,2013,53.23605299,Porcentaje
26,Sonora,0,Estatal,6200118580,Confianza en la policía,2014,52.03916284,Porcentaje
26,Sonora,0,Estatal,6200118580,Confianza en la policía,2015,55.13029842,Porcentaje
26,Sonora,0,Estatal,6200118580,Confianza en la policía,2016,56.82832906,Porcentaje
26,Sonora,0,Estatal,6200118580,Confianza en la policía,2017,55.8226023181471,Porcentaje
26,Sonora,0,Estatal,6200118580,Confianza en la policía,2018,54.8005305410122,Porcentaje
26,Sonora,0,Estatal,6200118580,Confianza en la policía,2019,55.4283268957057,Porcentaje
26,Sonora,0,Estatal,6200118580,Confianza en la policía,2020,51.9932845874598,Porcentaje
26,Sonora,0,Estatal,6200118580,Confianza en la policía,2021,55.7150558318667,Porcentaje
26,Sonora,0,Estatal,6200118581,Percepción de la inseguridad,2011,29.8471497199433,Porcentaje
26,Sonora,0,Estatal,6200118581,Percepción de la inseguridad,2012,27.7057323385112,Porcentaje
26,Sonora,0,Estatal,6200118581,Percepción de la inseguridad,2013,35.4603498827669,Porcentaje
26,Sonora,0,Estatal,6200118581,Percepción de la inseguridad,2014,36.7786454304465,Porcentaje
26,Sonora,0,Estatal,6200118581,Percepción de la inseguridad,2015,41.1481299023036,Porcentaje
26,Sonora,0,Estatal,6200118581,Percepción de la inseguridad,2016,40.28603045,Porcentaje
26,Sonora,0,Estatal,6200118581,Percepción de la inseguridad,2017,44.3071989927902,Porcentaje
26,Sonora,0,Estatal,6200118581,Percepción de la inseguridad,2018,43.8863825846191,Porcentaje
26,Sonora,0,Estatal,6200118581,Percepción de la inseguridad,2019,44.8604452058772,Porcentaje
26,Sonora,0,Estatal,6200118581,Percepción de la inseguridad,2020,43.4168252422888,Porcentaje
26,Sonora,0,Estatal,6200118581,Percepción de la inseguridad,2021,37.7217249796583,Porcentaje
26,Sonora,0,Estatal,6207046244,Percepción de confianza en los jueces,2016,58.2332948105061,Porcentaje
26,Sonora,0,Estatal,6207046244,Percepción de confianza en los jueces,2017,58.5359492648077,Porcentaje
26,Sonora,0,Estatal,6207046244,Percepción de confianza en los jueces,2018,56.3278131582614,Porcentaje
26,Sonora,0,Estatal,6207046244,Percepción de confianza en los jueces,2019,58.5901442492726,Porcentaje
26,Sonora,0,Estatal,6207046244,Percepción de confianza en los jueces,2020,53.6213078266833,Porcentaje
26,Sonora,0,Estatal,6207046244,Percepción de confianza en los jueces,2021,64.9152637461753,Porcentaje
26,Sonora,0,Estatal,6300000166,Personas de 18 años y más que identifican a la Policía Federal y consideran algo efectivo o muy efectivo el trabajo de la Policía Federal,2011,1018184,Personas
26,Sonora,0,Estatal,6300000166,Personas de 18 años y más que identifican a la Policía Federal y consideran algo efectivo o muy efectivo el trabajo de la Policía Federal,2012,1061136,Personas
26,Sonora,0,Estatal,6300000166,Personas de 18 años y más que identifican a la Policía Federal y consideran algo efectivo o muy efectivo el trabajo de la Policía Federal,2013,1037081,Personas
26,Sonora,0,Estatal,6300000166,Personas de 18 años y más que identifican a la Policía Federal y consideran algo efectivo o muy efectivo el trabajo de la Policía Federal,2014,989113,Personas
26,Sonora,0,Estatal,6300000166,Personas de 18 años y más que identifican a la Policía Federal y consideran algo efectivo o muy efectivo el trabajo de la Policía Federal,2015,1255720,Personas
26,Sonora,0,Estatal,6300000166,Personas de 18 años y más que identifican a la Policía Federal y consideran algo efectivo o muy efectivo el trabajo de la Policía Federal,2016,1140518,Personas
26,Sonora,0,Estatal,6300000166,Personas de 18 años y más que identifican a la Policía Federal y consideran algo efectivo o muy efectivo el trabajo de la Policía Federal,2017,1101886,Personas
26,Sonora,0,Estatal,6300000166,Personas de 18 años y más que identifican a la Policía Federal y consideran algo efectivo o muy efectivo el trabajo de la Policía Federal,2018,1200274,Personas
26,Sonora,0,Estatal,6300000166,Personas de 18 años y más que identifican a la Policía Federal y consideran algo efectivo o muy efectivo el trabajo de la Policía Federal,2020,501049,Personas

