﻿id_indicador,nombre,nota
6200002197,Tasa de prevalencia delictiva por cada cien mil habitantes de 18 años y más,La tasa se calcula dividiendo el total de víctimas entre la población de 18 años y más multiplicada por cien mil.
6200002197,Tasa de prevalencia delictiva por cada cien mil habitantes de 18 años y más,Cifras de la ENVIPE 2011 y ENVIPE 2012 ajustadas de conformidad con las proyecciones de población 2010 - 2050. CONAPO - Censo de Población y Vivienda 2010. INEGI
6200002198,"Tasa de personas de 18 años y más que considera insegura su entidad federativa, por cada cien mil habitantes de 18 años y más","La tasa de personas que consideran insegura su entidad federativa se calcula dividiendo el total de personas que consideran insegura su entidad federativa entre la población de 18 años y más, multiplicada por cien mil."
6200002198,"Tasa de personas de 18 años y más que considera insegura su entidad federativa, por cada cien mil habitantes de 18 años y más","Debido a la emergencia sanitaria generada por el virus SARS-CoV2 (COVID-19), el levantamiento de la información se realizó en dos periodos: del 17 al 31 de marzo y del 27 de julio al 04 de septiembre. A fin de mantener la comparabilidad adecuada con las series históricas, las estimaciones presentadas en el año 2020 corresponden a la población entrevistada durante el primer periodo. <br/><br/>  Cifras de la ENVIPE 2011 y ENVIPE 2012 ajustadas de conformidad con las proyecciones de población 2010 - 2050. CONAPO - Censo de Población y Vivienda 2010. INEGI."
6200005814,Porcentaje de delitos con portación de armas en personas de 18 años y más,"Cifras de la ENVIPE 2011 y ENVIPE 2012 ajustadas de conformidad con las proyecciones de población 2010 - 2050. CONAPO - Censo de Población y Vivienda 2010. INEGI. El porcentaje se calcula dividiendo el total de delitos donde hubo la presencia de armas entre el total de delitos ocurridos, multiplicado por cien."
6200005815,"Tasa de personas de 18 años y más que considera insegura su colonia o localidad, por cada cien mil habitantes de 18 años y más","La tasa de personas que consideran insegura su colonia o localidad se calcula dividiendo el total de personas que consideran insegura su colonia o localidad entre la población de 18 años y más, multiplicada por cien mil."
6200005815,"Tasa de personas de 18 años y más que considera insegura su colonia o localidad, por cada cien mil habitantes de 18 años y más","Debido a la emergencia sanitaria generada por el virus SARS-CoV2 (COVID-19), el levantamiento de la información se realizó en dos periodos: del 17 al 31 de marzo y del 27 de julio al 04 de septiembre. A fin de mantener la comparabilidad adecuada con las series históricas, las estimaciones presentadas en el año 2020 corresponden a la población entrevistada durante el primer periodo. <br/><br/>  Cifras de la ENVIPE 2011 y ENVIPE 2012 ajustadas de conformidad con las proyecciones de población 2010 - 2050. CONAPO - Censo de Población y Vivienda 2010. INEGI."
6200005816,"Tasa de personas de 18 años y más que considera inseguro su municipio o delegación, por cada cien mil habitantes de 18 años y más","Debido a la emergencia sanitaria generada por el virus SARS-CoV2 (COVID-19), el levantamiento de la información se realizó en dos periodos: del 17 al 31 de marzo y del 27 de julio al 04 de septiembre. A fin de mantener la comparabilidad adecuada con las series históricas, las estimaciones presentadas en el año 2020 corresponden a la población entrevistada durante el primer periodo. <br/><br/>  Cifras de la ENVIPE 2011 y ENVIPE 2012 ajustadas de conformidad con las proyecciones de población 2010 - 2050. CONAPO - Censo de Población y Vivienda 2010. INEGI."
6200005816,"Tasa de personas de 18 años y más que considera inseguro su municipio o delegación, por cada cien mil habitantes de 18 años y más","La tasa de personas que consideran inseguro su municipio o delegación se calcula dividiendo el total de personas que consideran inseguro su municipio o delegación entre la población de 18 años y más, multiplicada por cien mil."
6200005819,Costo promedio del delito en personas y hogares,"Cifras de la ENVIPE 2011 y ENVIPE 2012 ajustadas de conformidad con las proyecciones de población 2010 - 2050. CONAPO - Censo de Población y Vivienda 2010. INEGI. El Costo Promedio del Delito se calcula dividiendo el total de pérdidas a consecuencia del delito así como en medidas de prevención entre la población de 18 años y más que fue víctima de algún delito, o bien, realizó alguna medida de protección."
6200005820,Costo del delito en personas y hogares,Cifras de la ENVIPE 2011 y ENVIPE 2012 ajustadas de conformidad con las proyecciones de población 2010 - 2050. CONAPO - Censo de Población y Vivienda 2010. INEGI. El Costo del Delito se calcula sumando el total de pérdidas a consecuencia del delito así como en medidas de prevención (a nivel nacional se considera también el costo del delito en donde no se especificó la entidad federativa de ocurrencia del delito).
6200009721,Porcentaje de hogares víctimas del delito,"Cifras de la ENVIPE 2011 y ENVIPE 2012 ajustadas de conformidad con las proyecciones de población 2010 - 2050. CONAPO - Censo de Población y Vivienda 2010. INEGI. El porcentaje se calcula dividiendo el total de hogares estimados víctimas de al menos un delito, entre el total de hogares estimados, multiplicado por 100."
6200009722,Promedio de delitos por víctima de 18 años y más,"Cifras de la ENVIPE 2011 y ENVIPE 2012 ajustadas de conformidad con las proyecciones de población 2010 - 2050. CONAPO - Censo de Población y Vivienda 2010. INEGI. El promedio se calcula dividiendo el total de delitos ocurridos a las víctimas, entre el total de víctimas de 18 años y más."
6200028394,"Tasa de prevalencia delictiva por cada cien mil habitantes de 18 años y más, mujeres",Cifras de la ENVIPE 2011 y ENVIPE 2012 ajustadas de conformidad con las proyecciones de población 2010 - 2050. CONAPO - Censo de Población y Vivienda 2010. INEGI
6200028395,"Tasa de prevalencia delictiva por cada cien mil habitantes de 18 años y más, hombres",Cifras de la ENVIPE 2011 y ENVIPE 2012 ajustadas de conformidad con las proyecciones de población 2010 - 2050. CONAPO - Censo de Población y Vivienda 2010. INEGI
6200028492,Porcentaje de personas de 18 años y más que identifica a la Policía Estatal y considera muy efectivo el trabajo de ésta,El porcentaje se calcula dividiendo a la población de 18 años y más que considera muy efectivo el trabajo de la Policía Estatal entre la población de 18 años y más que identifica a está multiplicado por cien.
6200028494,Porcentaje de personas de 18 años y más que identifica a la Policía Federal y considera muy efectivo el trabajo de ésta,El porcentaje se calcula dividiendo a la población de 18 años y más que considera muy efectivo el trabajo de la Policía Federal entre la población de 18 años y más que identifica a está multiplicado por 100.
6200028495,Porcentaje de personas de 18 años y más que identifica a la Policía Federal y considera algo efectivo el trabajo de ésta,El porcentaje se calcula dividiendo a la población de 18 años y más que considera algo efectivo el trabajo de la Policía Federal entre la población de 18 años y más que identifica a está multiplicado por 100.
6200028496,Porcentaje de personas de 18 años y más que identifica a la Policía Estatal y considera algo efectivo el trabajo de ésta,El porcentaje se calcula dividiendo a la población de 18 años y más que considera algo efectivo el trabajo de la Policía Estatal entre la población de 18 años y más que identifica a está multiplicado por 100.
6200028497,Porcentaje de personas de 18 años y más que identifica a la Policía Ministerial o Judicial y considera algo efectivo el trabajo de éstos,El porcentaje se calcula dividiendo a la población de 18 años y más que considera algo efectivo el trabajo de la Policía Ministerial o Judicial entre la población de 18 años y más que identifica a está multiplicado por 100.
6200028500,Porcentaje de personas de 18 años y más que identifica a la Policía de Tránsito y considera muy efectivo el trabajo de ésta,El porcentaje se calcula dividiendo a la población de 18 años y más que considera muy efectivo el trabajo de la Policía de Tránsito entre la población de 18 años y más que identifica a está multiplicado por 100.
6200028501,Porcentaje de personas de 18 años y más que identifica a la Policía de Tránsito y considera muy efectivo o algo efectivo el trabajo de ésta,"El porcentaje se calcula dividiendo a la población de 18 años y más que considera muy efectivo o algo efectivo el trabajo de la Policía de Tránsito, entre la población de 18 años y más que identifica a está multiplicado por 100."
6200028507,Porcentaje de personas de 18 años y más que identifica a la Policía de Tránsito y considera algo efectivo el trabajo de ésta,El porcentaje se calcula dividiendo a la población de 18 años y más que considera algo efectivo el trabajo de la Policía de Tránsito entre la población de 18 años y más que identifica a está multiplicado por 100.
6200028511,Porcentaje de personas de 18 años y más que identifica a la Policía Federal y considera muy efectivo o algo efectivo el trabajo de ésta,"El porcentaje se calcula dividiendo a la población de 18 años y más que considera muy efectivo o algo efectivo el trabajo de la Policía Federal, entre la población de 18 años y más que identifica a está multiplicado por 100."
6200028526,Tasa de incidencia delictiva por cada cien mil habitantes,La tasa se calcula dividiendo el número total de delitos ocurridos entre la población de 18 años y más multiplicado por cien mil.
6200028526,Tasa de incidencia delictiva por cada cien mil habitantes,Cifras de la ENVIPE 2011 y ENVIPE 2012 ajustadas de conformidad con las proyecciones de población 2010 - 2050. CONAPO - Censo de Población y Vivienda 2010. INEGI
6200028554,Porcentaje de personas de 18 años y más que considera insegura su entidad federativa,Cifras de la ENVIPE 2011 y ENVIPE 2012 ajustadas de conformidad con las proyecciones de población 2010 - 2050. CONAPO - Censo de Población y Vivienda 2010. INEGI
6200035291,Porcentaje de hombres víctimas de por lo menos un delito,"El porcentaje se calcula dividiendo la población de hombres de 18 años y más víctimas de por lo menos un delito, entre la población de hombres de 18 años y más, multiplicado por 100."
6200035292,Porcentaje de hombres de 18 años y más que manifiestan sentirse inseguros en el transporte y espacios públicos,"El porcentaje se calcula dividiendo la población de hombres de 18 años y más que se sienten inseguros en los espacios públicos, entre la población de hombres de 18 años y más, multiplicado por 100. Se considera espacio público la calle, el transporte público y el parque o centro recreativo."
6200112676,Percepción de ausencia de corrupción en el sistema judicial,Metadato generado con base en la metodología elaborada y propuesta por la OCDE.
6200112676,Percepción de ausencia de corrupción en el sistema judicial,Este indicador corresponde al porcentaje de personas que perciben a los jueces como no corruptos que calcula el INEGI.
6200112676,Percepción de ausencia de corrupción en el sistema judicial,Excluye la opción "no sabe/no responde".
6200118580,Confianza en la policía,Este indicador corresponde al porcentaje de personas de 18 años y más que identifica a la policía estatal y considera algo efectivo o muy efectivo el trabajo de la policía estatal que calcula en el INEGI.
6200118580,Confianza en la policía,Cifras de la ENVIPE 2011 y ENVIPE 2012 ajustadas de conformidad con las proyecciones de población 2010 - 2050. CONAPO - Censo de Población y Vivienda 2010. INEGI
6200118580,Confianza en la policía,Metadato generado con base en la metodología elaborada y propuesta por la OCDE.
6200118581,Percepción de la inseguridad,Metadato generado con base en la metodología elaborada y propuesta por la OCDE.
6200118581,Percepción de la inseguridad,Este indicador corresponde al porcentaje de la población que se siente insegura en su localidad o colonia que calcula el INEGI.
6200118581,Percepción de la inseguridad,En el ámbito urbano se preguntó por colonia y para el ámbito rural por localidad.
6207046244,Percepción de confianza en los jueces,Metadato generado con base en la metodología elaborada y propuesta por la OCDE.
6207046244,Percepción de confianza en los jueces,Este indicador corresponde al porcentaje de personas que perciben que los delincuentes son siempre castigados que calcula el INEGI.
6300000166,Personas de 18 años y más que identifican a la Policía Federal y consideran algo efectivo o muy efectivo el trabajo de la Policía Federal,"En 2020, debido a la emergencia sanitaria generada por el virus SARS-CoV2 (COVID-19), el levantamiento de la información de la Encuesta Nacional de Victimización y Percepción sobre Seguridad Pública 2020, se realizó en dos periodos: del 17 al 31 de marzo y del 27 de julio al 04 de septiembre. A fin de mantener la comparabilidad adecuada con las series históricas, las estimaciones presentadas en el año 2020 corresponden a la población entrevistada durante el primer periodo. Para más información, se recomienda consultar la “Nota metodológica a propósito de la contingencia sanitaria por el virus SARS-CoV-2 (causante de la COVID-19)” disponible en el metadato del indicador."

