﻿id_indicador,nombre,año,notas
6200001087,Personal en las instituciones de las administraciones públicas estatales,2010,En algunos casos el total no coincide con la suma de los subtotales debido a que el gobierno estatal correspondiente no contó con datos  o elementos en algunos temas para reportar la cifra desagregada.
6200001087,Personal en las instituciones de las administraciones públicas estatales,2009,En algunos casos el total no coincide con la suma de los subtotales debido a que el gobierno estatal correspondiente no contó con datos  o elementos en algunos temas para reportar la cifra desagregada.
6200001095,Computadoras en las instituciones de las administraciones públicas estatales,2010,En algunos casos el total no coincide con la suma de los subtotales debido a que el gobierno estatal correspondiente no contó con datos  o elementos en algunos temas para reportar la cifra desagregada.
6200001095,Computadoras en las instituciones de las administraciones públicas estatales,2009,En algunos casos el total no coincide con la suma de los subtotales debido a que el gobierno estatal correspondiente no contó con datos  o elementos en algunos temas para reportar la cifra desagregada.
6200001098,Bienes inmuebles en las instituciones de las administraciones públicas estatales,2010,En algunos casos el total no coincide con la suma de los subtotales debido a que el gobierno estatal correspondiente no contó con datos  o elementos en algunos temas para reportar la cifra desagregada.
6200001098,Bienes inmuebles en las instituciones de las administraciones públicas estatales,2009,En algunos casos el total no coincide con la suma de los subtotales debido a que el gobierno estatal correspondiente no contó con datos  o elementos en algunos temas para reportar la cifra desagregada.
6200001141,Personal destinado a funciones de seguridad pública estatal,2009,En algunos casos el total no coincide con la suma de los subtotales debido a que el gobierno estatal correspondiente no contó con datos  o elementos en algunos temas para reportar la cifra desagregada.
6200001158,Personal en los centros penitenciarios estatales,2013,La Secretaría de Seguridad Ciudadana de la entidad federativa determinó la información correspondiente a este tema como reservada.
6200001159,"Personal en los centros penitenciarios estatales (custodios y/o vigilantes, nivel intermedio de jerarquía)",2013,La Secretaría de Seguridad Ciudadana de la entidad federativa determinó la información correspondiente a este tema como reservada.
6200001160,"Personal en los centros penitenciarios estatales (custodios y/o vigilantes, nivel operativo de jerarquía)",2013,La Secretaría de Seguridad Ciudadana de la entidad federativa determinó la información correspondiente a este tema como reservada.
6200001161,"Personal en los centros penitenciarios estatales (custodios y/o vigilantes, primer nivel jerárquico)",2013,La Secretaría de Seguridad Ciudadana de la entidad federativa determinó la información correspondiente a este tema como reservada.
6200001162,"Personal en los centros penitenciarios estatales (directivo, de administración y/u operación)",2013,La Secretaría de Seguridad Ciudadana de la entidad federativa determinó la información correspondiente a este tema como reservada.
6200001163,Personal en los centros penitenciarios estatales (hombres),2013,La Secretaría de Seguridad Ciudadana de la entidad federativa determinó la información correspondiente a este tema como reservada.
6200001164,Personal en los centros penitenciarios estatales (mujeres),2013,La Secretaría de Seguridad Ciudadana de la entidad federativa determinó la información correspondiente a este tema como reservada.
6200001165,Personal en los centros penitenciarios estatales (personal apoyo),2013,La Secretaría de Seguridad Ciudadana de la entidad federativa determinó la información correspondiente a este tema como reservada.
6200028523,Tasa de hacinamiento en los centros penitenciarios,2013,"Se está considerando al total de la población reclusa que se encontraba internada en los centros penitenciarios tanto del fuero común como del fuero federal al cierre de año. Es importante mencionar que dicha variable no distingue el estatus jurídico de dicha población. Por otro lado, se entiende como capacidad instalada a los espacios con los que se contaban en los Centros penitenciarios medidos en camas útiles."
6200028523,Tasa de hacinamiento en los centros penitenciarios,2012,"Se está considerando al total de la población reclusa que se encontraba internada en los centros penitenciarios tanto del fuero común como del fuero federal al cierre de año. Es importante mencionar que dicha variable no distingue el estatus jurídico de dicha población. Por otro lado, se entiende como capacidad instalada a los espacios con los que se contaban en los Centros penitenciarios medidos en camas útiles."
6200028523,Tasa de hacinamiento en los centros penitenciarios,2011,"Se está considerando al total de la población reclusa que se encontraba internada en los centros penitenciarios tanto del fuero común como del fuero federal al cierre de año. Es importante mencionar que dicha variable no distingue el estatus jurídico de dicha población. Por otro lado, se entiende como capacidad instalada a los espacios con los que se contaban en los Centros penitenciarios medidos en camas útiles."
6200028523,Tasa de hacinamiento en los centros penitenciarios,2010,"Se está considerando al total de la población reclusa que se encontraba internada en los centros penitenciarios tanto del fuero común como del fuero federal al cierre de año. Es importante mencionar que dicha variable no distingue el estatus jurídico de dicha población. Por otro lado, se entiende como capacidad instalada a los espacios con los que se contaban en los Centros penitenciarios medidos en camas útiles."
6200028524,Población reclusa por custodio-vigilante,2013,Se está considerando al total de la población reclusa que se encontraba internada en los centros penitenciarios tanto del fuero común como del fuero federal al cierre de año. Es importante mencionar que dicha variable no distingue el estatus jurídico de dicha población. La otra variable refiere al personal con funciones de custodia y/o vigilancia reportado tanto para centros penitenciarios del fuero federal como del fuero común.
6200028524,Población reclusa por custodio-vigilante,2012,Se está considerando al total de la población reclusa que se encontraba internada en los centros penitenciarios tanto del fuero común como del fuero federal al cierre de año. Es importante mencionar que dicha variable no distingue el estatus jurídico de dicha población. La otra variable refiere al personal con funciones de custodia y/o vigilancia reportado tanto para centros penitenciarios del fuero federal como del fuero común.
6200028524,Población reclusa por custodio-vigilante,2011,Se está considerando al total de la población reclusa que se encontraba internada en los centros penitenciarios tanto del fuero común como del fuero federal al cierre de año. Es importante mencionar que dicha variable no distingue el estatus jurídico de dicha población. La otra variable refiere al personal con funciones de custodia y/o vigilancia reportado tanto para centros penitenciarios del fuero federal como del fuero común.
6200028524,Población reclusa por custodio-vigilante,2010,Se está considerando al total de la población reclusa que se encontraba internada en los centros penitenciarios tanto del fuero común como del fuero federal al cierre de año. Es importante mencionar que dicha variable no distingue el estatus jurídico de dicha población. La otra variable refiere al personal con funciones de custodia y/o vigilancia reportado tanto para centros penitenciarios del fuero federal como del fuero común.

