﻿cve_entidad,desc_entidad,cve_municipio,desc_municipio,id_indicador,indicador,año,valor,unidad_medida
26,Sonora,0,Estatal,6200000995,Vehículos en las instituciones de las administraciones públicas estatales,2010,1960,Vehículos
26,Sonora,0,Estatal,6200000995,Vehículos en las instituciones de las administraciones públicas estatales,2011,1695,Vehículos
26,Sonora,0,Estatal,6200000995,Vehículos en las instituciones de las administraciones públicas estatales,2012,1697,Vehículos
26,Sonora,0,Estatal,6200000995,Vehículos en las instituciones de las administraciones públicas estatales,2013,1723,Vehículos
26,Sonora,0,Estatal,6200000995,Vehículos en las instituciones de las administraciones públicas estatales,2014,1806,Vehículos
26,Sonora,0,Estatal,6200000995,Vehículos en las instituciones de las administraciones públicas estatales,2015,1746,Vehículos
26,Sonora,0,Estatal,6200000996,Vehículos en las instituciones de las administraciones públicas estatales (automóviles),2010,866,Vehículos
26,Sonora,0,Estatal,6200000996,Vehículos en las instituciones de las administraciones públicas estatales (automóviles),2011,779,Vehículos
26,Sonora,0,Estatal,6200000996,Vehículos en las instituciones de las administraciones públicas estatales (automóviles),2012,598,Vehículos
26,Sonora,0,Estatal,6200000996,Vehículos en las instituciones de las administraciones públicas estatales (automóviles),2013,876,Vehículos
26,Sonora,0,Estatal,6200000996,Vehículos en las instituciones de las administraciones públicas estatales (automóviles),2014,774,Vehículos
26,Sonora,0,Estatal,6200000996,Vehículos en las instituciones de las administraciones públicas estatales (automóviles),2015,714,Vehículos
26,Sonora,0,Estatal,6200000997,Vehículos en las instituciones de las administraciones públicas estatales (camiones y camionetas),2010,997,Vehículos
26,Sonora,0,Estatal,6200000997,Vehículos en las instituciones de las administraciones públicas estatales (camiones y camionetas),2011,876,Vehículos
26,Sonora,0,Estatal,6200000997,Vehículos en las instituciones de las administraciones públicas estatales (camiones y camionetas),2012,1077,Vehículos
26,Sonora,0,Estatal,6200000997,Vehículos en las instituciones de las administraciones públicas estatales (camiones y camionetas),2013,820,Vehículos
26,Sonora,0,Estatal,6200000997,Vehículos en las instituciones de las administraciones públicas estatales (camiones y camionetas),2014,1032,Vehículos
26,Sonora,0,Estatal,6200000997,Vehículos en las instituciones de las administraciones públicas estatales (camiones y camionetas),2015,1032,Vehículos
26,Sonora,0,Estatal,6200000998,Vehículos en las instituciones de las administraciones públicas estatales (motocicletas),2010,0,Vehículos
26,Sonora,0,Estatal,6200000998,Vehículos en las instituciones de las administraciones públicas estatales (motocicletas),2011,-,Vehículos
26,Sonora,0,Estatal,6200000998,Vehículos en las instituciones de las administraciones públicas estatales (motocicletas),2012,4,Vehículos
26,Sonora,0,Estatal,6200000998,Vehículos en las instituciones de las administraciones públicas estatales (motocicletas),2013,27,Vehículos
26,Sonora,0,Estatal,6200000998,Vehículos en las instituciones de las administraciones públicas estatales (motocicletas),2014,0,Vehículos
26,Sonora,0,Estatal,6200000998,Vehículos en las instituciones de las administraciones públicas estatales (motocicletas),2015,-,Vehículos
26,Sonora,0,Estatal,6200000999,Vehículos en las instituciones de las administraciones públicas estatales (no especificado),2010,NA,Vehículos
26,Sonora,0,Estatal,6200000999,Vehículos en las instituciones de las administraciones públicas estatales (no especificado),2011,0,Vehículos
26,Sonora,0,Estatal,6200000999,Vehículos en las instituciones de las administraciones públicas estatales (no especificado),2012,0,Vehículos
26,Sonora,0,Estatal,6200000999,Vehículos en las instituciones de las administraciones públicas estatales (no especificado),2013,0,Vehículos
26,Sonora,0,Estatal,6200000999,Vehículos en las instituciones de las administraciones públicas estatales (no especificado),2014,0,Vehículos
26,Sonora,0,Estatal,6200000999,Vehículos en las instituciones de las administraciones públicas estatales (no especificado),2015,0,Vehículos
26,Sonora,0,Estatal,6200001000,Vehículos en las instituciones de las administraciones públicas estatales (otro tipo),2010,97,Vehículos
26,Sonora,0,Estatal,6200001000,Vehículos en las instituciones de las administraciones públicas estatales (otro tipo),2011,40,Vehículos
26,Sonora,0,Estatal,6200001000,Vehículos en las instituciones de las administraciones públicas estatales (otro tipo),2012,18,Vehículos
26,Sonora,0,Estatal,6200001000,Vehículos en las instituciones de las administraciones públicas estatales (otro tipo),2013,0,Vehículos
26,Sonora,0,Estatal,6200001000,Vehículos en las instituciones de las administraciones públicas estatales (otro tipo),2014,0,Vehículos
26,Sonora,0,Estatal,6200001000,Vehículos en las instituciones de las administraciones públicas estatales (otro tipo),2015,-,Vehículos
26,Sonora,0,Estatal,6200001001,Auditorías realizadas a las administraciones públicas estatales,2010,637,Auditorías
26,Sonora,0,Estatal,6200001001,Auditorías realizadas a las administraciones públicas estatales,2011,516,Auditorías
26,Sonora,0,Estatal,6200001001,Auditorías realizadas a las administraciones públicas estatales,2012,180,Auditorías
26,Sonora,0,Estatal,6200001001,Auditorías realizadas a las administraciones públicas estatales,2013,225,Auditorías
26,Sonora,0,Estatal,6200001001,Auditorías realizadas a las administraciones públicas estatales,2014,828,Auditorías
26,Sonora,0,Estatal,6200001001,Auditorías realizadas a las administraciones públicas estatales,2015,510,Auditorías
26,Sonora,0,Estatal,6200001002,Auditorías realizadas a las administraciones públicas estatales (por el Órgano de Fiscalización del Estado),2010,175,Auditorías
26,Sonora,0,Estatal,6200001002,Auditorías realizadas a las administraciones públicas estatales (por el Órgano de Fiscalización del Estado),2011,110,Auditorías
26,Sonora,0,Estatal,6200001002,Auditorías realizadas a las administraciones públicas estatales (por el Órgano de Fiscalización del Estado),2012,87,Auditorías
26,Sonora,0,Estatal,6200001002,Auditorías realizadas a las administraciones públicas estatales (por el Órgano de Fiscalización del Estado),2013,90,Auditorías
26,Sonora,0,Estatal,6200001002,Auditorías realizadas a las administraciones públicas estatales (por el Órgano de Fiscalización del Estado),2014,252,Auditorías
26,Sonora,0,Estatal,6200001002,Auditorías realizadas a las administraciones públicas estatales (por el Órgano de Fiscalización del Estado),2015,90,Auditorías
26,Sonora,0,Estatal,6200001003,Auditorías realizadas a las administraciones públicas estatales (por la Auditoría Superior de la Federación),2010,7,Auditorías
26,Sonora,0,Estatal,6200001003,Auditorías realizadas a las administraciones públicas estatales (por la Auditoría Superior de la Federación),2011,6,Auditorías
26,Sonora,0,Estatal,6200001003,Auditorías realizadas a las administraciones públicas estatales (por la Auditoría Superior de la Federación),2012,10,Auditorías
26,Sonora,0,Estatal,6200001003,Auditorías realizadas a las administraciones públicas estatales (por la Auditoría Superior de la Federación),2013,9,Auditorías
26,Sonora,0,Estatal,6200001003,Auditorías realizadas a las administraciones públicas estatales (por la Auditoría Superior de la Federación),2014,9,Auditorías
26,Sonora,0,Estatal,6200001003,Auditorías realizadas a las administraciones públicas estatales (por la Auditoría Superior de la Federación),2015,35,Auditorías
26,Sonora,0,Estatal,6200001004,Auditorías realizadas a las administraciones públicas estatales (por la Secretaría de la Contraloría u homóloga de la entidad federativa),2010,455,Auditorías
26,Sonora,0,Estatal,6200001004,Auditorías realizadas a las administraciones públicas estatales (por la Secretaría de la Contraloría u homóloga de la entidad federativa),2011,400,Auditorías
26,Sonora,0,Estatal,6200001004,Auditorías realizadas a las administraciones públicas estatales (por la Secretaría de la Contraloría u homóloga de la entidad federativa),2012,46,Auditorías
26,Sonora,0,Estatal,6200001004,Auditorías realizadas a las administraciones públicas estatales (por la Secretaría de la Contraloría u homóloga de la entidad federativa),2013,113,Auditorías
26,Sonora,0,Estatal,6200001004,Auditorías realizadas a las administraciones públicas estatales (por la Secretaría de la Contraloría u homóloga de la entidad federativa),2014,463,Auditorías
26,Sonora,0,Estatal,6200001004,Auditorías realizadas a las administraciones públicas estatales (por la Secretaría de la Contraloría u homóloga de la entidad federativa),2015,42,Auditorías
26,Sonora,0,Estatal,6200001005,Auditorías realizadas a las administraciones públicas estatales (por la Secretaría de la Función Pública),2010,NA,Auditorías
26,Sonora,0,Estatal,6200001005,Auditorías realizadas a las administraciones públicas estatales (por la Secretaría de la Función Pública),2011,NA,Auditorías
26,Sonora,0,Estatal,6200001005,Auditorías realizadas a las administraciones públicas estatales (por la Secretaría de la Función Pública),2012,5,Auditorías
26,Sonora,0,Estatal,6200001005,Auditorías realizadas a las administraciones públicas estatales (por la Secretaría de la Función Pública),2013,13,Auditorías
26,Sonora,0,Estatal,6200001005,Auditorías realizadas a las administraciones públicas estatales (por la Secretaría de la Función Pública),2014,70,Auditorías
26,Sonora,0,Estatal,6200001005,Auditorías realizadas a las administraciones públicas estatales (por la Secretaría de la Función Pública),2015,59,Auditorías
26,Sonora,0,Estatal,6200001006,Auditorías realizadas a las administraciones públicas estatales (por otra autoridad de la entidad federativa),2010,NA,Auditorías
26,Sonora,0,Estatal,6200001006,Auditorías realizadas a las administraciones públicas estatales (por otra autoridad de la entidad federativa),2011,NA,Auditorías
26,Sonora,0,Estatal,6200001006,Auditorías realizadas a las administraciones públicas estatales (por otra autoridad de la entidad federativa),2012,32,Auditorías
26,Sonora,0,Estatal,6200001006,Auditorías realizadas a las administraciones públicas estatales (por otra autoridad de la entidad federativa),2013,NA,Auditorías
26,Sonora,0,Estatal,6200001006,Auditorías realizadas a las administraciones públicas estatales (por otra autoridad de la entidad federativa),2014,33,Auditorías
26,Sonora,0,Estatal,6200001006,Auditorías realizadas a las administraciones públicas estatales (por otra autoridad de la entidad federativa),2015,284,Auditorías
26,Sonora,0,Estatal,6200001007,Auditorías realizadas a las administraciones públicas estatales (por otra autoridad del gobierno federal),2010,NA,Auditorías
26,Sonora,0,Estatal,6200001007,Auditorías realizadas a las administraciones públicas estatales (por otra autoridad del gobierno federal),2011,NA,Auditorías
26,Sonora,0,Estatal,6200001007,Auditorías realizadas a las administraciones públicas estatales (por otra autoridad del gobierno federal),2012,NA,Auditorías
26,Sonora,0,Estatal,6200001007,Auditorías realizadas a las administraciones públicas estatales (por otra autoridad del gobierno federal),2013,NA,Auditorías
26,Sonora,0,Estatal,6200001007,Auditorías realizadas a las administraciones públicas estatales (por otra autoridad del gobierno federal),2014,1,Auditorías
26,Sonora,0,Estatal,6200001007,Auditorías realizadas a las administraciones públicas estatales (por otra autoridad del gobierno federal),2015,-,Auditorías
26,Sonora,0,Estatal,6200001008,Auditorías realizadas a las administraciones públicas estatales (por otra autoridad),2010,NA,Auditorías
26,Sonora,0,Estatal,6200001008,Auditorías realizadas a las administraciones públicas estatales (por otra autoridad),2011,NA,Auditorías
26,Sonora,0,Estatal,6200001008,Auditorías realizadas a las administraciones públicas estatales (por otra autoridad),2012,NA,Auditorías
26,Sonora,0,Estatal,6200001008,Auditorías realizadas a las administraciones públicas estatales (por otra autoridad),2013,NA,Auditorías
26,Sonora,0,Estatal,6200001008,Auditorías realizadas a las administraciones públicas estatales (por otra autoridad),2014,-,Auditorías
26,Sonora,0,Estatal,6200001008,Auditorías realizadas a las administraciones públicas estatales (por otra autoridad),2015,-,Auditorías
26,Sonora,0,Estatal,6200001009,Sanciones aplicadas a servidores públicos de las administraciones públicas estatales,2010,375,Sanciones
26,Sonora,0,Estatal,6200001009,Sanciones aplicadas a servidores públicos de las administraciones públicas estatales,2011,300,Sanciones
26,Sonora,0,Estatal,6200001009,Sanciones aplicadas a servidores públicos de las administraciones públicas estatales,2012,157,Sanciones
26,Sonora,0,Estatal,6200001009,Sanciones aplicadas a servidores públicos de las administraciones públicas estatales,2013,782,Sanciones
26,Sonora,0,Estatal,6200001009,Sanciones aplicadas a servidores públicos de las administraciones públicas estatales,2014,39,Sanciones
26,Sonora,0,Estatal,6200001010,Sanciones aplicadas a servidores públicos de las administraciones públicas estatales por delitos cometidos con motivo del servicio público,2010,NA,Sanciones
26,Sonora,0,Estatal,6200001010,Sanciones aplicadas a servidores públicos de las administraciones públicas estatales por delitos cometidos con motivo del servicio público,2011,41,Sanciones
26,Sonora,0,Estatal,6200001010,Sanciones aplicadas a servidores públicos de las administraciones públicas estatales por delitos cometidos con motivo del servicio público,2012,8,Sanciones
26,Sonora,0,Estatal,6200001010,Sanciones aplicadas a servidores públicos de las administraciones públicas estatales por delitos cometidos con motivo del servicio público,2013,NA,Sanciones
26,Sonora,0,Estatal,6200001010,Sanciones aplicadas a servidores públicos de las administraciones públicas estatales por delitos cometidos con motivo del servicio público,2014,11,Sanciones
26,Sonora,0,Estatal,6200001011,Sanciones aplicadas a servidores públicos de las administraciones públicas estatales por infracciones cometidas con motivo del servicio público,2010,375,Sanciones
26,Sonora,0,Estatal,6200001011,Sanciones aplicadas a servidores públicos de las administraciones públicas estatales por infracciones cometidas con motivo del servicio público,2011,221,Sanciones
26,Sonora,0,Estatal,6200001011,Sanciones aplicadas a servidores públicos de las administraciones públicas estatales por infracciones cometidas con motivo del servicio público,2012,149,Sanciones
26,Sonora,0,Estatal,6200001011,Sanciones aplicadas a servidores públicos de las administraciones públicas estatales por infracciones cometidas con motivo del servicio público,2013,526,Sanciones
26,Sonora,0,Estatal,6200001011,Sanciones aplicadas a servidores públicos de las administraciones públicas estatales por infracciones cometidas con motivo del servicio público,2014,28,Sanciones
26,Sonora,0,Estatal,6200001011,Sanciones aplicadas a servidores públicos de las administraciones públicas estatales por infracciones cometidas con motivo del servicio público,2015,857,Sanciones
26,Sonora,0,Estatal,6200001012,Sanciones aplicadas a servidores públicos de las administraciones públicas estatales por otro tipo de conductas cometidas con motivo del servicio público,2010,NA,Sanciones
26,Sonora,0,Estatal,6200001012,Sanciones aplicadas a servidores públicos de las administraciones públicas estatales por otro tipo de conductas cometidas con motivo del servicio público,2011,38,Sanciones
26,Sonora,0,Estatal,6200001012,Sanciones aplicadas a servidores públicos de las administraciones públicas estatales por otro tipo de conductas cometidas con motivo del servicio público,2012,NA,Sanciones
26,Sonora,0,Estatal,6200001012,Sanciones aplicadas a servidores públicos de las administraciones públicas estatales por otro tipo de conductas cometidas con motivo del servicio público,2013,256,Sanciones
26,Sonora,0,Estatal,6200001013,Centros penitenciarios estatales,2009,25,Centros
26,Sonora,0,Estatal,6200001013,Centros penitenciarios estatales,2010,15,Centros
26,Sonora,0,Estatal,6200001013,Centros penitenciarios estatales,2011,15,Centros
26,Sonora,0,Estatal,6200001013,Centros penitenciarios estatales,2012,13,Centros
26,Sonora,0,Estatal,6200001013,Centros penitenciarios estatales,2013,13,Centros
26,Sonora,0,Estatal,6200001013,Centros penitenciarios estatales,2014,13,Centros
26,Sonora,0,Estatal,6200001013,Centros penitenciarios estatales,2015,13,Centros
26,Sonora,0,Estatal,6200001052,Adolescentes ingresados a los centros estatales de tratamiento o internamiento,2009,1037,Personas
26,Sonora,0,Estatal,6200001052,Adolescentes ingresados a los centros estatales de tratamiento o internamiento,2010,467,Personas
26,Sonora,0,Estatal,6200001052,Adolescentes ingresados a los centros estatales de tratamiento o internamiento,2011,1176,Personas
26,Sonora,0,Estatal,6200001052,Adolescentes ingresados a los centros estatales de tratamiento o internamiento,2012,1046,Personas
26,Sonora,0,Estatal,6200001052,Adolescentes ingresados a los centros estatales de tratamiento o internamiento,2013,828,Personas
26,Sonora,0,Estatal,6200001052,Adolescentes ingresados a los centros estatales de tratamiento o internamiento,2014,679,Personas
26,Sonora,0,Estatal,6200001052,Adolescentes ingresados a los centros estatales de tratamiento o internamiento,2015,642,Personas
26,Sonora,0,Estatal,6200001053,Adolescentes ingresados a los centros estatales de tratamiento o internamiento (hombres),2009,1013,Personas
26,Sonora,0,Estatal,6200001053,Adolescentes ingresados a los centros estatales de tratamiento o internamiento (hombres),2010,450,Personas
26,Sonora,0,Estatal,6200001053,Adolescentes ingresados a los centros estatales de tratamiento o internamiento (hombres),2011,1161,Personas
26,Sonora,0,Estatal,6200001053,Adolescentes ingresados a los centros estatales de tratamiento o internamiento (hombres),2012,1018,Personas
26,Sonora,0,Estatal,6200001053,Adolescentes ingresados a los centros estatales de tratamiento o internamiento (hombres),2013,796,Personas
26,Sonora,0,Estatal,6200001053,Adolescentes ingresados a los centros estatales de tratamiento o internamiento (hombres),2014,655,Personas
26,Sonora,0,Estatal,6200001053,Adolescentes ingresados a los centros estatales de tratamiento o internamiento (hombres),2015,583,Personas
26,Sonora,0,Estatal,6200001054,Adolescentes ingresados a los centros estatales de tratamiento o internamiento (mujeres),2009,24,Personas
26,Sonora,0,Estatal,6200001054,Adolescentes ingresados a los centros estatales de tratamiento o internamiento (mujeres),2010,17,Personas
26,Sonora,0,Estatal,6200001054,Adolescentes ingresados a los centros estatales de tratamiento o internamiento (mujeres),2011,15,Personas
26,Sonora,0,Estatal,6200001054,Adolescentes ingresados a los centros estatales de tratamiento o internamiento (mujeres),2012,28,Personas
26,Sonora,0,Estatal,6200001054,Adolescentes ingresados a los centros estatales de tratamiento o internamiento (mujeres),2013,32,Personas
26,Sonora,0,Estatal,6200001054,Adolescentes ingresados a los centros estatales de tratamiento o internamiento (mujeres),2014,24,Personas
26,Sonora,0,Estatal,6200001054,Adolescentes ingresados a los centros estatales de tratamiento o internamiento (mujeres),2015,59,Personas
26,Sonora,0,Estatal,6200001055,Personal en las empresas de seguridad privada registradas en los gobiernos estatales,2010,2606,Personas
26,Sonora,0,Estatal,6200001055,Personal en las empresas de seguridad privada registradas en los gobiernos estatales,2011,4757,Personas
26,Sonora,0,Estatal,6200001055,Personal en las empresas de seguridad privada registradas en los gobiernos estatales,2012,4858,Personas
26,Sonora,0,Estatal,6200001055,Personal en las empresas de seguridad privada registradas en los gobiernos estatales,2013,4752,Personas
26,Sonora,0,Estatal,6200001055,Personal en las empresas de seguridad privada registradas en los gobiernos estatales,2014,5967,Personas
26,Sonora,0,Estatal,6200001055,Personal en las empresas de seguridad privada registradas en los gobiernos estatales,2015,3609,Personas
26,Sonora,0,Estatal,6200001056,Personal en las empresas de seguridad privada registradas en los gobiernos estatales (administrativo),2010,270,Personas
26,Sonora,0,Estatal,6200001056,Personal en las empresas de seguridad privada registradas en los gobiernos estatales (administrativo),2011,437,Personas
26,Sonora,0,Estatal,6200001056,Personal en las empresas de seguridad privada registradas en los gobiernos estatales (administrativo),2012,583,Personas
26,Sonora,0,Estatal,6200001056,Personal en las empresas de seguridad privada registradas en los gobiernos estatales (administrativo),2013,569,Personas
26,Sonora,0,Estatal,6200001056,Personal en las empresas de seguridad privada registradas en los gobiernos estatales (administrativo),2014,668,Personas
26,Sonora,0,Estatal,6200001056,Personal en las empresas de seguridad privada registradas en los gobiernos estatales (administrativo),2015,1462,Personas
26,Sonora,0,Estatal,6200001057,Personal en las empresas de seguridad privada registradas en los gobiernos estatales (de otro tipo),2010,-,Personas
26,Sonora,0,Estatal,6200001057,Personal en las empresas de seguridad privada registradas en los gobiernos estatales (de otro tipo),2011,0,Personas
26,Sonora,0,Estatal,6200001057,Personal en las empresas de seguridad privada registradas en los gobiernos estatales (de otro tipo),2012,0,Personas
26,Sonora,0,Estatal,6200001057,Personal en las empresas de seguridad privada registradas en los gobiernos estatales (de otro tipo),2013,0,Personas
26,Sonora,0,Estatal,6200001057,Personal en las empresas de seguridad privada registradas en los gobiernos estatales (de otro tipo),2014,0,Personas
26,Sonora,0,Estatal,6200001057,Personal en las empresas de seguridad privada registradas en los gobiernos estatales (de otro tipo),2015,0,Personas
26,Sonora,0,Estatal,6200001058,Personal en las empresas de seguridad privada registradas en los gobiernos estatales (directivo),2010,99,Personas
26,Sonora,0,Estatal,6200001058,Personal en las empresas de seguridad privada registradas en los gobiernos estatales (directivo),2011,119,Personas
26,Sonora,0,Estatal,6200001058,Personal en las empresas de seguridad privada registradas en los gobiernos estatales (directivo),2012,0,Personas
26,Sonora,0,Estatal,6200001058,Personal en las empresas de seguridad privada registradas en los gobiernos estatales (directivo),2013,0,Personas
26,Sonora,0,Estatal,6200001058,Personal en las empresas de seguridad privada registradas en los gobiernos estatales (directivo),2014,136,Personas
26,Sonora,0,Estatal,6200001058,Personal en las empresas de seguridad privada registradas en los gobiernos estatales (directivo),2015,152,Personas
26,Sonora,0,Estatal,6200001059,Personal en las empresas de seguridad privada registradas en los gobiernos estatales (no especificado),2010,NA,Personas
26,Sonora,0,Estatal,6200001059,Personal en las empresas de seguridad privada registradas en los gobiernos estatales (no especificado),2011,-,Personas
26,Sonora,0,Estatal,6200001059,Personal en las empresas de seguridad privada registradas en los gobiernos estatales (no especificado),2012,0,Personas
26,Sonora,0,Estatal,6200001059,Personal en las empresas de seguridad privada registradas en los gobiernos estatales (no especificado),2013,0,Personas
26,Sonora,0,Estatal,6200001059,Personal en las empresas de seguridad privada registradas en los gobiernos estatales (no especificado),2014,0,Personas
26,Sonora,0,Estatal,6200001059,Personal en las empresas de seguridad privada registradas en los gobiernos estatales (no especificado),2015,0,Personas
26,Sonora,0,Estatal,6200001060,Personal en las empresas de seguridad privada registradas en los gobiernos estatales (operativo),2010,2237,Personas
26,Sonora,0,Estatal,6200001060,Personal en las empresas de seguridad privada registradas en los gobiernos estatales (operativo),2011,4201,Personas
26,Sonora,0,Estatal,6200001060,Personal en las empresas de seguridad privada registradas en los gobiernos estatales (operativo),2012,4275,Personas
26,Sonora,0,Estatal,6200001060,Personal en las empresas de seguridad privada registradas en los gobiernos estatales (operativo),2013,4183,Personas
26,Sonora,0,Estatal,6200001060,Personal en las empresas de seguridad privada registradas en los gobiernos estatales (operativo),2014,5163,Personas
26,Sonora,0,Estatal,6200001060,Personal en las empresas de seguridad privada registradas en los gobiernos estatales (operativo),2015,1995,Personas
26,Sonora,0,Estatal,6200001061,Adolescentes en tratamiento externo,2009,707,Personas
26,Sonora,0,Estatal,6200001061,Adolescentes en tratamiento externo,2010,1043,Personas
26,Sonora,0,Estatal,6200001061,Adolescentes en tratamiento externo,2011,1366,Personas
26,Sonora,0,Estatal,6200001061,Adolescentes en tratamiento externo,2012,1711,Personas
26,Sonora,0,Estatal,6200001061,Adolescentes en tratamiento externo,2013,1761,Personas
26,Sonora,0,Estatal,6200001061,Adolescentes en tratamiento externo,2014,NA,Personas
26,Sonora,0,Estatal,6200001061,Adolescentes en tratamiento externo,2015,1251,Personas
26,Sonora,0,Estatal,6200001062,Adolescentes en tratamiento externo (hombres),2010,981,Personas
26,Sonora,0,Estatal,6200001062,Adolescentes en tratamiento externo (hombres),2011,1285,Personas
26,Sonora,0,Estatal,6200001062,Adolescentes en tratamiento externo (hombres),2012,1592,Personas
26,Sonora,0,Estatal,6200001062,Adolescentes en tratamiento externo (hombres),2013,1628,Personas
26,Sonora,0,Estatal,6200001062,Adolescentes en tratamiento externo (hombres),2014,NA,Personas
26,Sonora,0,Estatal,6200001062,Adolescentes en tratamiento externo (hombres),2015,1144,Personas
26,Sonora,0,Estatal,6200001063,Adolescentes en tratamiento externo (mujeres),2010,62,Personas
26,Sonora,0,Estatal,6200001063,Adolescentes en tratamiento externo (mujeres),2011,81,Personas
26,Sonora,0,Estatal,6200001063,Adolescentes en tratamiento externo (mujeres),2012,119,Personas
26,Sonora,0,Estatal,6200001063,Adolescentes en tratamiento externo (mujeres),2013,133,Personas
26,Sonora,0,Estatal,6200001063,Adolescentes en tratamiento externo (mujeres),2014,NA,Personas
26,Sonora,0,Estatal,6200001063,Adolescentes en tratamiento externo (mujeres),2015,107,Personas
26,Sonora,0,Estatal,6200001064,Centros estatales de tratamiento para adolescentes,2009,5,Centros
26,Sonora,0,Estatal,6200001064,Centros estatales de tratamiento para adolescentes,2010,5,Centros
26,Sonora,0,Estatal,6200001064,Centros estatales de tratamiento para adolescentes,2011,5,Centros
26,Sonora,0,Estatal,6200001064,Centros estatales de tratamiento para adolescentes,2012,5,Centros
26,Sonora,0,Estatal,6200001064,Centros estatales de tratamiento para adolescentes,2013,6,Centros
26,Sonora,0,Estatal,6200001064,Centros estatales de tratamiento para adolescentes,2014,5,Centros
26,Sonora,0,Estatal,6200001064,Centros estatales de tratamiento para adolescentes,2015,6,Centros
26,Sonora,0,Estatal,6200001070,Personal en los centros estatales de tratamiento para adolescentes,2009,209,Personas
26,Sonora,0,Estatal,6200001070,Personal en los centros estatales de tratamiento para adolescentes,2010,310,Personas
26,Sonora,0,Estatal,6200001070,Personal en los centros estatales de tratamiento para adolescentes,2011,300,Personas
26,Sonora,0,Estatal,6200001070,Personal en los centros estatales de tratamiento para adolescentes,2012,219,Personas
26,Sonora,0,Estatal,6200001070,Personal en los centros estatales de tratamiento para adolescentes,2013,221,Personas
26,Sonora,0,Estatal,6200001070,Personal en los centros estatales de tratamiento para adolescentes,2014,319,Personas
26,Sonora,0,Estatal,6200001070,Personal en los centros estatales de tratamiento para adolescentes,2015,229,Personas
26,Sonora,0,Estatal,6200001084,Instituciones de las administraciones públicas estatales,2009,73,Instituciones
26,Sonora,0,Estatal,6200001084,Instituciones de las administraciones públicas estatales,2010,75,Instituciones
26,Sonora,0,Estatal,6200001084,Instituciones de las administraciones públicas estatales,2011,76,Instituciones
26,Sonora,0,Estatal,6200001084,Instituciones de las administraciones públicas estatales,2012,78,Instituciones
26,Sonora,0,Estatal,6200001084,Instituciones de las administraciones públicas estatales,2013,79,Instituciones
26,Sonora,0,Estatal,6200001084,Instituciones de las administraciones públicas estatales,2014,78,Instituciones
26,Sonora,0,Estatal,6200001084,Instituciones de las administraciones públicas estatales,2015,81,Instituciones
26,Sonora,0,Estatal,6200001085,Instituciones de las administraciones públicas estatales consideradas en la administración central,2009,12,Instituciones
26,Sonora,0,Estatal,6200001085,Instituciones de las administraciones públicas estatales consideradas en la administración central,2010,13,Instituciones
26,Sonora,0,Estatal,6200001085,Instituciones de las administraciones públicas estatales consideradas en la administración central,2011,13,Instituciones
26,Sonora,0,Estatal,6200001085,Instituciones de las administraciones públicas estatales consideradas en la administración central,2012,13,Instituciones
26,Sonora,0,Estatal,6200001085,Instituciones de las administraciones públicas estatales consideradas en la administración central,2013,13,Instituciones
26,Sonora,0,Estatal,6200001085,Instituciones de las administraciones públicas estatales consideradas en la administración central,2014,13,Instituciones
26,Sonora,0,Estatal,6200001085,Instituciones de las administraciones públicas estatales consideradas en la administración central,2015,14,Instituciones
26,Sonora,0,Estatal,6200001086,Instituciones de las administraciones públicas estatales consideradas en la administración paraestatal,2009,61,Instituciones
26,Sonora,0,Estatal,6200001086,Instituciones de las administraciones públicas estatales consideradas en la administración paraestatal,2010,62,Instituciones
26,Sonora,0,Estatal,6200001086,Instituciones de las administraciones públicas estatales consideradas en la administración paraestatal,2011,63,Instituciones
26,Sonora,0,Estatal,6200001086,Instituciones de las administraciones públicas estatales consideradas en la administración paraestatal,2012,65,Instituciones
26,Sonora,0,Estatal,6200001086,Instituciones de las administraciones públicas estatales consideradas en la administración paraestatal,2013,66,Instituciones
26,Sonora,0,Estatal,6200001086,Instituciones de las administraciones públicas estatales consideradas en la administración paraestatal,2014,65,Instituciones
26,Sonora,0,Estatal,6200001086,Instituciones de las administraciones públicas estatales consideradas en la administración paraestatal,2015,67,Instituciones
26,Sonora,0,Estatal,6200001087,Personal en las instituciones de las administraciones públicas estatales,2009,60316,Personas
26,Sonora,0,Estatal,6200001087,Personal en las instituciones de las administraciones públicas estatales,2010,42792,Personas
26,Sonora,0,Estatal,6200001087,Personal en las instituciones de las administraciones públicas estatales,2011,46348,Personas
26,Sonora,0,Estatal,6200001087,Personal en las instituciones de las administraciones públicas estatales,2012,50283,Personas
26,Sonora,0,Estatal,6200001087,Personal en las instituciones de las administraciones públicas estatales,2013,50658,Personas
26,Sonora,0,Estatal,6200001087,Personal en las instituciones de las administraciones públicas estatales,2014,47887,Personas
26,Sonora,0,Estatal,6200001088,Personal en las instituciones de las administraciones públicas estatales (base o sindicalizado),2009,40965,Personas
26,Sonora,0,Estatal,6200001088,Personal en las instituciones de las administraciones públicas estatales (base o sindicalizado),2010,32565,Personas
26,Sonora,0,Estatal,6200001088,Personal en las instituciones de las administraciones públicas estatales (base o sindicalizado),2011,33840,Personas
26,Sonora,0,Estatal,6200001088,Personal en las instituciones de las administraciones públicas estatales (base o sindicalizado),2012,34222,Personas
26,Sonora,0,Estatal,6200001088,Personal en las instituciones de las administraciones públicas estatales (base o sindicalizado),2013,35875,Personas
26,Sonora,0,Estatal,6200001088,Personal en las instituciones de las administraciones públicas estatales (base o sindicalizado),2014,NA,Personas
26,Sonora,0,Estatal,6200001088,Personal en las instituciones de las administraciones públicas estatales (base o sindicalizado),2015,35756,Personas
26,Sonora,0,Estatal,6200001089,Personal en las instituciones de las administraciones públicas estatales (confianza),2009,9254,Personas
26,Sonora,0,Estatal,6200001089,Personal en las instituciones de las administraciones públicas estatales (confianza),2010,6485,Personas
26,Sonora,0,Estatal,6200001089,Personal en las instituciones de las administraciones públicas estatales (confianza),2011,7166,Personas
26,Sonora,0,Estatal,6200001089,Personal en las instituciones de las administraciones públicas estatales (confianza),2012,8104,Personas
26,Sonora,0,Estatal,6200001089,Personal en las instituciones de las administraciones públicas estatales (confianza),2013,8511,Personas
26,Sonora,0,Estatal,6200001089,Personal en las instituciones de las administraciones públicas estatales (confianza),2014,NA,Personas
26,Sonora,0,Estatal,6200001089,Personal en las instituciones de las administraciones públicas estatales (confianza),2015,8527,Personas
26,Sonora,0,Estatal,6200001090,Personal en las instituciones de las administraciones públicas estatales (eventual),2009,8661,Personas
26,Sonora,0,Estatal,6200001090,Personal en las instituciones de las administraciones públicas estatales (eventual),2010,2855,Personas
26,Sonora,0,Estatal,6200001090,Personal en las instituciones de las administraciones públicas estatales (eventual),2011,4387,Personas
26,Sonora,0,Estatal,6200001090,Personal en las instituciones de las administraciones públicas estatales (eventual),2012,6467,Personas
26,Sonora,0,Estatal,6200001090,Personal en las instituciones de las administraciones públicas estatales (eventual),2013,5314,Personas
26,Sonora,0,Estatal,6200001090,Personal en las instituciones de las administraciones públicas estatales (eventual),2014,-,Personas
26,Sonora,0,Estatal,6200001091,Personal en las instituciones de las administraciones públicas estatales (hombres),2009,29920,Personas
26,Sonora,0,Estatal,6200001091,Personal en las instituciones de las administraciones públicas estatales (hombres),2010,18937,Personas
26,Sonora,0,Estatal,6200001091,Personal en las instituciones de las administraciones públicas estatales (hombres),2011,20660,Personas
26,Sonora,0,Estatal,6200001091,Personal en las instituciones de las administraciones públicas estatales (hombres),2012,22340,Personas
26,Sonora,0,Estatal,6200001091,Personal en las instituciones de las administraciones públicas estatales (hombres),2013,21261,Personas
26,Sonora,0,Estatal,6200001091,Personal en las instituciones de las administraciones públicas estatales (hombres),2014,21228,Personas
26,Sonora,0,Estatal,6200001092,Personal en las instituciones de las administraciones públicas estatales (honorarios),2009,1436,Personas
26,Sonora,0,Estatal,6200001092,Personal en las instituciones de las administraciones públicas estatales (honorarios),2010,887,Personas
26,Sonora,0,Estatal,6200001092,Personal en las instituciones de las administraciones públicas estatales (honorarios),2011,955,Personas
26,Sonora,0,Estatal,6200001092,Personal en las instituciones de las administraciones públicas estatales (honorarios),2012,1490,Personas
26,Sonora,0,Estatal,6200001092,Personal en las instituciones de las administraciones públicas estatales (honorarios),2013,958,Personas
26,Sonora,0,Estatal,6200001092,Personal en las instituciones de las administraciones públicas estatales (honorarios),2014,-,Personas
26,Sonora,0,Estatal,6200001093,Personal en las instituciones de las administraciones públicas estatales (mujeres),2009,30396,Personas
26,Sonora,0,Estatal,6200001093,Personal en las instituciones de las administraciones públicas estatales (mujeres),2010,23855,Personas
26,Sonora,0,Estatal,6200001093,Personal en las instituciones de las administraciones públicas estatales (mujeres),2011,25688,Personas
26,Sonora,0,Estatal,6200001093,Personal en las instituciones de las administraciones públicas estatales (mujeres),2012,27943,Personas
26,Sonora,0,Estatal,6200001093,Personal en las instituciones de las administraciones públicas estatales (mujeres),2013,29397,Personas
26,Sonora,0,Estatal,6200001093,Personal en las instituciones de las administraciones públicas estatales (mujeres),2014,26659,Personas
26,Sonora,0,Estatal,6200001094,Personal en las instituciones de las administraciones públicas estatales (otro régimen de contratación),2009,0,Personas
26,Sonora,0,Estatal,6200001094,Personal en las instituciones de las administraciones públicas estatales (otro régimen de contratación),2010,0,Personas
26,Sonora,0,Estatal,6200001094,Personal en las instituciones de las administraciones públicas estatales (otro régimen de contratación),2011,0,Personas
26,Sonora,0,Estatal,6200001094,Personal en las instituciones de las administraciones públicas estatales (otro régimen de contratación),2012,0,Personas
26,Sonora,0,Estatal,6200001094,Personal en las instituciones de las administraciones públicas estatales (otro régimen de contratación),2013,0,Personas
26,Sonora,0,Estatal,6200001094,Personal en las instituciones de las administraciones públicas estatales (otro régimen de contratación),2014,-,Personas
26,Sonora,0,Estatal,6200001095,Computadoras en las instituciones de las administraciones públicas estatales,2009,97592,Computadoras
26,Sonora,0,Estatal,6200001095,Computadoras en las instituciones de las administraciones públicas estatales,2010,83230,Computadoras
26,Sonora,0,Estatal,6200001095,Computadoras en las instituciones de las administraciones públicas estatales,2011,76678,Computadoras
26,Sonora,0,Estatal,6200001095,Computadoras en las instituciones de las administraciones públicas estatales,2012,3265,Computadoras
26,Sonora,0,Estatal,6200001095,Computadoras en las instituciones de las administraciones públicas estatales,2013,4239,Computadoras
26,Sonora,0,Estatal,6200001095,Computadoras en las instituciones de las administraciones públicas estatales,2014,-,Computadoras
26,Sonora,0,Estatal,6200001096,Computadoras en las instituciones de las administraciones públicas estatales (escritorio),2009,80690,Computadoras
26,Sonora,0,Estatal,6200001096,Computadoras en las instituciones de las administraciones públicas estatales (escritorio),2010,78124,Computadoras
26,Sonora,0,Estatal,6200001096,Computadoras en las instituciones de las administraciones públicas estatales (escritorio),2011,71843,Computadoras
26,Sonora,0,Estatal,6200001096,Computadoras en las instituciones de las administraciones públicas estatales (escritorio),2012,-,Computadoras
26,Sonora,0,Estatal,6200001096,Computadoras en las instituciones de las administraciones públicas estatales (escritorio),2013,2364,Computadoras
26,Sonora,0,Estatal,6200001096,Computadoras en las instituciones de las administraciones públicas estatales (escritorio),2014,-,Computadoras
26,Sonora,0,Estatal,6200001097,Computadoras en las instituciones de las administraciones públicas estatales (portátiles),2009,16902,Computadoras
26,Sonora,0,Estatal,6200001097,Computadoras en las instituciones de las administraciones públicas estatales (portátiles),2010,5106,Computadoras
26,Sonora,0,Estatal,6200001097,Computadoras en las instituciones de las administraciones públicas estatales (portátiles),2011,4835,Computadoras
26,Sonora,0,Estatal,6200001097,Computadoras en las instituciones de las administraciones públicas estatales (portátiles),2012,-,Computadoras
26,Sonora,0,Estatal,6200001097,Computadoras en las instituciones de las administraciones públicas estatales (portátiles),2013,354,Computadoras
26,Sonora,0,Estatal,6200001097,Computadoras en las instituciones de las administraciones públicas estatales (portátiles),2014,-,Computadoras
26,Sonora,0,Estatal,6200001098,Bienes inmuebles en las instituciones de las administraciones públicas estatales,2009,3438,Bienes inmuebles
26,Sonora,0,Estatal,6200001098,Bienes inmuebles en las instituciones de las administraciones públicas estatales,2010,3412,Bienes inmuebles
26,Sonora,0,Estatal,6200001098,Bienes inmuebles en las instituciones de las administraciones públicas estatales,2011,3414,Bienes inmuebles
26,Sonora,0,Estatal,6200001098,Bienes inmuebles en las instituciones de las administraciones públicas estatales,2012,12523,Bienes inmuebles
26,Sonora,0,Estatal,6200001098,Bienes inmuebles en las instituciones de las administraciones públicas estatales,2013,13132,Bienes inmuebles
26,Sonora,0,Estatal,6200001098,Bienes inmuebles en las instituciones de las administraciones públicas estatales,2014,3254,Bienes inmuebles
26,Sonora,0,Estatal,6200001098,Bienes inmuebles en las instituciones de las administraciones públicas estatales,2015,11128,Bienes inmuebles
26,Sonora,0,Estatal,6200001099,Bienes inmuebles en las instituciones de las administraciones públicas estatales (otros),2009,0,Bienes inmuebles
26,Sonora,0,Estatal,6200001099,Bienes inmuebles en las instituciones de las administraciones públicas estatales (otros),2010,0,Bienes inmuebles
26,Sonora,0,Estatal,6200001099,Bienes inmuebles en las instituciones de las administraciones públicas estatales (otros),2011,-,Bienes inmuebles
26,Sonora,0,Estatal,6200001099,Bienes inmuebles en las instituciones de las administraciones públicas estatales (otros),2012,-,Bienes inmuebles
26,Sonora,0,Estatal,6200001099,Bienes inmuebles en las instituciones de las administraciones públicas estatales (otros),2013,0,Bienes inmuebles
26,Sonora,0,Estatal,6200001099,Bienes inmuebles en las instituciones de las administraciones públicas estatales (otros),2014,0,Bienes inmuebles
26,Sonora,0,Estatal,6200001099,Bienes inmuebles en las instituciones de las administraciones públicas estatales (otros),2015,-,Bienes inmuebles
26,Sonora,0,Estatal,6200001100,Bienes inmuebles en las instituciones de las administraciones públicas estatales (propios),2009,3397,Bienes inmuebles
26,Sonora,0,Estatal,6200001100,Bienes inmuebles en las instituciones de las administraciones públicas estatales (propios),2010,3371,Bienes inmuebles
26,Sonora,0,Estatal,6200001100,Bienes inmuebles en las instituciones de las administraciones públicas estatales (propios),2011,3371,Bienes inmuebles
26,Sonora,0,Estatal,6200001100,Bienes inmuebles en las instituciones de las administraciones públicas estatales (propios),2012,-,Bienes inmuebles
26,Sonora,0,Estatal,6200001100,Bienes inmuebles en las instituciones de las administraciones públicas estatales (propios),2013,12961,Bienes inmuebles
26,Sonora,0,Estatal,6200001100,Bienes inmuebles en las instituciones de las administraciones públicas estatales (propios),2014,3198,Bienes inmuebles
26,Sonora,0,Estatal,6200001100,Bienes inmuebles en las instituciones de las administraciones públicas estatales (propios),2015,11128,Bienes inmuebles
26,Sonora,0,Estatal,6200001101,Bienes inmuebles en las instituciones de las administraciones públicas estatales (rentados),2009,41,Bienes inmuebles
26,Sonora,0,Estatal,6200001101,Bienes inmuebles en las instituciones de las administraciones públicas estatales (rentados),2010,41,Bienes inmuebles
26,Sonora,0,Estatal,6200001101,Bienes inmuebles en las instituciones de las administraciones públicas estatales (rentados),2011,43,Bienes inmuebles
26,Sonora,0,Estatal,6200001101,Bienes inmuebles en las instituciones de las administraciones públicas estatales (rentados),2012,-,Bienes inmuebles
26,Sonora,0,Estatal,6200001101,Bienes inmuebles en las instituciones de las administraciones públicas estatales (rentados),2013,171,Bienes inmuebles
26,Sonora,0,Estatal,6200001101,Bienes inmuebles en las instituciones de las administraciones públicas estatales (rentados),2014,56,Bienes inmuebles
26,Sonora,0,Estatal,6200001101,Bienes inmuebles en las instituciones de las administraciones públicas estatales (rentados),2015,-,Bienes inmuebles
26,Sonora,0,Estatal,6200001136,Intervenciones registradas por la policía estatal,2009,399,Intervenciones
26,Sonora,0,Estatal,6200001136,Intervenciones registradas por la policía estatal,2010,138,Intervenciones
26,Sonora,0,Estatal,6200001136,Intervenciones registradas por la policía estatal,2011,649,Intervenciones
26,Sonora,0,Estatal,6200001136,Intervenciones registradas por la policía estatal,2012,1732,Intervenciones
26,Sonora,0,Estatal,6200001136,Intervenciones registradas por la policía estatal,2013,2871,Intervenciones
26,Sonora,0,Estatal,6200001136,Intervenciones registradas por la policía estatal,2014,1833,Intervenciones
26,Sonora,0,Estatal,6200001136,Intervenciones registradas por la policía estatal,2015,1365,Intervenciones
26,Sonora,0,Estatal,6200001141,Personal destinado a funciones de seguridad pública estatal,2009,3032,Personas
26,Sonora,0,Estatal,6200001141,Personal destinado a funciones de seguridad pública estatal,2010,2739,Personas
26,Sonora,0,Estatal,6200001141,Personal destinado a funciones de seguridad pública estatal,2011,5501,Personas
26,Sonora,0,Estatal,6200001141,Personal destinado a funciones de seguridad pública estatal,2012,936,Personas
26,Sonora,0,Estatal,6200001141,Personal destinado a funciones de seguridad pública estatal,2013,921,Personas
26,Sonora,0,Estatal,6200001141,Personal destinado a funciones de seguridad pública estatal,2014,891,Personas
26,Sonora,0,Estatal,6200001141,Personal destinado a funciones de seguridad pública estatal,2015,819,Personas
26,Sonora,0,Estatal,6200001142,Personal destinado a funciones de seguridad pública estatal (hombres),2009,2142,Personas
26,Sonora,0,Estatal,6200001142,Personal destinado a funciones de seguridad pública estatal (hombres),2010,1917,Personas
26,Sonora,0,Estatal,6200001142,Personal destinado a funciones de seguridad pública estatal (hombres),2011,3729,Personas
26,Sonora,0,Estatal,6200001142,Personal destinado a funciones de seguridad pública estatal (hombres),2012,730,Personas
26,Sonora,0,Estatal,6200001142,Personal destinado a funciones de seguridad pública estatal (hombres),2013,748,Personas
26,Sonora,0,Estatal,6200001142,Personal destinado a funciones de seguridad pública estatal (hombres),2014,730,Personas
26,Sonora,0,Estatal,6200001142,Personal destinado a funciones de seguridad pública estatal (hombres),2015,688,Personas
26,Sonora,0,Estatal,6200001143,Personal destinado a funciones de seguridad pública estatal (mujeres),2009,890,Personas
26,Sonora,0,Estatal,6200001143,Personal destinado a funciones de seguridad pública estatal (mujeres),2010,822,Personas
26,Sonora,0,Estatal,6200001143,Personal destinado a funciones de seguridad pública estatal (mujeres),2011,1772,Personas
26,Sonora,0,Estatal,6200001143,Personal destinado a funciones de seguridad pública estatal (mujeres),2012,206,Personas
26,Sonora,0,Estatal,6200001143,Personal destinado a funciones de seguridad pública estatal (mujeres),2013,173,Personas
26,Sonora,0,Estatal,6200001143,Personal destinado a funciones de seguridad pública estatal (mujeres),2014,161,Personas
26,Sonora,0,Estatal,6200001143,Personal destinado a funciones de seguridad pública estatal (mujeres),2015,131,Personas
26,Sonora,0,Estatal,6200001144,Personal destinado a funciones de seguridad pública estatal (nivel intermedio de jerarquía),2009,0,Personas
26,Sonora,0,Estatal,6200001144,Personal destinado a funciones de seguridad pública estatal (nivel intermedio de jerarquía),2010,38,Personas
26,Sonora,0,Estatal,6200001144,Personal destinado a funciones de seguridad pública estatal (nivel intermedio de jerarquía),2011,370,Personas
26,Sonora,0,Estatal,6200001144,Personal destinado a funciones de seguridad pública estatal (nivel intermedio de jerarquía),2012,19,Personas
26,Sonora,0,Estatal,6200001144,Personal destinado a funciones de seguridad pública estatal (nivel intermedio de jerarquía),2013,457,Personas
26,Sonora,0,Estatal,6200001144,Personal destinado a funciones de seguridad pública estatal (nivel intermedio de jerarquía),2014,483,Personas
26,Sonora,0,Estatal,6200001144,Personal destinado a funciones de seguridad pública estatal (nivel intermedio de jerarquía),2015,61,Personas
26,Sonora,0,Estatal,6200001145,Personal destinado a funciones de seguridad pública estatal (nivel operativo de jerarquía),2009,1837,Personas
26,Sonora,0,Estatal,6200001145,Personal destinado a funciones de seguridad pública estatal (nivel operativo de jerarquía),2010,10,Personas
26,Sonora,0,Estatal,6200001145,Personal destinado a funciones de seguridad pública estatal (nivel operativo de jerarquía),2011,3433,Personas
26,Sonora,0,Estatal,6200001145,Personal destinado a funciones de seguridad pública estatal (nivel operativo de jerarquía),2012,3,Personas
26,Sonora,0,Estatal,6200001145,Personal destinado a funciones de seguridad pública estatal (nivel operativo de jerarquía),2013,427,Personas
26,Sonora,0,Estatal,6200001145,Personal destinado a funciones de seguridad pública estatal (nivel operativo de jerarquía),2014,29,Personas
26,Sonora,0,Estatal,6200001145,Personal destinado a funciones de seguridad pública estatal (nivel operativo de jerarquía),2015,757,Personas
26,Sonora,0,Estatal,6200001146,Personal destinado a funciones de seguridad pública estatal (personal administrativo),2009,1195,Personas
26,Sonora,0,Estatal,6200001146,Personal destinado a funciones de seguridad pública estatal (personal administrativo),2010,2304,Personas
26,Sonora,0,Estatal,6200001146,Personal destinado a funciones de seguridad pública estatal (personal administrativo),2011,1649,Personas
26,Sonora,0,Estatal,6200001146,Personal destinado a funciones de seguridad pública estatal (personal administrativo),2012,31,Personas
26,Sonora,0,Estatal,6200001146,Personal destinado a funciones de seguridad pública estatal (personal administrativo),2013,-,Personas
26,Sonora,0,Estatal,6200001146,Personal destinado a funciones de seguridad pública estatal (personal administrativo),2014,33,Personas
26,Sonora,0,Estatal,6200001146,Personal destinado a funciones de seguridad pública estatal (personal administrativo),2015,0,Personas
26,Sonora,0,Estatal,6200001147,Personal destinado a funciones de seguridad pública estatal (primer nivel jerárquico),2009,0,Personas
26,Sonora,0,Estatal,6200001147,Personal destinado a funciones de seguridad pública estatal (primer nivel jerárquico),2010,387,Personas
26,Sonora,0,Estatal,6200001147,Personal destinado a funciones de seguridad pública estatal (primer nivel jerárquico),2011,49,Personas
26,Sonora,0,Estatal,6200001147,Personal destinado a funciones de seguridad pública estatal (primer nivel jerárquico),2012,883,Personas
26,Sonora,0,Estatal,6200001147,Personal destinado a funciones de seguridad pública estatal (primer nivel jerárquico),2013,37,Personas
26,Sonora,0,Estatal,6200001147,Personal destinado a funciones de seguridad pública estatal (primer nivel jerárquico),2014,346,Personas
26,Sonora,0,Estatal,6200001147,Personal destinado a funciones de seguridad pública estatal (primer nivel jerárquico),2015,1,Personas
26,Sonora,0,Estatal,6200001148,Empresas de seguridad privada registradas en los gobiernos estatales,2009,80,Empresas
26,Sonora,0,Estatal,6200001148,Empresas de seguridad privada registradas en los gobiernos estatales,2010,99,Empresas
26,Sonora,0,Estatal,6200001148,Empresas de seguridad privada registradas en los gobiernos estatales,2011,119,Empresas
26,Sonora,0,Estatal,6200001148,Empresas de seguridad privada registradas en los gobiernos estatales,2012,130,Empresas
26,Sonora,0,Estatal,6200001148,Empresas de seguridad privada registradas en los gobiernos estatales,2013,130,Empresas
26,Sonora,0,Estatal,6200001148,Empresas de seguridad privada registradas en los gobiernos estatales,2014,136,Empresas
26,Sonora,0,Estatal,6200001148,Empresas de seguridad privada registradas en los gobiernos estatales,2015,152,Empresas
26,Sonora,0,Estatal,6200001149,Personas ingresadas a los centros penitenciarios estatales,2009,13349,Personas
26,Sonora,0,Estatal,6200001149,Personas ingresadas a los centros penitenciarios estatales,2010,12619,Personas
26,Sonora,0,Estatal,6200001149,Personas ingresadas a los centros penitenciarios estatales,2011,13185,Personas
26,Sonora,0,Estatal,6200001149,Personas ingresadas a los centros penitenciarios estatales,2012,15271,Personas
26,Sonora,0,Estatal,6200001149,Personas ingresadas a los centros penitenciarios estatales,2013,14035,Personas
26,Sonora,0,Estatal,6200001149,Personas ingresadas a los centros penitenciarios estatales,2014,10920,Personas
26,Sonora,0,Estatal,6200001149,Personas ingresadas a los centros penitenciarios estatales,2015,10156,Personas
26,Sonora,0,Estatal,6200001150,Personas ingresadas a los centros penitenciarios estatales por presuntos delitos del fuero común,2009,10087,Personas
26,Sonora,0,Estatal,6200001150,Personas ingresadas a los centros penitenciarios estatales por presuntos delitos del fuero común,2010,9790,Personas
26,Sonora,0,Estatal,6200001150,Personas ingresadas a los centros penitenciarios estatales por presuntos delitos del fuero común,2011,9853,Personas
26,Sonora,0,Estatal,6200001150,Personas ingresadas a los centros penitenciarios estatales por presuntos delitos del fuero común,2012,12633,Personas
26,Sonora,0,Estatal,6200001150,Personas ingresadas a los centros penitenciarios estatales por presuntos delitos del fuero común,2013,13244,Personas
26,Sonora,0,Estatal,6200001150,Personas ingresadas a los centros penitenciarios estatales por presuntos delitos del fuero común,2015,9659,Personas
26,Sonora,0,Estatal,6200001151,Personas ingresadas a los centros penitenciarios estatales por presuntos delitos del fuero federal,2009,3262,Personas
26,Sonora,0,Estatal,6200001151,Personas ingresadas a los centros penitenciarios estatales por presuntos delitos del fuero federal,2010,2829,Personas
26,Sonora,0,Estatal,6200001151,Personas ingresadas a los centros penitenciarios estatales por presuntos delitos del fuero federal,2011,3332,Personas
26,Sonora,0,Estatal,6200001151,Personas ingresadas a los centros penitenciarios estatales por presuntos delitos del fuero federal,2012,2638,Personas
26,Sonora,0,Estatal,6200001151,Personas ingresadas a los centros penitenciarios estatales por presuntos delitos del fuero federal,2013,791,Personas
26,Sonora,0,Estatal,6200001151,Personas ingresadas a los centros penitenciarios estatales por presuntos delitos del fuero federal,2015,495,Personas
26,Sonora,0,Estatal,6200001152,Personas egresadas de los centros penitenciarios estatales,2009,11637,Personas
26,Sonora,0,Estatal,6200001152,Personas egresadas de los centros penitenciarios estatales,2010,12321,Personas
26,Sonora,0,Estatal,6200001152,Personas egresadas de los centros penitenciarios estatales,2011,13364,Personas
26,Sonora,0,Estatal,6200001152,Personas egresadas de los centros penitenciarios estatales,2012,14890,Personas
26,Sonora,0,Estatal,6200001152,Personas egresadas de los centros penitenciarios estatales,2013,14161,Personas
26,Sonora,0,Estatal,6200001152,Personas egresadas de los centros penitenciarios estatales,2014,11761,Personas
26,Sonora,0,Estatal,6200001152,Personas egresadas de los centros penitenciarios estatales,2015,10883,Personas
26,Sonora,0,Estatal,6200001153,Personas egresadas de los centros penitenciarios estatales por presuntos delitos del fuero común,2009,8545,Personas
26,Sonora,0,Estatal,6200001153,Personas egresadas de los centros penitenciarios estatales por presuntos delitos del fuero común,2010,8817,Personas
26,Sonora,0,Estatal,6200001153,Personas egresadas de los centros penitenciarios estatales por presuntos delitos del fuero común,2011,9874,Personas
26,Sonora,0,Estatal,6200001153,Personas egresadas de los centros penitenciarios estatales por presuntos delitos del fuero común,2012,11778,Personas
26,Sonora,0,Estatal,6200001153,Personas egresadas de los centros penitenciarios estatales por presuntos delitos del fuero común,2013,12817,Personas
26,Sonora,0,Estatal,6200001153,Personas egresadas de los centros penitenciarios estatales por presuntos delitos del fuero común,2015,10078,Personas
26,Sonora,0,Estatal,6200001154,Personas egresadas de los centros penitenciarios estatales por presuntos delitos del fuero federal,2009,3092,Personas
26,Sonora,0,Estatal,6200001154,Personas egresadas de los centros penitenciarios estatales por presuntos delitos del fuero federal,2010,3504,Personas
26,Sonora,0,Estatal,6200001154,Personas egresadas de los centros penitenciarios estatales por presuntos delitos del fuero federal,2011,3490,Personas
26,Sonora,0,Estatal,6200001154,Personas egresadas de los centros penitenciarios estatales por presuntos delitos del fuero federal,2012,3112,Personas
26,Sonora,0,Estatal,6200001154,Personas egresadas de los centros penitenciarios estatales por presuntos delitos del fuero federal,2013,1344,Personas
26,Sonora,0,Estatal,6200001154,Personas egresadas de los centros penitenciarios estatales por presuntos delitos del fuero federal,2015,805,Personas
26,Sonora,0,Estatal,6200001155,Personas reclusas en los centros penitenciarios estatales al cierre del año,2009,13757,Personas
26,Sonora,0,Estatal,6200001155,Personas reclusas en los centros penitenciarios estatales al cierre del año,2010,8703,Personas
26,Sonora,0,Estatal,6200001155,Personas reclusas en los centros penitenciarios estatales al cierre del año,2011,11660,Personas
26,Sonora,0,Estatal,6200001155,Personas reclusas en los centros penitenciarios estatales al cierre del año,2012,12084,Personas
26,Sonora,0,Estatal,6200001155,Personas reclusas en los centros penitenciarios estatales al cierre del año,2013,12128,Personas
26,Sonora,0,Estatal,6200001155,Personas reclusas en los centros penitenciarios estatales al cierre del año,2014,11373,Personas
26,Sonora,0,Estatal,6200001155,Personas reclusas en los centros penitenciarios estatales al cierre del año,2015,10688,Personas
26,Sonora,0,Estatal,6200001156,Personas reclusas en los centros penitenciarios estatales al cierre del año por presuntos delitos del fuero común,2009,9519,Personas
26,Sonora,0,Estatal,6200001156,Personas reclusas en los centros penitenciarios estatales al cierre del año por presuntos delitos del fuero común,2010,6465,Personas
26,Sonora,0,Estatal,6200001156,Personas reclusas en los centros penitenciarios estatales al cierre del año por presuntos delitos del fuero común,2011,8075,Personas
26,Sonora,0,Estatal,6200001156,Personas reclusas en los centros penitenciarios estatales al cierre del año por presuntos delitos del fuero común,2012,10008,Personas
26,Sonora,0,Estatal,6200001156,Personas reclusas en los centros penitenciarios estatales al cierre del año por presuntos delitos del fuero común,2013,10436,Personas
26,Sonora,0,Estatal,6200001156,Personas reclusas en los centros penitenciarios estatales al cierre del año por presuntos delitos del fuero común,2015,9980,Personas
26,Sonora,0,Estatal,6200001157,Personas reclusas en los centros penitenciarios estatales al cierre del año por presuntos delitos del fuero federal,2009,4238,Personas
26,Sonora,0,Estatal,6200001157,Personas reclusas en los centros penitenciarios estatales al cierre del año por presuntos delitos del fuero federal,2010,2238,Personas
26,Sonora,0,Estatal,6200001157,Personas reclusas en los centros penitenciarios estatales al cierre del año por presuntos delitos del fuero federal,2011,3585,Personas
26,Sonora,0,Estatal,6200001157,Personas reclusas en los centros penitenciarios estatales al cierre del año por presuntos delitos del fuero federal,2012,2076,Personas
26,Sonora,0,Estatal,6200001157,Personas reclusas en los centros penitenciarios estatales al cierre del año por presuntos delitos del fuero federal,2013,1692,Personas
26,Sonora,0,Estatal,6200001157,Personas reclusas en los centros penitenciarios estatales al cierre del año por presuntos delitos del fuero federal,2015,704,Personas
26,Sonora,0,Estatal,6200001158,Personal en los centros penitenciarios estatales,2009,2613,Personas
26,Sonora,0,Estatal,6200001158,Personal en los centros penitenciarios estatales,2010,1452,Personas
26,Sonora,0,Estatal,6200001158,Personal en los centros penitenciarios estatales,2011,1438,Personas
26,Sonora,0,Estatal,6200001158,Personal en los centros penitenciarios estatales,2012,1379,Personas
26,Sonora,0,Estatal,6200001158,Personal en los centros penitenciarios estatales,2013,1375,Personas
26,Sonora,0,Estatal,6200001158,Personal en los centros penitenciarios estatales,2014,1355,Personas
26,Sonora,0,Estatal,6200001158,Personal en los centros penitenciarios estatales,2015,1285,Personas
26,Sonora,0,Estatal,6200001159,"Personal en los centros penitenciarios estatales (custodios y/o vigilantes, nivel intermedio de jerarquía)",2009,80,Personas
26,Sonora,0,Estatal,6200001159,"Personal en los centros penitenciarios estatales (custodios y/o vigilantes, nivel intermedio de jerarquía)",2010,174,Personas
26,Sonora,0,Estatal,6200001159,"Personal en los centros penitenciarios estatales (custodios y/o vigilantes, nivel intermedio de jerarquía)",2011,160,Personas
26,Sonora,0,Estatal,6200001159,"Personal en los centros penitenciarios estatales (custodios y/o vigilantes, nivel intermedio de jerarquía)",2012,138,Personas
26,Sonora,0,Estatal,6200001159,"Personal en los centros penitenciarios estatales (custodios y/o vigilantes, nivel intermedio de jerarquía)",2013,131,Personas
26,Sonora,0,Estatal,6200001159,"Personal en los centros penitenciarios estatales (custodios y/o vigilantes, nivel intermedio de jerarquía)",2014,112,Personas
26,Sonora,0,Estatal,6200001159,"Personal en los centros penitenciarios estatales (custodios y/o vigilantes, nivel intermedio de jerarquía)",2015,36,Personas
26,Sonora,0,Estatal,6200001160,"Personal en los centros penitenciarios estatales (custodios y/o vigilantes, nivel operativo de jerarquía)",2009,893,Personas
26,Sonora,0,Estatal,6200001160,"Personal en los centros penitenciarios estatales (custodios y/o vigilantes, nivel operativo de jerarquía)",2010,674,Personas
26,Sonora,0,Estatal,6200001160,"Personal en los centros penitenciarios estatales (custodios y/o vigilantes, nivel operativo de jerarquía)",2011,743,Personas
26,Sonora,0,Estatal,6200001160,"Personal en los centros penitenciarios estatales (custodios y/o vigilantes, nivel operativo de jerarquía)",2012,716,Personas
26,Sonora,0,Estatal,6200001160,"Personal en los centros penitenciarios estatales (custodios y/o vigilantes, nivel operativo de jerarquía)",2013,722,Personas
26,Sonora,0,Estatal,6200001160,"Personal en los centros penitenciarios estatales (custodios y/o vigilantes, nivel operativo de jerarquía)",2014,704,Personas
26,Sonora,0,Estatal,6200001160,"Personal en los centros penitenciarios estatales (custodios y/o vigilantes, nivel operativo de jerarquía)",2015,716,Personas
26,Sonora,0,Estatal,6200001161,"Personal en los centros penitenciarios estatales (custodios y/o vigilantes, primer nivel jerárquico)",2009,26,Personas
26,Sonora,0,Estatal,6200001161,"Personal en los centros penitenciarios estatales (custodios y/o vigilantes, primer nivel jerárquico)",2010,17,Personas
26,Sonora,0,Estatal,6200001161,"Personal en los centros penitenciarios estatales (custodios y/o vigilantes, primer nivel jerárquico)",2011,20,Personas
26,Sonora,0,Estatal,6200001161,"Personal en los centros penitenciarios estatales (custodios y/o vigilantes, primer nivel jerárquico)",2012,13,Personas
26,Sonora,0,Estatal,6200001161,"Personal en los centros penitenciarios estatales (custodios y/o vigilantes, primer nivel jerárquico)",2013,13,Personas
26,Sonora,0,Estatal,6200001161,"Personal en los centros penitenciarios estatales (custodios y/o vigilantes, primer nivel jerárquico)",2014,13,Personas
26,Sonora,0,Estatal,6200001161,"Personal en los centros penitenciarios estatales (custodios y/o vigilantes, primer nivel jerárquico)",2015,17,Personas
26,Sonora,0,Estatal,6200001162,"Personal en los centros penitenciarios estatales (directivo, de administración y/u operación)",2009,1614,Personas
26,Sonora,0,Estatal,6200001162,"Personal en los centros penitenciarios estatales (directivo, de administración y/u operación)",2010,520,Personas
26,Sonora,0,Estatal,6200001162,"Personal en los centros penitenciarios estatales (directivo, de administración y/u operación)",2011,434,Personas
26,Sonora,0,Estatal,6200001162,"Personal en los centros penitenciarios estatales (directivo, de administración y/u operación)",2012,352,Personas
26,Sonora,0,Estatal,6200001162,"Personal en los centros penitenciarios estatales (directivo, de administración y/u operación)",2013,447,Personas
26,Sonora,0,Estatal,6200001162,"Personal en los centros penitenciarios estatales (directivo, de administración y/u operación)",2014,469,Personas
26,Sonora,0,Estatal,6200001162,"Personal en los centros penitenciarios estatales (directivo, de administración y/u operación)",2015,95,Personas
26,Sonora,0,Estatal,6200001163,Personal en los centros penitenciarios estatales (hombres),2009,2046,Personas
26,Sonora,0,Estatal,6200001163,Personal en los centros penitenciarios estatales (hombres),2010,1074,Personas
26,Sonora,0,Estatal,6200001163,Personal en los centros penitenciarios estatales (hombres),2011,1063,Personas
26,Sonora,0,Estatal,6200001163,Personal en los centros penitenciarios estatales (hombres),2012,1008,Personas
26,Sonora,0,Estatal,6200001163,Personal en los centros penitenciarios estatales (hombres),2013,997,Personas
26,Sonora,0,Estatal,6200001163,Personal en los centros penitenciarios estatales (hombres),2014,973,Personas
26,Sonora,0,Estatal,6200001163,Personal en los centros penitenciarios estatales (hombres),2015,912,Personas
26,Sonora,0,Estatal,6200001164,Personal en los centros penitenciarios estatales (mujeres),2009,567,Personas
26,Sonora,0,Estatal,6200001164,Personal en los centros penitenciarios estatales (mujeres),2010,378,Personas
26,Sonora,0,Estatal,6200001164,Personal en los centros penitenciarios estatales (mujeres),2011,375,Personas
26,Sonora,0,Estatal,6200001164,Personal en los centros penitenciarios estatales (mujeres),2012,371,Personas
26,Sonora,0,Estatal,6200001164,Personal en los centros penitenciarios estatales (mujeres),2013,378,Personas
26,Sonora,0,Estatal,6200001164,Personal en los centros penitenciarios estatales (mujeres),2014,382,Personas
26,Sonora,0,Estatal,6200001164,Personal en los centros penitenciarios estatales (mujeres),2015,373,Personas
26,Sonora,0,Estatal,6200001165,Personal en los centros penitenciarios estatales (personal apoyo),2009,0,Personas
26,Sonora,0,Estatal,6200001165,Personal en los centros penitenciarios estatales (personal apoyo),2010,67,Personas
26,Sonora,0,Estatal,6200001165,Personal en los centros penitenciarios estatales (personal apoyo),2011,81,Personas
26,Sonora,0,Estatal,6200001165,Personal en los centros penitenciarios estatales (personal apoyo),2012,160,Personas
26,Sonora,0,Estatal,6200001165,Personal en los centros penitenciarios estatales (personal apoyo),2013,62,Personas
26,Sonora,0,Estatal,6200001165,Personal en los centros penitenciarios estatales (personal apoyo),2014,57,Personas
26,Sonora,0,Estatal,6200001165,Personal en los centros penitenciarios estatales (personal apoyo),2015,197,Personas
26,Sonora,0,Estatal,6200002068,Capacidad instalada en los centros penitenciarios estatales,2010,7880,Camas útiles
26,Sonora,0,Estatal,6200002068,Capacidad instalada en los centros penitenciarios estatales,2011,7880,Camas útiles
26,Sonora,0,Estatal,6200002068,Capacidad instalada en los centros penitenciarios estatales,2012,7592,Camas útiles
26,Sonora,0,Estatal,6200002068,Capacidad instalada en los centros penitenciarios estatales,2013,7592,Camas útiles
26,Sonora,0,Estatal,6200002068,Capacidad instalada en los centros penitenciarios estatales,2014,7592,Camas útiles
26,Sonora,0,Estatal,6200002068,Capacidad instalada en los centros penitenciarios estatales,2015,7848,Camas útiles
26,Sonora,0,Estatal,6200002069,Capacidad instalada en los centros penitenciarios estatales para hombres (camas útiles),2010,2683,Camas útiles
26,Sonora,0,Estatal,6200002069,Capacidad instalada en los centros penitenciarios estatales para hombres (camas útiles),2011,2683,Camas útiles
26,Sonora,0,Estatal,6200002069,Capacidad instalada en los centros penitenciarios estatales para hombres (camas útiles),2012,1480,Camas útiles
26,Sonora,0,Estatal,6200002070,Capacidad instalada en los centros penitenciarios estatales mixtos (camas útiles),2010,5055,Camas útiles
26,Sonora,0,Estatal,6200002070,Capacidad instalada en los centros penitenciarios estatales mixtos (camas útiles),2011,5055,Camas útiles
26,Sonora,0,Estatal,6200002070,Capacidad instalada en los centros penitenciarios estatales mixtos (camas útiles),2012,5923,Camas útiles
26,Sonora,0,Estatal,6200002071,Capacidad instalada en los centros penitenciarios estatales para mujeres (camas útiles),2010,142,Camas útiles
26,Sonora,0,Estatal,6200002071,Capacidad instalada en los centros penitenciarios estatales para mujeres (camas útiles),2011,142,Camas útiles
26,Sonora,0,Estatal,6200002071,Capacidad instalada en los centros penitenciarios estatales para mujeres (camas útiles),2012,189,Camas útiles
26,Sonora,0,Estatal,6200002072,Capacidad instalada en los centros estatales de tratamiento para adolescentes (camas útiles),2010,496,Camas útiles
26,Sonora,0,Estatal,6200002072,Capacidad instalada en los centros estatales de tratamiento para adolescentes (camas útiles),2011,499,Camas útiles
26,Sonora,0,Estatal,6200002072,Capacidad instalada en los centros estatales de tratamiento para adolescentes (camas útiles),2012,553,Camas útiles
26,Sonora,0,Estatal,6200002072,Capacidad instalada en los centros estatales de tratamiento para adolescentes (camas útiles),2013,482,Camas útiles
26,Sonora,0,Estatal,6200002072,Capacidad instalada en los centros estatales de tratamiento para adolescentes (camas útiles),2014,507,Camas útiles
26,Sonora,0,Estatal,6200002072,Capacidad instalada en los centros estatales de tratamiento para adolescentes (camas útiles),2015,628,Camas útiles
26,Sonora,0,Estatal,6200002073,Personal en los centros estatales de tratamiento para adolescentes (custodios y/o vigilantes de nivel intermedio de jerarquía),2009,15,Personas
26,Sonora,0,Estatal,6200002073,Personal en los centros estatales de tratamiento para adolescentes (custodios y/o vigilantes de nivel intermedio de jerarquía),2010,15,Personas
26,Sonora,0,Estatal,6200002073,Personal en los centros estatales de tratamiento para adolescentes (custodios y/o vigilantes de nivel intermedio de jerarquía),2011,2,Personas
26,Sonora,0,Estatal,6200002073,Personal en los centros estatales de tratamiento para adolescentes (custodios y/o vigilantes de nivel intermedio de jerarquía),2012,13,Personas
26,Sonora,0,Estatal,6200002073,Personal en los centros estatales de tratamiento para adolescentes (custodios y/o vigilantes de nivel intermedio de jerarquía),2013,15,Personas
26,Sonora,0,Estatal,6200002073,Personal en los centros estatales de tratamiento para adolescentes (custodios y/o vigilantes de nivel intermedio de jerarquía),2014,10,Personas
26,Sonora,0,Estatal,6200002074,Personal en los centros estatales de tratamiento para adolescentes (custodios y/o vigilantes de nivel operativo de jerarquía),2009,97,Personas
26,Sonora,0,Estatal,6200002074,Personal en los centros estatales de tratamiento para adolescentes (custodios y/o vigilantes de nivel operativo de jerarquía),2010,107,Personas
26,Sonora,0,Estatal,6200002074,Personal en los centros estatales de tratamiento para adolescentes (custodios y/o vigilantes de nivel operativo de jerarquía),2011,114,Personas
26,Sonora,0,Estatal,6200002074,Personal en los centros estatales de tratamiento para adolescentes (custodios y/o vigilantes de nivel operativo de jerarquía),2012,116,Personas
26,Sonora,0,Estatal,6200002074,Personal en los centros estatales de tratamiento para adolescentes (custodios y/o vigilantes de nivel operativo de jerarquía),2013,104,Personas
26,Sonora,0,Estatal,6200002074,Personal en los centros estatales de tratamiento para adolescentes (custodios y/o vigilantes de nivel operativo de jerarquía),2014,102,Personas
26,Sonora,0,Estatal,6200002074,Personal en los centros estatales de tratamiento para adolescentes (custodios y/o vigilantes de nivel operativo de jerarquía),2015,92,Personas
26,Sonora,0,Estatal,6200002075,Personal en los centros estatales de tratamiento para adolescentes (custodios y/o vigilantes de primer nivel jerárquico),2009,5,Personas
26,Sonora,0,Estatal,6200002075,Personal en los centros estatales de tratamiento para adolescentes (custodios y/o vigilantes de primer nivel jerárquico),2010,5,Personas
26,Sonora,0,Estatal,6200002075,Personal en los centros estatales de tratamiento para adolescentes (custodios y/o vigilantes de primer nivel jerárquico),2011,2,Personas
26,Sonora,0,Estatal,6200002075,Personal en los centros estatales de tratamiento para adolescentes (custodios y/o vigilantes de primer nivel jerárquico),2012,4,Personas
26,Sonora,0,Estatal,6200002075,Personal en los centros estatales de tratamiento para adolescentes (custodios y/o vigilantes de primer nivel jerárquico),2013,5,Personas
26,Sonora,0,Estatal,6200002075,Personal en los centros estatales de tratamiento para adolescentes (custodios y/o vigilantes de primer nivel jerárquico),2014,5,Personas
26,Sonora,0,Estatal,6200002075,Personal en los centros estatales de tratamiento para adolescentes (custodios y/o vigilantes de primer nivel jerárquico),2015,7,Personas
26,Sonora,0,Estatal,6200002076,Personal en los centros estatales de tratamiento para adolescentes (de apoyo),2009,21,Personas
26,Sonora,0,Estatal,6200002076,Personal en los centros estatales de tratamiento para adolescentes (de apoyo),2010,31,Personas
26,Sonora,0,Estatal,6200002076,Personal en los centros estatales de tratamiento para adolescentes (de apoyo),2011,0,Personas
26,Sonora,0,Estatal,6200002076,Personal en los centros estatales de tratamiento para adolescentes (de apoyo),2012,24,Personas
26,Sonora,0,Estatal,6200002076,Personal en los centros estatales de tratamiento para adolescentes (de apoyo),2013,26,Personas
26,Sonora,0,Estatal,6200002076,Personal en los centros estatales de tratamiento para adolescentes (de apoyo),2014,158,Personas
26,Sonora,0,Estatal,6200002076,Personal en los centros estatales de tratamiento para adolescentes (de apoyo),2015,0,Personas
26,Sonora,0,Estatal,6200002077,"Personal en los centros estatales de tratamiento para adolescentes (directivo, de administración u operación)",2009,71,Personas
26,Sonora,0,Estatal,6200002077,"Personal en los centros estatales de tratamiento para adolescentes (directivo, de administración u operación)",2010,152,Personas
26,Sonora,0,Estatal,6200002077,"Personal en los centros estatales de tratamiento para adolescentes (directivo, de administración u operación)",2011,182,Personas
26,Sonora,0,Estatal,6200002077,"Personal en los centros estatales de tratamiento para adolescentes (directivo, de administración u operación)",2012,62,Personas
26,Sonora,0,Estatal,6200002077,"Personal en los centros estatales de tratamiento para adolescentes (directivo, de administración u operación)",2013,71,Personas
26,Sonora,0,Estatal,6200002077,"Personal en los centros estatales de tratamiento para adolescentes (directivo, de administración u operación)",2014,44,Personas
26,Sonora,0,Estatal,6200002077,"Personal en los centros estatales de tratamiento para adolescentes (directivo, de administración u operación)",2015,45,Personas
26,Sonora,0,Estatal,6200002078,Personal en los centros estatales de tratamiento para adolescentes (hombres),2009,139,Personas
26,Sonora,0,Estatal,6200002078,Personal en los centros estatales de tratamiento para adolescentes (hombres),2010,174,Personas
26,Sonora,0,Estatal,6200002078,Personal en los centros estatales de tratamiento para adolescentes (hombres),2011,166,Personas
26,Sonora,0,Estatal,6200002078,Personal en los centros estatales de tratamiento para adolescentes (hombres),2012,152,Personas
26,Sonora,0,Estatal,6200002078,Personal en los centros estatales de tratamiento para adolescentes (hombres),2013,143,Personas
26,Sonora,0,Estatal,6200002078,Personal en los centros estatales de tratamiento para adolescentes (hombres),2014,281,Personas
26,Sonora,0,Estatal,6200002078,Personal en los centros estatales de tratamiento para adolescentes (hombres),2015,131,Personas
26,Sonora,0,Estatal,6200002079,Personal en los centros estatales de tratamiento para adolescentes (mujeres),2009,70,Personas
26,Sonora,0,Estatal,6200002079,Personal en los centros estatales de tratamiento para adolescentes (mujeres),2010,136,Personas
26,Sonora,0,Estatal,6200002079,Personal en los centros estatales de tratamiento para adolescentes (mujeres),2011,134,Personas
26,Sonora,0,Estatal,6200002079,Personal en los centros estatales de tratamiento para adolescentes (mujeres),2012,67,Personas
26,Sonora,0,Estatal,6200002079,Personal en los centros estatales de tratamiento para adolescentes (mujeres),2013,78,Personas
26,Sonora,0,Estatal,6200002079,Personal en los centros estatales de tratamiento para adolescentes (mujeres),2014,38,Personas
26,Sonora,0,Estatal,6200002079,Personal en los centros estatales de tratamiento para adolescentes (mujeres),2015,98,Personas
26,Sonora,0,Estatal,6200002080,Personal en las instituciones de las administraciones públicas estatales (Desarrollo económico),2009,307,Personas
26,Sonora,0,Estatal,6200002080,Personal en las instituciones de las administraciones públicas estatales (Desarrollo económico),2010,129,Personas
26,Sonora,0,Estatal,6200002080,Personal en las instituciones de las administraciones públicas estatales (Desarrollo económico),2011,108,Personas
26,Sonora,0,Estatal,6200002080,Personal en las instituciones de las administraciones públicas estatales (Desarrollo económico),2012,291,Personas
26,Sonora,0,Estatal,6200002080,Personal en las instituciones de las administraciones públicas estatales (Desarrollo económico),2013,242,Personas
26,Sonora,0,Estatal,6200002080,Personal en las instituciones de las administraciones públicas estatales (Desarrollo económico),2014,202,Personas
26,Sonora,0,Estatal,6200002081,Personal en las instituciones de las administraciones públicas estatales (Desarrollo social),2009,829,Personas
26,Sonora,0,Estatal,6200002081,Personal en las instituciones de las administraciones públicas estatales (Desarrollo social),2010,179,Personas
26,Sonora,0,Estatal,6200002081,Personal en las instituciones de las administraciones públicas estatales (Desarrollo social),2011,179,Personas
26,Sonora,0,Estatal,6200002081,Personal en las instituciones de las administraciones públicas estatales (Desarrollo social),2012,544,Personas
26,Sonora,0,Estatal,6200002081,Personal en las instituciones de las administraciones públicas estatales (Desarrollo social),2013,207,Personas
26,Sonora,0,Estatal,6200002081,Personal en las instituciones de las administraciones públicas estatales (Desarrollo social),2014,164,Personas
26,Sonora,0,Estatal,6200002081,Personal en las instituciones de las administraciones públicas estatales (Desarrollo social),2015,134,Personas
26,Sonora,0,Estatal,6200002082,"Personal en las instituciones de las administraciones públicas estatales (Educación básica y media superior, cultura y/o ciencia y tecnología)",2009,37580,Personas
26,Sonora,0,Estatal,6200002082,"Personal en las instituciones de las administraciones públicas estatales (Educación básica y media superior, cultura y/o ciencia y tecnología)",2010,29825,Personas
26,Sonora,0,Estatal,6200002083,Personal en las instituciones de las administraciones públicas estatales (Educación superior),2009,1344,Personas
26,Sonora,0,Estatal,6200002083,Personal en las instituciones de las administraciones públicas estatales (Educación superior),2010,NA,Personas
26,Sonora,0,Estatal,6200002083,Personal en las instituciones de las administraciones públicas estatales (Educación superior),2011,-,Personas
26,Sonora,0,Estatal,6200002083,Personal en las instituciones de las administraciones públicas estatales (Educación superior),2012,-,Personas
26,Sonora,0,Estatal,6200002083,Personal en las instituciones de las administraciones públicas estatales (Educación superior),2013,0,Personas
26,Sonora,0,Estatal,6200002083,Personal en las instituciones de las administraciones públicas estatales (Educación superior),2014,107,Personas
26,Sonora,0,Estatal,6200002084,Personal en las instituciones de las administraciones públicas estatales (Gobierno),2009,870,Personas
26,Sonora,0,Estatal,6200002084,Personal en las instituciones de las administraciones públicas estatales (Gobierno),2010,863,Personas
26,Sonora,0,Estatal,6200002084,Personal en las instituciones de las administraciones públicas estatales (Gobierno),2011,703,Personas
26,Sonora,0,Estatal,6200002084,Personal en las instituciones de las administraciones públicas estatales (Gobierno),2012,2492,Personas
26,Sonora,0,Estatal,6200002084,Personal en las instituciones de las administraciones públicas estatales (Gobierno),2013,726,Personas
26,Sonora,0,Estatal,6200002084,Personal en las instituciones de las administraciones públicas estatales (Gobierno),2014,727,Personas
26,Sonora,0,Estatal,6200002085,Personal en las instituciones de las administraciones públicas estatales (Salud),2009,7916,Personas
26,Sonora,0,Estatal,6200002085,Personal en las instituciones de las administraciones públicas estatales (Salud),2010,2284,Personas
26,Sonora,0,Estatal,6200002085,Personal en las instituciones de las administraciones públicas estatales (Salud),2011,2307,Personas
26,Sonora,0,Estatal,6200002085,Personal en las instituciones de las administraciones públicas estatales (Salud),2012,2814,Personas
26,Sonora,0,Estatal,6200002085,Personal en las instituciones de las administraciones públicas estatales (Salud),2013,2758,Personas
26,Sonora,0,Estatal,6200002085,Personal en las instituciones de las administraciones públicas estatales (Salud),2014,2609,Personas
26,Sonora,0,Estatal,6200002086,Personal en las instituciones de las administraciones públicas estatales (Seguridad pública y/o tránsito),2009,2388,Personas
26,Sonora,0,Estatal,6200002086,Personal en las instituciones de las administraciones públicas estatales (Seguridad pública y/o tránsito),2010,2488,Personas
26,Sonora,0,Estatal,6200002086,Personal en las instituciones de las administraciones públicas estatales (Seguridad pública y/o tránsito),2011,2966,Personas
26,Sonora,0,Estatal,6200002086,Personal en las instituciones de las administraciones públicas estatales (Seguridad pública y/o tránsito),2012,3298,Personas
26,Sonora,0,Estatal,6200002086,Personal en las instituciones de las administraciones públicas estatales (Seguridad pública y/o tránsito),2013,3106,Personas
26,Sonora,0,Estatal,6200002086,Personal en las instituciones de las administraciones públicas estatales (Seguridad pública y/o tránsito),2014,3153,Personas
26,Sonora,0,Estatal,6200002087,Personal en las instituciones de las administraciones públicas estatales (Tesorería o finanzas),2009,2098,Personas
26,Sonora,0,Estatal,6200002087,Personal en las instituciones de las administraciones públicas estatales (Tesorería o finanzas),2010,2225,Personas
26,Sonora,0,Estatal,6200002087,Personal en las instituciones de las administraciones públicas estatales (Tesorería o finanzas),2011,2324,Personas
26,Sonora,0,Estatal,6200002087,Personal en las instituciones de las administraciones públicas estatales (Tesorería o finanzas),2012,2269,Personas
26,Sonora,0,Estatal,6200002087,Personal en las instituciones de las administraciones públicas estatales (Tesorería o finanzas),2013,2293,Personas
26,Sonora,0,Estatal,6200002087,Personal en las instituciones de las administraciones públicas estatales (Tesorería o finanzas),2014,2279,Personas
26,Sonora,0,Estatal,6200002166,Personal en las instituciones de las administraciones públicas estatales (Resto de las funciones),2009,6984,Personas
26,Sonora,0,Estatal,6200002166,Personal en las instituciones de las administraciones públicas estatales (Resto de las funciones),2010,4799,Personas
26,Sonora,0,Estatal,6200002166,Personal en las instituciones de las administraciones públicas estatales (Resto de las funciones),2011,5063,Personas
26,Sonora,0,Estatal,6200002166,Personal en las instituciones de las administraciones públicas estatales (Resto de las funciones),2012,5127,Personas
26,Sonora,0,Estatal,6200002166,Personal en las instituciones de las administraciones públicas estatales (Resto de las funciones),2013,6865,Personas
26,Sonora,0,Estatal,6200002166,Personal en las instituciones de las administraciones públicas estatales (Resto de las funciones),2014,5134,Personas
26,Sonora,0,Estatal,6200028808,Servidores públicos de las administraciones públicas estatales sancionados por delitos cometidos con motivo del servicio público (cohecho y/o tráfico de influencias y/o abuso de autoridad y/o concusión y/o enriquecimiento ilícito y/o malversación y/o peculado y/u otro),2010,NA,Personas
26,Sonora,0,Estatal,6200028808,Servidores públicos de las administraciones públicas estatales sancionados por delitos cometidos con motivo del servicio público (cohecho y/o tráfico de influencias y/o abuso de autoridad y/o concusión y/o enriquecimiento ilícito y/o malversación y/o peculado y/u otro),2011,41,Personas
26,Sonora,0,Estatal,6200028808,Servidores públicos de las administraciones públicas estatales sancionados por delitos cometidos con motivo del servicio público (cohecho y/o tráfico de influencias y/o abuso de autoridad y/o concusión y/o enriquecimiento ilícito y/o malversación y/o peculado y/u otro),2012,8,Personas
26,Sonora,0,Estatal,6200028808,Servidores públicos de las administraciones públicas estatales sancionados por delitos cometidos con motivo del servicio público (cohecho y/o tráfico de influencias y/o abuso de autoridad y/o concusión y/o enriquecimiento ilícito y/o malversación y/o peculado y/u otro),2013,NA,Personas
26,Sonora,0,Estatal,6200028808,Servidores públicos de las administraciones públicas estatales sancionados por delitos cometidos con motivo del servicio público (cohecho y/o tráfico de influencias y/o abuso de autoridad y/o concusión y/o enriquecimiento ilícito y/o malversación y/o peculado y/u otro),2014,14,Personas
26,Sonora,0,Estatal,6200028809,Servidores públicos de las administraciones públicas estatales sancionados por otro tipo de conductas cometidas con motivo del servicio público,2010,NA,Personas
26,Sonora,0,Estatal,6200028809,Servidores públicos de las administraciones públicas estatales sancionados por otro tipo de conductas cometidas con motivo del servicio público,2011,38,Personas
26,Sonora,0,Estatal,6200028809,Servidores públicos de las administraciones públicas estatales sancionados por otro tipo de conductas cometidas con motivo del servicio público,2012,NA,Personas
26,Sonora,0,Estatal,6200028809,Servidores públicos de las administraciones públicas estatales sancionados por otro tipo de conductas cometidas con motivo del servicio público,2013,256,Personas
26,Sonora,0,Estatal,6200028809,Servidores públicos de las administraciones públicas estatales sancionados por otro tipo de conductas cometidas con motivo del servicio público,2014,-,Personas
26,Sonora,0,Estatal,6200028896,Servidores públicos de las administraciones públicas estatales sancionados por infracciones cometidas con motivo del servicio público (negligencia administrativa u otra),2010,373,Personas
26,Sonora,0,Estatal,6200028896,Servidores públicos de las administraciones públicas estatales sancionados por infracciones cometidas con motivo del servicio público (negligencia administrativa u otra),2011,221,Personas
26,Sonora,0,Estatal,6200028896,Servidores públicos de las administraciones públicas estatales sancionados por infracciones cometidas con motivo del servicio público (negligencia administrativa u otra),2012,149,Personas
26,Sonora,0,Estatal,6200028896,Servidores públicos de las administraciones públicas estatales sancionados por infracciones cometidas con motivo del servicio público (negligencia administrativa u otra),2013,526,Personas
26,Sonora,0,Estatal,6200028896,Servidores públicos de las administraciones públicas estatales sancionados por infracciones cometidas con motivo del servicio público (negligencia administrativa u otra),2014,29,Personas

