﻿cve_entidad,desc_entidad,cve_municipio,desc_municipio,id_indicador,indicador,año,valor,unidad_medida
26,Sonora,0,Estatal,6200001261,Causas penales ingresadas en los órganos jurisdiccionales estatales en materia penal en el sistema tradicional (primera instancia),2010,10272,Causas penales
26,Sonora,0,Estatal,6200001261,Causas penales ingresadas en los órganos jurisdiccionales estatales en materia penal en el sistema tradicional (primera instancia),2011,11515,Causas penales
26,Sonora,0,Estatal,6200001261,Causas penales ingresadas en los órganos jurisdiccionales estatales en materia penal en el sistema tradicional (primera instancia),2012,13289,Causas penales
26,Sonora,0,Estatal,6200001261,Causas penales ingresadas en los órganos jurisdiccionales estatales en materia penal en el sistema tradicional (primera instancia),2013,13385,Causas penales
26,Sonora,0,Estatal,6200001261,Causas penales ingresadas en los órganos jurisdiccionales estatales en materia penal en el sistema tradicional (primera instancia),2014,11264,Causas penales
26,Sonora,0,Estatal,6200001261,Causas penales ingresadas en los órganos jurisdiccionales estatales en materia penal en el sistema tradicional (primera instancia),2015,9871,Causas penales
26,Sonora,0,Estatal,6200001264,Causas penales concluidas en los órganos jurisdiccionales estatales en materia penal en el sistema tradicional (primera instancia),2010,12175,Causas penales
26,Sonora,0,Estatal,6200001264,Causas penales concluidas en los órganos jurisdiccionales estatales en materia penal en el sistema tradicional (primera instancia),2011,12714,Causas penales
26,Sonora,0,Estatal,6200001264,Causas penales concluidas en los órganos jurisdiccionales estatales en materia penal en el sistema tradicional (primera instancia),2012,14705,Causas penales
26,Sonora,0,Estatal,6200001264,Causas penales concluidas en los órganos jurisdiccionales estatales en materia penal en el sistema tradicional (primera instancia),2013,14850,Causas penales
26,Sonora,0,Estatal,6200001264,Causas penales concluidas en los órganos jurisdiccionales estatales en materia penal en el sistema tradicional (primera instancia),2014,8513,Causas penales
26,Sonora,0,Estatal,6200001264,Causas penales concluidas en los órganos jurisdiccionales estatales en materia penal en el sistema tradicional (primera instancia),2015,7219,Causas penales
26,Sonora,0,Estatal,6200001267,Causas penales en existencia en los órganos jurisdiccionales estatales en materia penal al cierre del año en el sistema tradicional (primera instancia),2010,2823,Expedientes
26,Sonora,0,Estatal,6200001267,Causas penales en existencia en los órganos jurisdiccionales estatales en materia penal al cierre del año en el sistema tradicional (primera instancia),2011,3418,Expedientes
26,Sonora,0,Estatal,6200001267,Causas penales en existencia en los órganos jurisdiccionales estatales en materia penal al cierre del año en el sistema tradicional (primera instancia),2012,4204,Expedientes
26,Sonora,0,Estatal,6200001267,Causas penales en existencia en los órganos jurisdiccionales estatales en materia penal al cierre del año en el sistema tradicional (primera instancia),2013,4395,Expedientes
26,Sonora,0,Estatal,6200001267,Causas penales en existencia en los órganos jurisdiccionales estatales en materia penal al cierre del año en el sistema tradicional (primera instancia),2014,4904,Expedientes
26,Sonora,0,Estatal,6200001267,Causas penales en existencia en los órganos jurisdiccionales estatales en materia penal al cierre del año en el sistema tradicional (primera instancia),2015,4146,Expedientes
26,Sonora,0,Estatal,6200001764,Causas penales ingresadas en los órganos jurisdiccionales estatales en materia penal en el sistema acusatorio oral (primera instancia),2010,NA,Causas penales
26,Sonora,0,Estatal,6200001764,Causas penales ingresadas en los órganos jurisdiccionales estatales en materia penal en el sistema acusatorio oral (primera instancia),2011,NA,Causas penales
26,Sonora,0,Estatal,6200001764,Causas penales ingresadas en los órganos jurisdiccionales estatales en materia penal en el sistema acusatorio oral (primera instancia),2012,NA,Causas penales
26,Sonora,0,Estatal,6200001764,Causas penales ingresadas en los órganos jurisdiccionales estatales en materia penal en el sistema acusatorio oral (primera instancia),2013,NA,Causas penales
26,Sonora,0,Estatal,6200001764,Causas penales ingresadas en los órganos jurisdiccionales estatales en materia penal en el sistema acusatorio oral (primera instancia),2014,0,Causas penales
26,Sonora,0,Estatal,6200001764,Causas penales ingresadas en los órganos jurisdiccionales estatales en materia penal en el sistema acusatorio oral (primera instancia),2015,NA,Causas penales
26,Sonora,0,Estatal,6200001814,Causas penales concluidas en los órganos jurisdiccionales estatales en materia penal en el sistema acusatorio oral (primera instancia),2010,NA,Causas penales
26,Sonora,0,Estatal,6200001814,Causas penales concluidas en los órganos jurisdiccionales estatales en materia penal en el sistema acusatorio oral (primera instancia),2011,NA,Causas penales
26,Sonora,0,Estatal,6200001814,Causas penales concluidas en los órganos jurisdiccionales estatales en materia penal en el sistema acusatorio oral (primera instancia),2012,NA,Causas penales
26,Sonora,0,Estatal,6200001814,Causas penales concluidas en los órganos jurisdiccionales estatales en materia penal en el sistema acusatorio oral (primera instancia),2013,NA,Causas penales
26,Sonora,0,Estatal,6200001814,Causas penales concluidas en los órganos jurisdiccionales estatales en materia penal en el sistema acusatorio oral (primera instancia),2014,0,Causas penales
26,Sonora,0,Estatal,6200001814,Causas penales concluidas en los órganos jurisdiccionales estatales en materia penal en el sistema acusatorio oral (primera instancia),2015,0,Causas penales
26,Sonora,0,Estatal,6200001818,Causas penales en existencia en los órganos jurisdiccionales estatales en materia penal al cierre del año en el sistema acusatorio oral (primera instancia),2010,NA,Asuntos
26,Sonora,0,Estatal,6200001818,Causas penales en existencia en los órganos jurisdiccionales estatales en materia penal al cierre del año en el sistema acusatorio oral (primera instancia),2011,NA,Asuntos
26,Sonora,0,Estatal,6200001818,Causas penales en existencia en los órganos jurisdiccionales estatales en materia penal al cierre del año en el sistema acusatorio oral (primera instancia),2012,NA,Asuntos
26,Sonora,0,Estatal,6200001818,Causas penales en existencia en los órganos jurisdiccionales estatales en materia penal al cierre del año en el sistema acusatorio oral (primera instancia),2013,NA,Asuntos
26,Sonora,0,Estatal,6200001818,Causas penales en existencia en los órganos jurisdiccionales estatales en materia penal al cierre del año en el sistema acusatorio oral (primera instancia),2014,0,Asuntos
26,Sonora,0,Estatal,6200001818,Causas penales en existencia en los órganos jurisdiccionales estatales en materia penal al cierre del año en el sistema acusatorio oral (primera instancia),2015,0,Asuntos
26,Sonora,0,Estatal,6200009456,Número de jueces por cada cien mil habitantes,2010,2.27353412039941,Jueces por cada cien mil habitantes
26,Sonora,0,Estatal,6200009456,Número de jueces por cada cien mil habitantes,2011,2.27653484490168,Jueces por cada cien mil habitantes
26,Sonora,0,Estatal,6200009456,Número de jueces por cada cien mil habitantes,2012,2.2421474091168,Jueces por cada cien mil habitantes
26,Sonora,0,Estatal,6200009456,Número de jueces por cada cien mil habitantes,2013,2.31460251199071,Jueces por cada cien mil habitantes
26,Sonora,0,Estatal,6200009456,Número de jueces por cada cien mil habitantes,2014,2.42008163740781,Jueces por cada cien mil habitantes
26,Sonora,0,Estatal,6200009456,Número de jueces por cada cien mil habitantes,2015,2.62545834966008,Jueces por cada cien mil habitantes
26,Sonora,0,Estatal,6200009456,Número de jueces por cada cien mil habitantes,2016,3.06131396509828,Jueces por cada cien mil habitantes
26,Sonora,0,Estatal,6200009456,Número de jueces por cada cien mil habitantes,2017,3.02143931494399,Jueces por cada cien mil habitantes
26,Sonora,0,Estatal,6200009456,Número de jueces por cada cien mil habitantes,2018,3.08148962421616,Jueces por cada cien mil habitantes
26,Sonora,0,Estatal,6200009456,Número de jueces por cada cien mil habitantes,2019,2.94639081458797,Jueces por cada cien mil habitantes
26,Sonora,0,Estatal,6200009499,Tasa de resolución en segunda instancia,2011,0.640127765290429,Proporción de casos concluidos respecto a los casos ingresados
26,Sonora,0,Estatal,6200009499,Tasa de resolución en segunda instancia,2012,NC,Proporción de casos concluidos respecto a los casos ingresados
26,Sonora,0,Estatal,6200009499,Tasa de resolución en segunda instancia,2013,NC,Proporción de casos concluidos respecto a los casos ingresados
26,Sonora,0,Estatal,6200009499,Tasa de resolución en segunda instancia,2014,0.713291060549546,Proporción de casos concluidos respecto a los casos ingresados
26,Sonora,0,Estatal,6200009499,Tasa de resolución en segunda instancia,2015,NC,Proporción de casos concluidos respecto a los casos ingresados
26,Sonora,0,Estatal,6200009499,Tasa de resolución en segunda instancia,2016,0.63348581884721,Proporción de casos concluidos respecto a los casos ingresados
26,Sonora,0,Estatal,6200009519,Tasa de resolución en el sistema de impartición de justicia para adolescentes en primera instancia,2010,0.423023093072078,Proporción de casos concluidos respecto a los casos ingresados
26,Sonora,0,Estatal,6200009519,Tasa de resolución en el sistema de impartición de justicia para adolescentes en primera instancia,2011,0.982361963190184,Proporción de casos concluidos respecto a los casos ingresados
26,Sonora,0,Estatal,6200009519,Tasa de resolución en el sistema de impartición de justicia para adolescentes en primera instancia,2012,0.951742627345844,Proporción de casos concluidos respecto a los casos ingresados
26,Sonora,0,Estatal,6200009519,Tasa de resolución en el sistema de impartición de justicia para adolescentes en primera instancia,2013,0.982352941176471,Proporción de casos concluidos respecto a los casos ingresados
26,Sonora,0,Estatal,6200009519,Tasa de resolución en el sistema de impartición de justicia para adolescentes en primera instancia,2014,0.671412924424973,Proporción de casos concluidos respecto a los casos ingresados
26,Sonora,0,Estatal,6200009519,Tasa de resolución en el sistema de impartición de justicia para adolescentes en primera instancia,2015,0.804845222072678,Proporción de casos concluidos respecto a los casos ingresados
26,Sonora,0,Estatal,6200009519,Tasa de resolución en el sistema de impartición de justicia para adolescentes en primera instancia,2016,1.53846153846154,Proporción de casos concluidos respecto a los casos ingresados
26,Sonora,0,Estatal,6200009519,Tasa de resolución en el sistema de impartición de justicia para adolescentes en primera instancia,2017,0.564705882352941,Proporción de casos concluidos respecto a los casos ingresados
26,Sonora,0,Estatal,6200009519,Tasa de resolución en el sistema de impartición de justicia para adolescentes en primera instancia,2018,0.909090909090909,Proporción de casos concluidos respecto a los casos ingresados
26,Sonora,0,Estatal,6200009519,Tasa de resolución en el sistema de impartición de justicia para adolescentes en primera instancia,2019,0.84115523465704,Proporción de casos concluidos respecto a los casos ingresados
26,Sonora,0,Estatal,6200009573,Solicitudes de procedimientos recibidos y procedentes en los centros de justicia alternativa (materia civil),2011,NA,Solicitudes
26,Sonora,0,Estatal,6200009573,Solicitudes de procedimientos recibidos y procedentes en los centros de justicia alternativa (materia civil),2012,NA,Solicitudes
26,Sonora,0,Estatal,6200009573,Solicitudes de procedimientos recibidos y procedentes en los centros de justicia alternativa (materia civil),2013,2492,Solicitudes
26,Sonora,0,Estatal,6200009573,Solicitudes de procedimientos recibidos y procedentes en los centros de justicia alternativa (materia civil),2014,1450,Solicitudes
26,Sonora,0,Estatal,6200009573,Solicitudes de procedimientos recibidos y procedentes en los centros de justicia alternativa (materia civil),2015,590,Solicitudes
26,Sonora,0,Estatal,6200028993,Procesados y/o imputados por delitos del fuero común registrados en los órganos jurisdiccionales estatales en materia penal (hombres) (primera instancia),2012,15071,Personas
26,Sonora,0,Estatal,6200028993,Procesados y/o imputados por delitos del fuero común registrados en los órganos jurisdiccionales estatales en materia penal (hombres) (primera instancia),2013,14805,Personas
26,Sonora,0,Estatal,6200028993,Procesados y/o imputados por delitos del fuero común registrados en los órganos jurisdiccionales estatales en materia penal (hombres) (primera instancia),2014,11959,Personas
26,Sonora,0,Estatal,6200028993,Procesados y/o imputados por delitos del fuero común registrados en los órganos jurisdiccionales estatales en materia penal (hombres) (primera instancia),2015,10553,Personas
26,Sonora,0,Estatal,6200028994,Procesados y/o imputados por delitos del fuero común registrados en los órganos jurisdiccionales estatales en materia penal (mujeres) (primera instancia),2012,1454,Personas
26,Sonora,0,Estatal,6200028994,Procesados y/o imputados por delitos del fuero común registrados en los órganos jurisdiccionales estatales en materia penal (mujeres) (primera instancia),2013,1347,Personas
26,Sonora,0,Estatal,6200028994,Procesados y/o imputados por delitos del fuero común registrados en los órganos jurisdiccionales estatales en materia penal (mujeres) (primera instancia),2014,1483,Personas
26,Sonora,0,Estatal,6200028994,Procesados y/o imputados por delitos del fuero común registrados en los órganos jurisdiccionales estatales en materia penal (mujeres) (primera instancia),2015,1064,Personas
26,Sonora,0,Estatal,6200028995,Procesados y/o imputados por delitos del fuero común registrados en los órganos jurisdiccionales estatales en materia penal (primera instancia),2012,16525,Personas
26,Sonora,0,Estatal,6200028995,Procesados y/o imputados por delitos del fuero común registrados en los órganos jurisdiccionales estatales en materia penal (primera instancia),2013,16152,Personas
26,Sonora,0,Estatal,6200028995,Procesados y/o imputados por delitos del fuero común registrados en los órganos jurisdiccionales estatales en materia penal (primera instancia),2014,13442,Personas
26,Sonora,0,Estatal,6200028995,Procesados y/o imputados por delitos del fuero común registrados en los órganos jurisdiccionales estatales en materia penal (primera instancia),2015,11617,Personas
26,Sonora,0,Estatal,6200032581,Procesados y/o imputados por delitos del fuero común registrados en los órganos jurisdiccionales estatales en materia penal (autor inmediato) (primera instancia),2013,-,Personas
26,Sonora,0,Estatal,6200032581,Procesados y/o imputados por delitos del fuero común registrados en los órganos jurisdiccionales estatales en materia penal (autor inmediato) (primera instancia),2014,206,Personas
26,Sonora,0,Estatal,6200032581,Procesados y/o imputados por delitos del fuero común registrados en los órganos jurisdiccionales estatales en materia penal (autor inmediato) (primera instancia),2015,425,Personas
26,Sonora,0,Estatal,6200032582,Procesados y/o imputados por delitos del fuero común registrados en los órganos jurisdiccionales estatales en materia penal (secundaria) (primera instancia),2013,6787,Personas
26,Sonora,0,Estatal,6200032582,Procesados y/o imputados por delitos del fuero común registrados en los órganos jurisdiccionales estatales en materia penal (secundaria) (primera instancia),2014,5358,Personas
26,Sonora,0,Estatal,6200032582,Procesados y/o imputados por delitos del fuero común registrados en los órganos jurisdiccionales estatales en materia penal (secundaria) (primera instancia),2015,4824,Personas
26,Sonora,0,Estatal,6200032583,Procesados y/o imputados por delitos del fuero común registrados en los órganos jurisdiccionales estatales en materia penal (45 a 49 años) (primera instancia),2013,906,Personas
26,Sonora,0,Estatal,6200032583,Procesados y/o imputados por delitos del fuero común registrados en los órganos jurisdiccionales estatales en materia penal (45 a 49 años) (primera instancia),2014,740,Personas
26,Sonora,0,Estatal,6200032583,Procesados y/o imputados por delitos del fuero común registrados en los órganos jurisdiccionales estatales en materia penal (45 a 49 años) (primera instancia),2015,615,Personas
26,Sonora,0,Estatal,6200032584,Sentenciados por delitos del fuero común registrados en los órganos jurisdiccionales estatales en materia penal (preparatoria o carrera técnica o carrera comercial) (primera instancia),2013,1441,Personas
26,Sonora,0,Estatal,6200032584,Sentenciados por delitos del fuero común registrados en los órganos jurisdiccionales estatales en materia penal (preparatoria o carrera técnica o carrera comercial) (primera instancia),2014,1906,Personas
26,Sonora,0,Estatal,6200032584,Sentenciados por delitos del fuero común registrados en los órganos jurisdiccionales estatales en materia penal (preparatoria o carrera técnica o carrera comercial) (primera instancia),2015,1610,Personas
26,Sonora,0,Estatal,6200032585,Procesados y/o imputados por delitos del fuero común registrados en los órganos jurisdiccionales estatales en materia penal (no identificado grado de participación) (primera instancia),2013,18634,Personas
26,Sonora,0,Estatal,6200032585,Procesados y/o imputados por delitos del fuero común registrados en los órganos jurisdiccionales estatales en materia penal (no identificado grado de participación) (primera instancia),2014,3704,Personas
26,Sonora,0,Estatal,6200032585,Procesados y/o imputados por delitos del fuero común registrados en los órganos jurisdiccionales estatales en materia penal (no identificado grado de participación) (primera instancia),2015,2387,Personas
26,Sonora,0,Estatal,6200032586,Procesados y/o imputados por delitos del fuero común registrados en los órganos jurisdiccionales estatales en materia penal (18 a 24 años) (primera instancia),2013,3687,Personas
26,Sonora,0,Estatal,6200032586,Procesados y/o imputados por delitos del fuero común registrados en los órganos jurisdiccionales estatales en materia penal (18 a 24 años) (primera instancia),2014,2831,Personas
26,Sonora,0,Estatal,6200032586,Procesados y/o imputados por delitos del fuero común registrados en los órganos jurisdiccionales estatales en materia penal (18 a 24 años) (primera instancia),2015,2441,Personas
26,Sonora,0,Estatal,6200032587,Sentenciados en sentido condenatorio por delitos del fuero común registrados en los órganos jurisdiccionales estatales en materia penal (otro) (primera instancia),2013,-,Personas
26,Sonora,0,Estatal,6200032587,Sentenciados en sentido condenatorio por delitos del fuero común registrados en los órganos jurisdiccionales estatales en materia penal (otro) (primera instancia),2014,0,Personas
26,Sonora,0,Estatal,6200032587,Sentenciados en sentido condenatorio por delitos del fuero común registrados en los órganos jurisdiccionales estatales en materia penal (otro) (primera instancia),2015,1,Personas
26,Sonora,0,Estatal,6200032588,Procesados y/o imputados por delitos del fuero común registrados en los órganos jurisdiccionales estatales en materia penal (no especificado) (primera instancia),2013,0,Personas
26,Sonora,0,Estatal,6200032588,Procesados y/o imputados por delitos del fuero común registrados en los órganos jurisdiccionales estatales en materia penal (no especificado) (primera instancia),2014,0,Personas
26,Sonora,0,Estatal,6200032588,Procesados y/o imputados por delitos del fuero común registrados en los órganos jurisdiccionales estatales en materia penal (no especificado) (primera instancia),2015,0,Personas
26,Sonora,0,Estatal,6200032589,Sentenciados por delitos del fuero común registrados en los órganos jurisdiccionales estatales en materia penal (grado de estudios ninguno) (primera instancia),2013,0,Personas
26,Sonora,0,Estatal,6200032589,Sentenciados por delitos del fuero común registrados en los órganos jurisdiccionales estatales en materia penal (grado de estudios ninguno) (primera instancia),2014,0,Personas
26,Sonora,0,Estatal,6200032589,Sentenciados por delitos del fuero común registrados en los órganos jurisdiccionales estatales en materia penal (grado de estudios ninguno) (primera instancia),2015,0,Personas
26,Sonora,0,Estatal,6200032592,Procesados y/o imputados por delitos del fuero común registrados en los órganos jurisdiccionales estatales en materia penal (no identificado) (primera instancia),2013,0,Personas
26,Sonora,0,Estatal,6200032592,Procesados y/o imputados por delitos del fuero común registrados en los órganos jurisdiccionales estatales en materia penal (no identificado) (primera instancia),2014,0,Personas
26,Sonora,0,Estatal,6200032592,Procesados y/o imputados por delitos del fuero común registrados en los órganos jurisdiccionales estatales en materia penal (no identificado) (primera instancia),2015,0,Personas
26,Sonora,0,Estatal,6200032593,Sentenciados por delitos del fuero común registrados en los órganos jurisdiccionales estatales en materia penal (mujeres) (primera instancia),2013,598,Personas
26,Sonora,0,Estatal,6200032593,Sentenciados por delitos del fuero común registrados en los órganos jurisdiccionales estatales en materia penal (mujeres) (primera instancia),2014,287,Personas
26,Sonora,0,Estatal,6200032593,Sentenciados por delitos del fuero común registrados en los órganos jurisdiccionales estatales en materia penal (mujeres) (primera instancia),2015,192,Personas
26,Sonora,0,Estatal,6200032594,Procesados y/o imputados por delitos del fuero común registrados en los órganos jurisdiccionales estatales en materia penal (encubridor) (primera instancia),2013,-,Personas
26,Sonora,0,Estatal,6200032594,Procesados y/o imputados por delitos del fuero común registrados en los órganos jurisdiccionales estatales en materia penal (encubridor) (primera instancia),2014,4,Personas
26,Sonora,0,Estatal,6200032594,Procesados y/o imputados por delitos del fuero común registrados en los órganos jurisdiccionales estatales en materia penal (encubridor) (primera instancia),2015,2,Personas
26,Sonora,0,Estatal,6200032595,Sentenciados en sentido condenatorio por delitos del fuero común registrados en los órganos jurisdiccionales estatales en materia penal (cómplice correspectivo) (primera instancia),2013,-,Personas
26,Sonora,0,Estatal,6200032595,Sentenciados en sentido condenatorio por delitos del fuero común registrados en los órganos jurisdiccionales estatales en materia penal (cómplice correspectivo) (primera instancia),2014,0,Personas
26,Sonora,0,Estatal,6200032595,Sentenciados en sentido condenatorio por delitos del fuero común registrados en los órganos jurisdiccionales estatales en materia penal (cómplice correspectivo) (primera instancia),2015,0,Personas
26,Sonora,0,Estatal,6200032596,Procesados y/o imputados por delitos del fuero común registrados en los órganos jurisdiccionales estatales en materia penal (trabajadores artesanales) (primera instancia),2013,-,Personas
26,Sonora,0,Estatal,6200032596,Procesados y/o imputados por delitos del fuero común registrados en los órganos jurisdiccionales estatales en materia penal (trabajadores artesanales) (primera instancia),2014,5,Personas
26,Sonora,0,Estatal,6200032596,Procesados y/o imputados por delitos del fuero común registrados en los órganos jurisdiccionales estatales en materia penal (trabajadores artesanales) (primera instancia),2015,199,Personas
26,Sonora,0,Estatal,6200032597,Procesados y/o imputados por delitos del fuero común registrados en los órganos jurisdiccionales estatales en materia penal (preescolar o primaria) (primera instancia),2013,3076,Personas
26,Sonora,0,Estatal,6200032597,Procesados y/o imputados por delitos del fuero común registrados en los órganos jurisdiccionales estatales en materia penal (preescolar o primaria) (primera instancia),2014,2357,Personas
26,Sonora,0,Estatal,6200032597,Procesados y/o imputados por delitos del fuero común registrados en los órganos jurisdiccionales estatales en materia penal (preescolar o primaria) (primera instancia),2015,1927,Personas
26,Sonora,0,Estatal,6200032598,Sentenciados en sentido condenatorio por delitos del fuero común registrados en los órganos jurisdiccionales estatales en materia penal (autor intelectual) (primera instancia),2013,-,Personas
26,Sonora,0,Estatal,6200032598,Sentenciados en sentido condenatorio por delitos del fuero común registrados en los órganos jurisdiccionales estatales en materia penal (autor intelectual) (primera instancia),2014,285,Personas
26,Sonora,0,Estatal,6200032598,Sentenciados en sentido condenatorio por delitos del fuero común registrados en los órganos jurisdiccionales estatales en materia penal (autor intelectual) (primera instancia),2015,408,Personas
26,Sonora,0,Estatal,6200032599,Procesados y/o imputados por delitos del fuero común registrados en los órganos jurisdiccionales estatales en materia penal (no identificado ocupación) (primera instancia),2013,16152,Personas
26,Sonora,0,Estatal,6200032599,Procesados y/o imputados por delitos del fuero común registrados en los órganos jurisdiccionales estatales en materia penal (no identificado ocupación) (primera instancia),2014,4228,Personas
26,Sonora,0,Estatal,6200032599,Procesados y/o imputados por delitos del fuero común registrados en los órganos jurisdiccionales estatales en materia penal (no identificado ocupación) (primera instancia),2015,3042,Personas
26,Sonora,0,Estatal,6200032600,Sentenciados por delitos del fuero común registrados en los órganos jurisdiccionales estatales en materia penal (primera instancia),2013,9463,Personas
26,Sonora,0,Estatal,6200032600,Sentenciados por delitos del fuero común registrados en los órganos jurisdiccionales estatales en materia penal (primera instancia),2014,3849,Personas
26,Sonora,0,Estatal,6200032600,Sentenciados por delitos del fuero común registrados en los órganos jurisdiccionales estatales en materia penal (primera instancia),2015,3222,Personas
26,Sonora,0,Estatal,6200032601,Procesados y/o imputados por delitos del fuero común registrados en los órganos jurisdiccionales estatales en materia penal (otro grado de participación) (primera instancia),2013,-,Personas
26,Sonora,0,Estatal,6200032601,Procesados y/o imputados por delitos del fuero común registrados en los órganos jurisdiccionales estatales en materia penal (otro grado de participación) (primera instancia),2014,2,Personas
26,Sonora,0,Estatal,6200032601,Procesados y/o imputados por delitos del fuero común registrados en los órganos jurisdiccionales estatales en materia penal (otro grado de participación) (primera instancia),2015,2,Personas
26,Sonora,0,Estatal,6200032602,Procesados y/o imputados por delitos del fuero común registrados en los órganos jurisdiccionales estatales en materia penal (25 a 29 años) (primera instancia),2013,2713,Personas
26,Sonora,0,Estatal,6200032602,Procesados y/o imputados por delitos del fuero común registrados en los órganos jurisdiccionales estatales en materia penal (25 a 29 años) (primera instancia),2014,2228,Personas
26,Sonora,0,Estatal,6200032602,Procesados y/o imputados por delitos del fuero común registrados en los órganos jurisdiccionales estatales en materia penal (25 a 29 años) (primera instancia),2015,1843,Personas
26,Sonora,0,Estatal,6200032603,Procesados y/o imputados por delitos del fuero común registrados en los órganos jurisdiccionales estatales en materia penal (30 a 34 años) (primera instancia),2013,2689,Personas
26,Sonora,0,Estatal,6200032603,Procesados y/o imputados por delitos del fuero común registrados en los órganos jurisdiccionales estatales en materia penal (30 a 34 años) (primera instancia),2014,2195,Personas
26,Sonora,0,Estatal,6200032603,Procesados y/o imputados por delitos del fuero común registrados en los órganos jurisdiccionales estatales en materia penal (30 a 34 años) (primera instancia),2015,1890,Personas
26,Sonora,0,Estatal,6200032604,Sentenciados por delitos del fuero común registrados en los órganos jurisdiccionales estatales en materia penal (no especificado grado de estudios) (primera instancia),2013,1033,Personas
26,Sonora,0,Estatal,6200032604,Sentenciados por delitos del fuero común registrados en los órganos jurisdiccionales estatales en materia penal (no especificado grado de estudios) (primera instancia),2014,0,Personas
26,Sonora,0,Estatal,6200032604,Sentenciados por delitos del fuero común registrados en los órganos jurisdiccionales estatales en materia penal (no especificado grado de estudios) (primera instancia),2015,0,Personas
26,Sonora,0,Estatal,6200032605,Sentenciados en sentido condenatorio por delitos del fuero común registrados en los órganos jurisdiccionales estatales en materia penal (primera instancia),2013,9636,Personas
26,Sonora,0,Estatal,6200032605,Sentenciados en sentido condenatorio por delitos del fuero común registrados en los órganos jurisdiccionales estatales en materia penal (primera instancia),2014,3624,Personas
26,Sonora,0,Estatal,6200032605,Sentenciados en sentido condenatorio por delitos del fuero común registrados en los órganos jurisdiccionales estatales en materia penal (primera instancia),2015,2953,Personas
26,Sonora,0,Estatal,6200032607,Sentenciados en sentido condenatorio por delitos del fuero común registrados en los órganos jurisdiccionales estatales en materia penal (autor inmediato) (primera instancia),2013,-,Personas
26,Sonora,0,Estatal,6200032607,Sentenciados en sentido condenatorio por delitos del fuero común registrados en los órganos jurisdiccionales estatales en materia penal (autor inmediato) (primera instancia),2014,48,Personas
26,Sonora,0,Estatal,6200032607,Sentenciados en sentido condenatorio por delitos del fuero común registrados en los órganos jurisdiccionales estatales en materia penal (autor inmediato) (primera instancia),2015,52,Personas
26,Sonora,0,Estatal,6200032608,Sentenciados en sentido condenatorio por delitos del fuero común registrados en los órganos jurisdiccionales estatales en materia penal (autor material) (primera instancia),2013,-,Personas
26,Sonora,0,Estatal,6200032608,Sentenciados en sentido condenatorio por delitos del fuero común registrados en los órganos jurisdiccionales estatales en materia penal (autor material) (primera instancia),2014,2298,Personas
26,Sonora,0,Estatal,6200032608,Sentenciados en sentido condenatorio por delitos del fuero común registrados en los órganos jurisdiccionales estatales en materia penal (autor material) (primera instancia),2015,1913,Personas
26,Sonora,0,Estatal,6200032609,Sentenciados por delitos del fuero común registrados en los órganos jurisdiccionales estatales en materia penal (hombres) (primera instancia),2013,8865,Personas
26,Sonora,0,Estatal,6200032609,Sentenciados por delitos del fuero común registrados en los órganos jurisdiccionales estatales en materia penal (hombres) (primera instancia),2014,3562,Personas
26,Sonora,0,Estatal,6200032609,Sentenciados por delitos del fuero común registrados en los órganos jurisdiccionales estatales en materia penal (hombres) (primera instancia),2015,3030,Personas
26,Sonora,0,Estatal,6200032611,Sentenciados por delitos del fuero común registrados en los órganos jurisdiccionales estatales en materia penal (preescolar o primaria) (primera instancia),2013,2218,Personas
26,Sonora,0,Estatal,6200032611,Sentenciados por delitos del fuero común registrados en los órganos jurisdiccionales estatales en materia penal (preescolar o primaria) (primera instancia),2014,0,Personas
26,Sonora,0,Estatal,6200032611,Sentenciados por delitos del fuero común registrados en los órganos jurisdiccionales estatales en materia penal (preescolar o primaria) (primera instancia),2015,0,Personas
26,Sonora,0,Estatal,6200032612,Procesados y/o imputados por delitos del fuero común registrados en los órganos jurisdiccionales estatales en materia penal (grado de estudios ninguno) (primera instancia),2013,-,Personas
26,Sonora,0,Estatal,6200032612,Procesados y/o imputados por delitos del fuero común registrados en los órganos jurisdiccionales estatales en materia penal (grado de estudios ninguno) (primera instancia),2014,0,Personas
26,Sonora,0,Estatal,6200032612,Procesados y/o imputados por delitos del fuero común registrados en los órganos jurisdiccionales estatales en materia penal (grado de estudios ninguno) (primera instancia),2015,0,Personas
26,Sonora,0,Estatal,6200032614,Sentenciados en sentido condenatorio por delitos del fuero común registrados en los órganos jurisdiccionales estatales en materia penal (coautoría material) (primera instancia),2013,-,Personas
26,Sonora,0,Estatal,6200032614,Sentenciados en sentido condenatorio por delitos del fuero común registrados en los órganos jurisdiccionales estatales en materia penal (coautoría material) (primera instancia),2014,44,Personas
26,Sonora,0,Estatal,6200032614,Sentenciados en sentido condenatorio por delitos del fuero común registrados en los órganos jurisdiccionales estatales en materia penal (coautoría material) (primera instancia),2015,29,Personas
26,Sonora,0,Estatal,6200032615,Sentenciados por delitos del fuero común registrados en los órganos jurisdiccionales estatales en materia penal (secundaria) (primera instancia),2013,4414,Personas
26,Sonora,0,Estatal,6200032615,Sentenciados por delitos del fuero común registrados en los órganos jurisdiccionales estatales en materia penal (secundaria) (primera instancia),2014,894,Personas
26,Sonora,0,Estatal,6200032615,Sentenciados por delitos del fuero común registrados en los órganos jurisdiccionales estatales en materia penal (secundaria) (primera instancia),2015,701,Personas
26,Sonora,0,Estatal,6200032616,Procesados y/o imputados por delitos del fuero común registrados en los órganos jurisdiccionales estatales en materia penal (no especificado grado de participación) (primera instancia),2013,0,Personas
26,Sonora,0,Estatal,6200032616,Procesados y/o imputados por delitos del fuero común registrados en los órganos jurisdiccionales estatales en materia penal (no especificado grado de participación) (primera instancia),2014,0,Personas
26,Sonora,0,Estatal,6200032616,Procesados y/o imputados por delitos del fuero común registrados en los órganos jurisdiccionales estatales en materia penal (no especificado grado de participación) (primera instancia),2015,0,Personas
26,Sonora,0,Estatal,6200032618,Sentenciados por delitos del fuero común registrados en los órganos jurisdiccionales estatales en materia penal (40 a 44 años) (primera instancia),2013,858,Personas
26,Sonora,0,Estatal,6200032618,Sentenciados por delitos del fuero común registrados en los órganos jurisdiccionales estatales en materia penal (40 a 44 años) (primera instancia),2014,342,Personas
26,Sonora,0,Estatal,6200032618,Sentenciados por delitos del fuero común registrados en los órganos jurisdiccionales estatales en materia penal (40 a 44 años) (primera instancia),2015,303,Personas
26,Sonora,0,Estatal,6200032619,Procesados y/o imputados por delitos del fuero común registrados en los órganos jurisdiccionales estatales en materia penal (no especificado grado de estudios) (primera instancia),2013,0,Personas
26,Sonora,0,Estatal,6200032619,Procesados y/o imputados por delitos del fuero común registrados en los órganos jurisdiccionales estatales en materia penal (no especificado grado de estudios) (primera instancia),2014,0,Personas
26,Sonora,0,Estatal,6200032619,Procesados y/o imputados por delitos del fuero común registrados en los órganos jurisdiccionales estatales en materia penal (no especificado grado de estudios) (primera instancia),2015,0,Personas
26,Sonora,0,Estatal,6200032620,Procesados y/o imputados por delitos del fuero común registrados en los órganos jurisdiccionales estatales en materia penal (licenciatura) (primera instancia),2013,965,Personas
26,Sonora,0,Estatal,6200032620,Procesados y/o imputados por delitos del fuero común registrados en los órganos jurisdiccionales estatales en materia penal (licenciatura) (primera instancia),2014,841,Personas
26,Sonora,0,Estatal,6200032620,Procesados y/o imputados por delitos del fuero común registrados en los órganos jurisdiccionales estatales en materia penal (licenciatura) (primera instancia),2015,751,Personas
26,Sonora,0,Estatal,6200032622,Procesados y/o imputados por delitos del fuero común registrados en los órganos jurisdiccionales estatales en materia penal (trabajadores auxiliares en actividades administrativas) (primera instancia),2013,-,Personas
26,Sonora,0,Estatal,6200032622,Procesados y/o imputados por delitos del fuero común registrados en los órganos jurisdiccionales estatales en materia penal (trabajadores auxiliares en actividades administrativas) (primera instancia),2014,589,Personas
26,Sonora,0,Estatal,6200032622,Procesados y/o imputados por delitos del fuero común registrados en los órganos jurisdiccionales estatales en materia penal (trabajadores auxiliares en actividades administrativas) (primera instancia),2015,98,Personas
26,Sonora,0,Estatal,6200032624,Sentenciados en sentido condenatorio por delitos del fuero común registrados en los órganos jurisdiccionales estatales en materia penal (instigador) (primera instancia),2013,-,Personas
26,Sonora,0,Estatal,6200032624,Sentenciados en sentido condenatorio por delitos del fuero común registrados en los órganos jurisdiccionales estatales en materia penal (instigador) (primera instancia),2014,0,Personas
26,Sonora,0,Estatal,6200032624,Sentenciados en sentido condenatorio por delitos del fuero común registrados en los órganos jurisdiccionales estatales en materia penal (instigador) (primera instancia),2015,0,Personas
26,Sonora,0,Estatal,6200032626,Procesados y/o imputados por delitos del fuero común registrados en los órganos jurisdiccionales estatales en materia penal (preparatoria o carrera técnica o carrera comercial) (primera instancia),2013,2556,Personas
26,Sonora,0,Estatal,6200032626,Procesados y/o imputados por delitos del fuero común registrados en los órganos jurisdiccionales estatales en materia penal (preparatoria o carrera técnica o carrera comercial) (primera instancia),2014,2161,Personas
26,Sonora,0,Estatal,6200032626,Procesados y/o imputados por delitos del fuero común registrados en los órganos jurisdiccionales estatales en materia penal (preparatoria o carrera técnica o carrera comercial) (primera instancia),2015,1916,Personas
26,Sonora,0,Estatal,6200032627,Sentenciados por delitos del fuero común registrados en los órganos jurisdiccionales estatales en materia penal (maestría) (primera instancia),2013,-,Personas
26,Sonora,0,Estatal,6200032627,Sentenciados por delitos del fuero común registrados en los órganos jurisdiccionales estatales en materia penal (maestría) (primera instancia),2014,101,Personas
26,Sonora,0,Estatal,6200032627,Sentenciados por delitos del fuero común registrados en los órganos jurisdiccionales estatales en materia penal (maestría) (primera instancia),2015,81,Personas
26,Sonora,0,Estatal,6200032628,Sentenciados por delitos del fuero común registrados en los órganos jurisdiccionales estatales en materia penal (doctorado) (primera instancia),2013,-,Personas
26,Sonora,0,Estatal,6200032628,Sentenciados por delitos del fuero común registrados en los órganos jurisdiccionales estatales en materia penal (doctorado) (primera instancia),2014,0,Personas
26,Sonora,0,Estatal,6200032628,Sentenciados por delitos del fuero común registrados en los órganos jurisdiccionales estatales en materia penal (doctorado) (primera instancia),2015,0,Personas
26,Sonora,0,Estatal,6200032629,Procesados y/o imputados por delitos del fuero común registrados en los órganos jurisdiccionales estatales en materia penal (autor intelectual) (primera instancia),2013,-,Personas
26,Sonora,0,Estatal,6200032629,Procesados y/o imputados por delitos del fuero común registrados en los órganos jurisdiccionales estatales en materia penal (autor intelectual) (primera instancia),2014,1027,Personas
26,Sonora,0,Estatal,6200032629,Procesados y/o imputados por delitos del fuero común registrados en los órganos jurisdiccionales estatales en materia penal (autor intelectual) (primera instancia),2015,1630,Personas
26,Sonora,0,Estatal,6200032630,Procesados y/o imputados por delitos del fuero común registrados en los órganos jurisdiccionales estatales en materia penal (no especificado edad) (primera instancia),2013,0,Personas
26,Sonora,0,Estatal,6200032630,Procesados y/o imputados por delitos del fuero común registrados en los órganos jurisdiccionales estatales en materia penal (no especificado edad) (primera instancia),2014,0,Personas
26,Sonora,0,Estatal,6200032630,Procesados y/o imputados por delitos del fuero común registrados en los órganos jurisdiccionales estatales en materia penal (no especificado edad) (primera instancia),2015,0,Personas
26,Sonora,0,Estatal,6200032631,"Procesados y/o imputados por delitos del fuero común registrados en los órganos jurisdiccionales estatales en materia penal (comerciantes, empleados en ventas y agentes de ventas) (primera instancia)",2013,-,Personas
26,Sonora,0,Estatal,6200032631,"Procesados y/o imputados por delitos del fuero común registrados en los órganos jurisdiccionales estatales en materia penal (comerciantes, empleados en ventas y agentes de ventas) (primera instancia)",2014,714,Personas
26,Sonora,0,Estatal,6200032631,"Procesados y/o imputados por delitos del fuero común registrados en los órganos jurisdiccionales estatales en materia penal (comerciantes, empleados en ventas y agentes de ventas) (primera instancia)",2015,1033,Personas
26,Sonora,0,Estatal,6200032632,Sentenciados en sentido condenatorio por delitos del fuero común registrados en los órganos jurisdiccionales estatales en materia penal (cómplice) (primera instancia),2013,-,Personas
26,Sonora,0,Estatal,6200032632,Sentenciados en sentido condenatorio por delitos del fuero común registrados en los órganos jurisdiccionales estatales en materia penal (cómplice) (primera instancia),2014,4,Personas
26,Sonora,0,Estatal,6200032632,Sentenciados en sentido condenatorio por delitos del fuero común registrados en los órganos jurisdiccionales estatales en materia penal (cómplice) (primera instancia),2015,1,Personas
26,Sonora,0,Estatal,6200032633,"Procesados y/o imputados por delitos del fuero común registrados en los órganos jurisdiccionales estatales en materia penal (funcionarios, directores y jefes) (primera instancia)",2013,-,Personas
26,Sonora,0,Estatal,6200032633,"Procesados y/o imputados por delitos del fuero común registrados en los órganos jurisdiccionales estatales en materia penal (funcionarios, directores y jefes) (primera instancia)",2014,24,Personas
26,Sonora,0,Estatal,6200032633,"Procesados y/o imputados por delitos del fuero común registrados en los órganos jurisdiccionales estatales en materia penal (funcionarios, directores y jefes) (primera instancia)",2015,31,Personas
26,Sonora,0,Estatal,6200032634,Sentenciados por delitos del fuero común registrados en los órganos jurisdiccionales estatales en materia penal (50 años o más) (primera instancia),2013,526,Personas
26,Sonora,0,Estatal,6200032634,Sentenciados por delitos del fuero común registrados en los órganos jurisdiccionales estatales en materia penal (50 años o más) (primera instancia),2014,191,Personas
26,Sonora,0,Estatal,6200032634,Sentenciados por delitos del fuero común registrados en los órganos jurisdiccionales estatales en materia penal (50 años o más) (primera instancia),2015,155,Personas
26,Sonora,0,Estatal,6200032635,Procesados y/o imputados por delitos del fuero común registrados en los órganos jurisdiccionales estatales en materia penal (autor material) (primera instancia),2013,-,Personas
26,Sonora,0,Estatal,6200032635,Procesados y/o imputados por delitos del fuero común registrados en los órganos jurisdiccionales estatales en materia penal (autor material) (primera instancia),2014,8296,Personas
26,Sonora,0,Estatal,6200032635,Procesados y/o imputados por delitos del fuero común registrados en los órganos jurisdiccionales estatales en materia penal (autor material) (primera instancia),2015,7059,Personas
26,Sonora,0,Estatal,6200032636,Procesados y/o imputados por delitos del fuero común registrados en los órganos jurisdiccionales estatales en materia penal (cómplice) (primera instancia),2013,-,Personas
26,Sonora,0,Estatal,6200032636,Procesados y/o imputados por delitos del fuero común registrados en los órganos jurisdiccionales estatales en materia penal (cómplice) (primera instancia),2014,13,Personas
26,Sonora,0,Estatal,6200032636,Procesados y/o imputados por delitos del fuero común registrados en los órganos jurisdiccionales estatales en materia penal (cómplice) (primera instancia),2015,7,Personas
26,Sonora,0,Estatal,6200032637,Sentenciados en sentido condenatorio por delitos del fuero común registrados en los órganos jurisdiccionales estatales en materia penal (encubridor) (primera instancia),2013,-,Personas
26,Sonora,0,Estatal,6200032637,Sentenciados en sentido condenatorio por delitos del fuero común registrados en los órganos jurisdiccionales estatales en materia penal (encubridor) (primera instancia),2014,1,Personas
26,Sonora,0,Estatal,6200032637,Sentenciados en sentido condenatorio por delitos del fuero común registrados en los órganos jurisdiccionales estatales en materia penal (encubridor) (primera instancia),2015,0,Personas
26,Sonora,0,Estatal,6200032638,Sentenciados en sentido condenatorio por delitos del fuero común registrados en los órganos jurisdiccionales estatales en materia penal (no especificado grado de participación) (primera instancia),2013,9636,Personas
26,Sonora,0,Estatal,6200032638,Sentenciados en sentido condenatorio por delitos del fuero común registrados en los órganos jurisdiccionales estatales en materia penal (no especificado grado de participación) (primera instancia),2014,0,Personas
26,Sonora,0,Estatal,6200032638,Sentenciados en sentido condenatorio por delitos del fuero común registrados en los órganos jurisdiccionales estatales en materia penal (no especificado grado de participación) (primera instancia),2015,0,Personas
26,Sonora,0,Estatal,6200032641,Sentenciados por delitos del fuero común registrados en los órganos jurisdiccionales estatales en materia penal (no identificado edad) (primera instancia),2013,275,Personas
26,Sonora,0,Estatal,6200032641,Sentenciados por delitos del fuero común registrados en los órganos jurisdiccionales estatales en materia penal (no identificado edad) (primera instancia),2014,78,Personas
26,Sonora,0,Estatal,6200032641,Sentenciados por delitos del fuero común registrados en los órganos jurisdiccionales estatales en materia penal (no identificado edad) (primera instancia),2015,151,Personas
26,Sonora,0,Estatal,6200032642,Procesados y/o imputados por delitos del fuero común registrados en los órganos jurisdiccionales estatales en materia penal (40 a 44 años) (primera instancia),2013,1506,Personas
26,Sonora,0,Estatal,6200032642,Procesados y/o imputados por delitos del fuero común registrados en los órganos jurisdiccionales estatales en materia penal (40 a 44 años) (primera instancia),2014,1216,Personas
26,Sonora,0,Estatal,6200032642,Procesados y/o imputados por delitos del fuero común registrados en los órganos jurisdiccionales estatales en materia penal (40 a 44 años) (primera instancia),2015,1131,Personas
26,Sonora,0,Estatal,6200032643,Procesados y/o imputados por delitos del fuero común registrados en los órganos jurisdiccionales estatales en materia penal (50 años o más) (primera instancia),2013,1010,Personas
26,Sonora,0,Estatal,6200032643,Procesados y/o imputados por delitos del fuero común registrados en los órganos jurisdiccionales estatales en materia penal (50 años o más) (primera instancia),2014,899,Personas
26,Sonora,0,Estatal,6200032643,Procesados y/o imputados por delitos del fuero común registrados en los órganos jurisdiccionales estatales en materia penal (50 años o más) (primera instancia),2015,788,Personas
26,Sonora,0,Estatal,6200032644,Sentenciados por delitos del fuero común registrados en los órganos jurisdiccionales estatales en materia penal (35 a 39 años) (primera instancia),2013,1286,Personas
26,Sonora,0,Estatal,6200032644,Sentenciados por delitos del fuero común registrados en los órganos jurisdiccionales estatales en materia penal (35 a 39 años) (primera instancia),2014,542,Personas
26,Sonora,0,Estatal,6200032644,Sentenciados por delitos del fuero común registrados en los órganos jurisdiccionales estatales en materia penal (35 a 39 años) (primera instancia),2015,417,Personas
26,Sonora,0,Estatal,6200032645,Sentenciados por delitos del fuero común registrados en los órganos jurisdiccionales estatales en materia penal (45 a 49 años) (primera instancia),2013,506,Personas
26,Sonora,0,Estatal,6200032645,Sentenciados por delitos del fuero común registrados en los órganos jurisdiccionales estatales en materia penal (45 a 49 años) (primera instancia),2014,205,Personas
26,Sonora,0,Estatal,6200032645,Sentenciados por delitos del fuero común registrados en los órganos jurisdiccionales estatales en materia penal (45 a 49 años) (primera instancia),2015,160,Personas
26,Sonora,0,Estatal,6200032646,Procesados y/o imputados por delitos del fuero común registrados en los órganos jurisdiccionales estatales en materia penal (trabajadores en actividades elementales y de apoyo) (primera instancia),2013,-,Personas
26,Sonora,0,Estatal,6200032646,Procesados y/o imputados por delitos del fuero común registrados en los órganos jurisdiccionales estatales en materia penal (trabajadores en actividades elementales y de apoyo) (primera instancia),2014,1612,Personas
26,Sonora,0,Estatal,6200032646,Procesados y/o imputados por delitos del fuero común registrados en los órganos jurisdiccionales estatales en materia penal (trabajadores en actividades elementales y de apoyo) (primera instancia),2015,1843,Personas
26,Sonora,0,Estatal,6200032647,Sentenciados por delitos del fuero común registrados en los órganos jurisdiccionales estatales en materia penal (18 a 24 años) (primera instancia),2013,2604,Personas
26,Sonora,0,Estatal,6200032647,Sentenciados por delitos del fuero común registrados en los órganos jurisdiccionales estatales en materia penal (18 a 24 años) (primera instancia),2014,1046,Personas
26,Sonora,0,Estatal,6200032647,Sentenciados por delitos del fuero común registrados en los órganos jurisdiccionales estatales en materia penal (18 a 24 años) (primera instancia),2015,899,Personas
26,Sonora,0,Estatal,6200032648,Sentenciados por delitos del fuero común registrados en los órganos jurisdiccionales estatales en materia penal (25 a 29 años) (primera instancia),2013,1759,Personas
26,Sonora,0,Estatal,6200032648,Sentenciados por delitos del fuero común registrados en los órganos jurisdiccionales estatales en materia penal (25 a 29 años) (primera instancia),2014,735,Personas
26,Sonora,0,Estatal,6200032648,Sentenciados por delitos del fuero común registrados en los órganos jurisdiccionales estatales en materia penal (25 a 29 años) (primera instancia),2015,575,Personas
26,Sonora,0,Estatal,6200032649,Procesados y/o imputados por delitos del fuero común registrados en los órganos jurisdiccionales estatales en materia penal (trabajadores en servicios personales y vigilancia) (primera instancia),2013,-,Personas
26,Sonora,0,Estatal,6200032649,Procesados y/o imputados por delitos del fuero común registrados en los órganos jurisdiccionales estatales en materia penal (trabajadores en servicios personales y vigilancia) (primera instancia),2014,2648,Personas
26,Sonora,0,Estatal,6200032649,Procesados y/o imputados por delitos del fuero común registrados en los órganos jurisdiccionales estatales en materia penal (trabajadores en servicios personales y vigilancia) (primera instancia),2015,2343,Personas
26,Sonora,0,Estatal,6200032652,Procesados y/o imputados por delitos del fuero común registrados en los órganos jurisdiccionales estatales en materia penal (coautoría material) (primera instancia),2013,-,Personas
26,Sonora,0,Estatal,6200032652,Procesados y/o imputados por delitos del fuero común registrados en los órganos jurisdiccionales estatales en materia penal (coautoría material) (primera instancia),2014,189,Personas
26,Sonora,0,Estatal,6200032652,Procesados y/o imputados por delitos del fuero común registrados en los órganos jurisdiccionales estatales en materia penal (coautoría material) (primera instancia),2015,104,Personas
26,Sonora,0,Estatal,6200032653,Procesados y/o imputados por delitos del fuero común registrados en los órganos jurisdiccionales estatales en materia penal (cómplice correspectivo) (primera instancia),2013,-,Personas
26,Sonora,0,Estatal,6200032653,Procesados y/o imputados por delitos del fuero común registrados en los órganos jurisdiccionales estatales en materia penal (cómplice correspectivo) (primera instancia),2014,0,Personas
26,Sonora,0,Estatal,6200032653,Procesados y/o imputados por delitos del fuero común registrados en los órganos jurisdiccionales estatales en materia penal (cómplice correspectivo) (primera instancia),2015,0,Personas
26,Sonora,0,Estatal,6200032654,Procesados y/o imputados por delitos del fuero común registrados en los órganos jurisdiccionales estatales en materia penal (maestría) (primera instancia),2013,-,Personas
26,Sonora,0,Estatal,6200032654,Procesados y/o imputados por delitos del fuero común registrados en los órganos jurisdiccionales estatales en materia penal (maestría) (primera instancia),2014,0,Personas
26,Sonora,0,Estatal,6200032654,Procesados y/o imputados por delitos del fuero común registrados en los órganos jurisdiccionales estatales en materia penal (maestría) (primera instancia),2015,0,Personas
26,Sonora,0,Estatal,6200032655,Procesados y/o imputados por delitos del fuero común registrados en los órganos jurisdiccionales estatales en materia penal (profesionistas y técnicos) (primera instancia),2013,-,Personas
26,Sonora,0,Estatal,6200032655,Procesados y/o imputados por delitos del fuero común registrados en los órganos jurisdiccionales estatales en materia penal (profesionistas y técnicos) (primera instancia),2014,252,Personas
26,Sonora,0,Estatal,6200032655,Procesados y/o imputados por delitos del fuero común registrados en los órganos jurisdiccionales estatales en materia penal (profesionistas y técnicos) (primera instancia),2015,277,Personas
26,Sonora,0,Estatal,6200032656,"Procesados y/o imputados por delitos del fuero común registrados en los órganos jurisdiccionales estatales en materia penal (trabajadores en actividades agrícolas, ganaderas, forestales, caza y pesca) (primera instancia)",2013,-,Personas
26,Sonora,0,Estatal,6200032656,"Procesados y/o imputados por delitos del fuero común registrados en los órganos jurisdiccionales estatales en materia penal (trabajadores en actividades agrícolas, ganaderas, forestales, caza y pesca) (primera instancia)",2014,1356,Personas
26,Sonora,0,Estatal,6200032656,"Procesados y/o imputados por delitos del fuero común registrados en los órganos jurisdiccionales estatales en materia penal (trabajadores en actividades agrícolas, ganaderas, forestales, caza y pesca) (primera instancia)",2015,1243,Personas
26,Sonora,0,Estatal,6200032657,Procesados y/o imputados por delitos del fuero común registrados en los órganos jurisdiccionales estatales en materia penal (doctorado) (primera instancia),2013,-,Personas
26,Sonora,0,Estatal,6200032657,Procesados y/o imputados por delitos del fuero común registrados en los órganos jurisdiccionales estatales en materia penal (doctorado) (primera instancia),2014,0,Personas
26,Sonora,0,Estatal,6200032657,Procesados y/o imputados por delitos del fuero común registrados en los órganos jurisdiccionales estatales en materia penal (doctorado) (primera instancia),2015,0,Personas
26,Sonora,0,Estatal,6200032658,Procesados y/o imputados por delitos del fuero común registrados en los órganos jurisdiccionales estatales en materia penal (no identificado grado de estudios) (primera instancia),2013,2768,Personas
26,Sonora,0,Estatal,6200032658,Procesados y/o imputados por delitos del fuero común registrados en los órganos jurisdiccionales estatales en materia penal (no identificado grado de estudios) (primera instancia),2014,2725,Personas
26,Sonora,0,Estatal,6200032658,Procesados y/o imputados por delitos del fuero común registrados en los órganos jurisdiccionales estatales en materia penal (no identificado grado de estudios) (primera instancia),2015,2199,Personas
26,Sonora,0,Estatal,6200032659,Procesados y/o imputados por delitos del fuero común registrados en los órganos jurisdiccionales estatales en materia penal (no ejercía alguna ocupación) (primera instancia),2013,-,Personas
26,Sonora,0,Estatal,6200032659,Procesados y/o imputados por delitos del fuero común registrados en los órganos jurisdiccionales estatales en materia penal (no ejercía alguna ocupación) (primera instancia),2014,1337,Personas
26,Sonora,0,Estatal,6200032659,Procesados y/o imputados por delitos del fuero común registrados en los órganos jurisdiccionales estatales en materia penal (no ejercía alguna ocupación) (primera instancia),2015,1193,Personas
26,Sonora,0,Estatal,6200032660,Procesados y/o imputados por delitos del fuero común registrados en los órganos jurisdiccionales estatales en materia penal (no especificado ocupación) (primera instancia),2013,0,Personas
26,Sonora,0,Estatal,6200032660,Procesados y/o imputados por delitos del fuero común registrados en los órganos jurisdiccionales estatales en materia penal (no especificado ocupación) (primera instancia),2014,0,Personas
26,Sonora,0,Estatal,6200032660,Procesados y/o imputados por delitos del fuero común registrados en los órganos jurisdiccionales estatales en materia penal (no especificado ocupación) (primera instancia),2015,0,Personas
26,Sonora,0,Estatal,6200032661,Sentenciados por delitos del fuero común registrados en los órganos jurisdiccionales estatales en materia penal (no especificado) (primera instancia),2013,0,Personas
26,Sonora,0,Estatal,6200032661,Sentenciados por delitos del fuero común registrados en los órganos jurisdiccionales estatales en materia penal (no especificado) (primera instancia),2014,0,Personas
26,Sonora,0,Estatal,6200032661,Sentenciados por delitos del fuero común registrados en los órganos jurisdiccionales estatales en materia penal (no especificado) (primera instancia),2015,0,Personas
26,Sonora,0,Estatal,6200032662,Sentenciados por delitos del fuero común registrados en los órganos jurisdiccionales estatales en materia penal (licenciatura) (primera instancia),2013,357,Personas
26,Sonora,0,Estatal,6200032662,Sentenciados por delitos del fuero común registrados en los órganos jurisdiccionales estatales en materia penal (licenciatura) (primera instancia),2014,576,Personas
26,Sonora,0,Estatal,6200032662,Sentenciados por delitos del fuero común registrados en los órganos jurisdiccionales estatales en materia penal (licenciatura) (primera instancia),2015,488,Personas
26,Sonora,0,Estatal,6200032663,Procesados y/o imputados por delitos del fuero común registrados en los órganos jurisdiccionales estatales en materia penal (otro) (primera instancia),2013,0,Personas
26,Sonora,0,Estatal,6200032663,Procesados y/o imputados por delitos del fuero común registrados en los órganos jurisdiccionales estatales en materia penal (otro) (primera instancia),2014,0,Personas
26,Sonora,0,Estatal,6200032663,Procesados y/o imputados por delitos del fuero común registrados en los órganos jurisdiccionales estatales en materia penal (otro) (primera instancia),2015,0,Personas
26,Sonora,0,Estatal,6200032664,Procesados y/o imputados por delitos del fuero común registrados en los órganos jurisdiccionales estatales en materia penal (no identificado edad) (primera instancia),2013,1529,Personas
26,Sonora,0,Estatal,6200032664,Procesados y/o imputados por delitos del fuero común registrados en los órganos jurisdiccionales estatales en materia penal (no identificado edad) (primera instancia),2014,1581,Personas
26,Sonora,0,Estatal,6200032664,Procesados y/o imputados por delitos del fuero común registrados en los órganos jurisdiccionales estatales en materia penal (no identificado edad) (primera instancia),2015,1413,Personas
26,Sonora,0,Estatal,6200032665,"Procesados y/o imputados por delitos del fuero común registrados en los órganos jurisdiccionales estatales en materia penal (operadores de maquinaria industrial, ensambladores, choferes y conductores de transporte) (primera instancia)",2013,-,Personas
26,Sonora,0,Estatal,6200032665,"Procesados y/o imputados por delitos del fuero común registrados en los órganos jurisdiccionales estatales en materia penal (operadores de maquinaria industrial, ensambladores, choferes y conductores de transporte) (primera instancia)",2014,677,Personas
26,Sonora,0,Estatal,6200032665,"Procesados y/o imputados por delitos del fuero común registrados en los órganos jurisdiccionales estatales en materia penal (operadores de maquinaria industrial, ensambladores, choferes y conductores de transporte) (primera instancia)",2015,315,Personas
26,Sonora,0,Estatal,6200032666,Procesados y/o imputados por delitos del fuero común registrados en los órganos jurisdiccionales estatales en materia penal (instigador) (primera instancia),2013,-,Personas
26,Sonora,0,Estatal,6200032666,Procesados y/o imputados por delitos del fuero común registrados en los órganos jurisdiccionales estatales en materia penal (instigador) (primera instancia),2014,1,Personas
26,Sonora,0,Estatal,6200032666,Procesados y/o imputados por delitos del fuero común registrados en los órganos jurisdiccionales estatales en materia penal (instigador) (primera instancia),2015,1,Personas
26,Sonora,0,Estatal,6200032667,Procesados y/o imputados por delitos del fuero común registrados en los órganos jurisdiccionales estatales en materia penal (35 a 39 años) (primera instancia),2013,2112,Personas
26,Sonora,0,Estatal,6200032667,Procesados y/o imputados por delitos del fuero común registrados en los órganos jurisdiccionales estatales en materia penal (35 a 39 años) (primera instancia),2014,1752,Personas
26,Sonora,0,Estatal,6200032667,Procesados y/o imputados por delitos del fuero común registrados en los órganos jurisdiccionales estatales en materia penal (35 a 39 años) (primera instancia),2015,1496,Personas
26,Sonora,0,Estatal,6200032668,Sentenciados por delitos del fuero común registrados en los órganos jurisdiccionales estatales en materia penal (30 a 34 años) (primera instancia),2013,1649,Personas
26,Sonora,0,Estatal,6200032668,Sentenciados por delitos del fuero común registrados en los órganos jurisdiccionales estatales en materia penal (30 a 34 años) (primera instancia),2014,710,Personas
26,Sonora,0,Estatal,6200032668,Sentenciados por delitos del fuero común registrados en los órganos jurisdiccionales estatales en materia penal (30 a 34 años) (primera instancia),2015,562,Personas

