﻿cve_entidad,desc_entidad,cve_municipio,desc_municipio,id_indicador,indicador,año,valor,unidad_medida
26,Sonora,0,Estatal,6200240327,Percentage of the international migrant population to the United States of America.,2014,84.9,Percentage
26,Sonora,0,Estatal,6200240327,Percentage of the international migrant population to the United States of America.,2018,94.7,Percentage
26,Sonora,0,Estatal,6200240370,Percentage of the population aged 5 and older who are residents of the state five years before.,2014,96,Percentage
26,Sonora,0,Estatal,6200240370,Percentage of the population aged 5 and older who are residents of the state five years before.,2018,95.6,Percentage
26,Sonora,0,Estatal,6200240461,Net migration balance of the population aged 5 years and over.,2014,0.9,Percentage
26,Sonora,0,Estatal,6200240461,Net migration balance of the population aged 5 years and over.,2018,1.1,Percentage
26,Sonora,0,Estatal,6200240501,Population percentage aged 5 years and over living in another state five years before.,2014,2.9,Percentage
26,Sonora,0,Estatal,6200240501,Population percentage aged 5 years and over living in another state five years before.,2018,3.6,Percentage
26,Sonora,0,Estatal,6200240502,Percentage of the population aged 5 and older who reside in another country five years before.,2014,1.1,Percentage
26,Sonora,0,Estatal,6200240502,Percentage of the population aged 5 and older who reside in another country five years before.,2018,0.7,Percentage

