﻿id_indicador,nombre,año,notas
6200240327,Porcentaje de la población emigrante internacional a los Estados Unidos de América,2018,De agosto de 2013 al 5 de octubre de 2018.
6200240327,Porcentaje de la población emigrante internacional a los Estados Unidos de América,2014,De agosto de 2009 a septiembre de 2014.
6200240349,Porcentaje de la población emigrante internacional al resto del mundo,2018,De agosto de 2013 al 5 de octubre de 2018.
6200240349,Porcentaje de la población emigrante internacional al resto del mundo,2014,De agosto de 2009 a septiembre de 2014.
6200240350,Porcentaje de población emigrantes internacionales por causa no especificada,2018,De agosto de 2013 al 5 de octubre de 2018.
6200240350,Porcentaje de población emigrantes internacionales por causa no especificada,2014,De agosto de 2009 a septiembre de 2014.
6200240370,Porcentaje de la población de 5 y más años residentes en la entidad cinco años antes,2018,Lugar de residencia en agosto de 2013.
6200240370,Porcentaje de la población de 5 y más años residentes en la entidad cinco años antes,2014,Lugar de residencia en agosto de 2009
6200240373,Porcentaje de población emigrantes internacionales para buscar trabajo o trabajar,2018,De agosto de 2013 al 5 de octubre de 2018.
6200240373,Porcentaje de población emigrantes internacionales para buscar trabajo o trabajar,2014,De agosto de 2009 a septiembre de 2014.
6200240404,Porcentaje de población emigrantes internacionales por inseguridad pública o violencia,2018,De agosto de 2013 al 5 de octubre de 2018.
6200240404,Porcentaje de población emigrantes internacionales por inseguridad pública o violencia,2014,De agosto de 2009 a septiembre de 2014.
6200240415,Porcentaje de la población emigrante internacional a países no especificados,2018,De agosto de 2013 al 5 de octubre de 2018.
6200240415,Porcentaje de la población emigrante internacional a países no especificados,2014,De agosto de 2009 a septiembre de 2014.
6200240437,Porcentaje de población emigrantes internacionales por regularización migratoria,2018,De agosto de 2013 al 5 de octubre de 2018.
6200240437,Porcentaje de población emigrantes internacionales por regularización migratoria,2014,De agosto de 2009 a septiembre de 2014.
6200240461,Saldo neto migratorio de la población de 5 y más años,2014,"Diferencia entre inmigrantes y emigrantes en una determinada entidad federativa y se excluye a las personas que no especificaron su lugar de residencia en agosto de 2009, y a quienes en 2009 vivían en otro país."
6200240485,Porcentaje de la población emigrante internacional a España,2018,De agosto de 2013 al 5 de octubre de 2018.
6200240485,Porcentaje de la población emigrante internacional a España,2014,De agosto de 2009 a septiembre de 2014.
6200240501,Porcentaje de la población de 5 y más años residentes en otra entidad cinco años antes,2018,Lugar de residencia en agosto de 2013.
6200240501,Porcentaje de la población de 5 y más años residentes en otra entidad cinco años antes,2014,Lugar de residencia en agosto de 2009
6200240502,Porcentaje de la población de 5 y más años residentes en otro país cinco años antes,2018,Lugar de residencia en agosto de 2013.
6200240502,Porcentaje de la población de 5 y más años residentes en otro país cinco años antes,2014,Lugar de residencia en agosto de 2009
6200240516,Porcentaje de la población emigrante internacional a Canadá,2018,De agosto de 2013 al 5 de octubre de 2018.
6200240516,Porcentaje de la población emigrante internacional a Canadá,2014,De agosto de 2009 a septiembre de 2014.
6200240528,Porcentaje de población emigrantes internacionales por estudios,2018,De agosto de 2013 al 5 de octubre de 2018.
6200240528,Porcentaje de población emigrantes internacionales por estudios,2014,De agosto de 2009 a septiembre de 2014.
6200240541,Porcentaje de población emigrantes internacionales por otro motivo,2018,De agosto de 2013 al 5 de octubre de 2018.
6200240541,Porcentaje de población emigrantes internacionales por otro motivo,2014,De agosto de 2009 a septiembre de 2014.
6200240543,Porcentaje de población emigrantes internacionales para reunirse con la familia,2018,De agosto de 2013 al 5 de octubre de 2018.
6200240543,Porcentaje de población emigrantes internacionales para reunirse con la familia,2014,De agosto de 2009 a septiembre de 2014.

