﻿cve_entidad,desc_entidad,cve_municipio,desc_municipio,id_indicador,indicador,año,valor,unidad_medida
26,Sonora,0,Estatal,6200240327,Porcentaje de la población emigrante internacional a los Estados Unidos de América,2014,84.9,Porcentaje
26,Sonora,0,Estatal,6200240327,Porcentaje de la población emigrante internacional a los Estados Unidos de América,2018,94.7,Porcentaje
26,Sonora,0,Estatal,6200240370,Porcentaje de la población de 5 y más años residentes en la entidad cinco años antes,2014,96,Porcentaje
26,Sonora,0,Estatal,6200240370,Porcentaje de la población de 5 y más años residentes en la entidad cinco años antes,2018,95.6,Porcentaje
26,Sonora,0,Estatal,6200240461,Saldo neto migratorio de la población de 5 y más años,2014,0.9,Porcentaje
26,Sonora,0,Estatal,6200240461,Saldo neto migratorio de la población de 5 y más años,2018,1.1,Porcentaje
26,Sonora,0,Estatal,6200240501,Porcentaje de la población de 5 y más años residentes en otra entidad cinco años antes,2014,2.9,Porcentaje
26,Sonora,0,Estatal,6200240501,Porcentaje de la población de 5 y más años residentes en otra entidad cinco años antes,2018,3.6,Porcentaje
26,Sonora,0,Estatal,6200240502,Porcentaje de la población de 5 y más años residentes en otro país cinco años antes,2014,1.1,Porcentaje
26,Sonora,0,Estatal,6200240502,Porcentaje de la población de 5 y más años residentes en otro país cinco años antes,2018,0.7,Porcentaje

