﻿id_indicador,nombre,año,notas
6200000607,Personal en las agencias del Ministerio Público del fuero común de las procuradurías y fiscalías generales de justicia (policías judiciales o ministeriales),2014,La Procuraduría General de Justicia del estado determinó esta información como confidencial y reservada.
6200000607,Personal en las agencias del Ministerio Público del fuero común de las procuradurías y fiscalías generales de justicia (policías judiciales o ministeriales),2013,La Procuraduría General de Justicia del estado determinó esta información como confidencial y reservada.
6200000607,Personal en las agencias del Ministerio Público del fuero común de las procuradurías y fiscalías generales de justicia (policías judiciales o ministeriales),2012,La Procuraduría General de Justicia del estado determinó esta información como confidencial y reservada.

